Date,Open,High,Low,Close,Adj Close,Volume
2025-08-20 01:00:00+00:00,13.960000038146973,13.960000038146973,13.960000038146973,13.960000038146973,0,0.0,0.0,0.0
2025-08-20 01:05:00+00:00,13.90999984741211,13.90999984741211,13.90999984741211,13.90999984741211,21112,0.0,0.0,0.0
2025-08-20 01:10:00+00:00,13.869999885559082,13.880000114440918,13.859999656677246,13.880000114440918,24028,0.0,0.0,0.0
2025-08-20 01:15:00+00:00,13.90999984741211,13.90999984741211,13.90999984741211,13.90999984741211,1028,0.0,0.0,0.0
2025-08-20 01:20:00+00:00,13.899999618530273,13.899999618530273,13.859999656677246,13.859999656677246,10027,0.0,0.0,0.0
2025-08-20 01:25:00+00:00,13.850000381469727,13.850000381469727,13.819999694824219,13.819999694824219,45056,0.0,0.0,0.0
2025-08-20 01:30:00+00:00,13.8100004196167,13.8100004196167,13.760000228881836,13.760000228881836,17364,0.0,0.0,0.0
2025-08-20 01:35:00+00:00,13.75,13.75,13.710000038146973,13.710000038146973,12175,0.0,0.0,0.0
2025-08-20 02:05:00+00:00,13.8100004196167,13.8100004196167,13.789999961853027,13.789999961853027,15138,0.0,0.0,0.0
2025-08-20 02:10:00+00:00,13.789999961853027,13.789999961853027,13.789999961853027,13.789999961853027,2277,0.0,0.0,0.0
2025-08-20 02:55:00+00:00,13.819999694824219,13.819999694824219,13.8100004196167,13.8100004196167,12028,0.0,0.0,0.0
2025-08-20 03:00:00+00:00,13.8100004196167,13.8100004196167,13.8100004196167,13.8100004196167,5548,0.0,0.0,0.0
2025-08-20 03:40:00+00:00,13.829999923706055,13.829999923706055,13.829999923706055,13.829999923706055,1084,0.0,0.0,0.0
2025-08-20 03:50:00+00:00,13.819999694824219,13.819999694824219,13.819999694824219,13.819999694824219,1055,0.0,0.0,0.0
2025-08-20 04:00:00+00:00,13.800000190734863,13.800000190734863,13.800000190734863,13.800000190734863,7063,0.0,0.0,0.0
2025-08-20 04:10:00+00:00,13.789999961853027,13.789999961853027,13.789999961853027,13.789999961853027,1056,0.0,0.0,0.0
2025-08-20 04:15:00+00:00,13.800000190734863,13.800000190734863,13.800000190734863,13.800000190734863,30136,0.0,0.0,0.0
2025-08-20 04:35:00+00:00,13.819999694824219,13.819999694824219,13.819999694824219,13.819999694824219,1109,0.0,0.0,0.0
2025-08-20 05:00:00+00:00,13.8100004196167,13.8100004196167,13.800000190734863,13.800000190734863,18313,0.0,0.0,0.0
2025-08-20 05:05:00+00:00,13.789999961853027,13.789999961853027,13.789999961853027,13.789999961853027,3115,0.0,0.0,0.0
2025-08-20 05:10:00+00:00,13.789999961853027,13.789999961853027,13.789999961853027,13.789999961853027,1028,0.0,0.0,0.0
2025-08-20 05:20:00+00:00,13.789999961853027,13.789999961853027,13.779999732971191,13.779999732971191,101278,0.0,0.0,0.0
2025-08-21 01:00:00+00:00,13.899999618530273,13.899999618530273,13.899999618530273,13.899999618530273,0,0.0,0.0,0.0
2025-08-21 01:05:00+00:00,13.970000267028809,13.970000267028809,13.930000305175781,13.930000305175781,2208,0.0,0.0,0.0
2025-08-21 01:25:00+00:00,13.979999542236328,13.979999542236328,13.979999542236328,13.979999542236328,37063,0.0,0.0,0.0
2025-08-21 01:40:00+00:00,14.0,14.0,14.0,14.0,2017,0.0,0.0,0.0
2025-08-21 01:55:00+00:00,14.0,14.0,14.0,14.0,1008,0.0,0.0,0.0
2025-08-21 02:05:00+00:00,13.979999542236328,13.979999542236328,13.979999542236328,13.979999542236328,1187,0.0,0.0,0.0
2025-08-21 02:10:00+00:00,13.960000038146973,13.960000038146973,13.930000305175781,13.930000305175781,132004,0.0,0.0,0.0
2025-08-21 02:15:00+00:00,13.930000305175781,13.930000305175781,13.930000305175781,13.930000305175781,2937,0.0,0.0,0.0
2025-08-21 03:00:00+00:00,13.90999984741211,13.90999984741211,13.90999984741211,13.90999984741211,1005,0.0,0.0,0.0
2025-08-21 03:05:00+00:00,13.930000305175781,13.930000305175781,13.930000305175781,13.930000305175781,1030,0.0,0.0,0.0
2025-08-21 03:35:00+00:00,13.949999809265137,13.949999809265137,13.949999809265137,13.949999809265137,10207,0.0,0.0,0.0
2025-08-21 04:05:00+00:00,13.949999809265137,13.949999809265137,13.949999809265137,13.949999809265137,1319,0.0,0.0,0.0
2025-08-21 05:00:00+00:00,13.949999809265137,13.949999809265137,13.949999809265137,13.949999809265137,100764,0.0,0.0,0.0
2025-08-22 01:00:00+00:00,14.010000228881836,14.010000228881836,14.010000228881836,14.010000228881836,0,0.0,0.0,0.0
2025-08-22 01:05:00+00:00,14.010000228881836,14.010000228881836,13.989999771118164,13.989999771118164,51001,0.0,0.0,0.0
2025-08-22 01:15:00+00:00,13.989999771118164,14.010000228881836,13.989999771118164,14.010000228881836,32000,0.0,0.0,0.0
2025-08-22 01:25:00+00:00,13.970000267028809,13.970000267028809,13.970000267028809,13.970000267028809,4001,0.0,0.0,0.0
2025-08-22 01:35:00+00:00,14.0,14.010000228881836,14.0,14.010000228881836,13000,0.0,0.0,0.0
2025-08-22 01:40:00+00:00,14.020000457763672,14.020000457763672,14.020000457763672,14.020000457763672,10001,0.0,0.0,0.0
2025-08-22 01:45:00+00:00,14.020000457763672,14.020000457763672,14.020000457763672,14.020000457763672,6050,0.0,0.0,0.0
2025-08-22 01:50:00+00:00,14.029999732971191,14.029999732971191,14.029999732971191,14.029999732971191,2143,0.0,0.0,0.0
2025-08-22 02:10:00+00:00,14.020000457763672,14.029999732971191,14.020000457763672,14.029999732971191,6001,0.0,0.0,0.0
2025-08-22 02:20:00+00:00,14.029999732971191,14.029999732971191,14.029999732971191,14.029999732971191,1005,0.0,0.0,0.0
2025-08-22 02:40:00+00:00,14.029999732971191,14.029999732971191,14.029999732971191,14.029999732971191,1001,0.0,0.0,0.0
2025-08-22 02:55:00+00:00,14.039999961853027,14.050000190734863,14.039999961853027,14.050000190734863,2002,0.0,0.0,0.0
2025-08-22 03:35:00+00:00,14.039999961853027,14.039999961853027,14.039999961853027,14.039999961853027,2001,0.0,0.0,0.0
2025-08-22 03:40:00+00:00,14.010000228881836,14.029999732971191,14.010000228881836,14.029999732971191,4051,0.0,0.0,0.0
2025-08-22 03:50:00+00:00,14.0,14.0,14.0,14.0,1257,0.0,0.0,0.0
2025-08-22 04:45:00+00:00,13.930000305175781,13.930000305175781,13.930000305175781,13.930000305175781,1000,0.0,0.0,0.0
2025-08-22 04:55:00+00:00,13.960000038146973,13.960000038146973,13.930000305175781,13.930000305175781,102055,0.0,0.0,0.0
2025-08-22 05:10:00+00:00,13.9399995803833,13.9399995803833,13.9399995803833,13.9399995803833,25002,0.0,0.0,0.0
2025-08-25 01:00:00+00:00,14.109999656677246,14.109999656677246,14.109999656677246,14.109999656677246,0,0.0,0.0,0.0
2025-08-25 01:05:00+00:00,14.119999885559082,14.130000114440918,14.119999885559082,14.130000114440918,27682,0.0,0.0,0.0
2025-08-25 01:10:00+00:00,14.130000114440918,14.130000114440918,14.130000114440918,14.130000114440918,11017,0.0,0.0,0.0
2025-08-25 01:15:00+00:00,14.130000114440918,14.130000114440918,14.130000114440918,14.130000114440918,1053,0.0,0.0,0.0
2025-08-25 01:25:00+00:00,14.130000114440918,14.130000114440918,14.130000114440918,14.130000114440918,39435,0.0,0.0,0.0
2025-08-25 01:30:00+00:00,14.149999618530273,14.149999618530273,14.149999618530273,14.149999618530273,14066,0.0,0.0,0.0
2025-08-25 01:50:00+00:00,14.119999885559082,14.119999885559082,14.119999885559082,14.119999885559082,3135,0.0,0.0,0.0
2025-08-25 02:05:00+00:00,14.130000114440918,14.140000343322754,14.130000114440918,14.140000343322754,12042,0.0,0.0,0.0
2025-08-25 02:10:00+00:00,14.149999618530273,14.149999618530273,14.149999618530273,14.149999618530273,6035,0.0,0.0,0.0
2025-08-25 02:20:00+00:00,14.149999618530273,14.149999618530273,14.149999618530273,14.149999618530273,1052,0.0,0.0,0.0
2025-08-25 02:30:00+00:00,14.149999618530273,14.149999618530273,14.149999618530273,14.149999618530273,1426,0.0,0.0,0.0
2025-08-25 03:30:00+00:00,14.140000343322754,14.140000343322754,14.140000343322754,14.140000343322754,5535,0.0,0.0,0.0
2025-08-25 05:05:00+00:00,14.140000343322754,14.140000343322754,14.140000343322754,14.140000343322754,13088,0.0,0.0,0.0
2025-08-25 05:20:00+00:00,14.140000343322754,14.140000343322754,14.140000343322754,14.140000343322754,2014,0.0,0.0,0.0
2025-08-26 01:00:00+00:00,14.1899995803833,14.199999809265137,14.1899995803833,14.199999809265137,0,0.0,0.0,0.0
2025-08-26 01:05:00+00:00,14.229999542236328,14.229999542236328,14.229999542236328,14.229999542236328,1551,0.0,0.0,0.0
2025-08-26 01:15:00+00:00,14.229999542236328,14.229999542236328,14.229999542236328,14.229999542236328,16004,0.0,0.0,0.0
2025-08-26 01:20:00+00:00,14.229999542236328,14.239999771118164,14.229999542236328,14.239999771118164,12000,0.0,0.0,0.0
2025-08-26 01:25:00+00:00,14.239999771118164,14.25,14.239999771118164,14.25,12039,0.0,0.0,0.0
2025-08-26 01:30:00+00:00,14.25,14.25,14.25,14.25,32000,0.0,0.0,0.0
2025-08-26 01:35:00+00:00,14.260000228881836,14.270000457763672,14.260000228881836,14.270000457763672,8004,0.0,0.0,0.0
2025-08-26 01:40:00+00:00,14.270000457763672,14.289999961853027,14.270000457763672,14.289999961853027,5002,0.0,0.0,0.0
2025-08-26 01:45:00+00:00,14.289999961853027,14.289999961853027,14.289999961853027,14.289999961853027,1002,0.0,0.0,0.0
2025-08-26 01:50:00+00:00,14.289999961853027,14.289999961853027,14.289999961853027,14.289999961853027,12000,0.0,0.0,0.0
2025-08-26 01:55:00+00:00,14.289999961853027,14.289999961853027,14.279999732971191,14.279999732971191,214000,0.0,0.0,0.0
2025-08-26 02:05:00+00:00,14.289999961853027,14.3100004196167,14.289999961853027,14.3100004196167,33000,0.0,0.0,0.0
2025-08-26 02:20:00+00:00,14.3100004196167,14.3100004196167,14.3100004196167,14.3100004196167,4000,0.0,0.0,0.0
2025-08-26 02:30:00+00:00,14.319999694824219,14.319999694824219,14.319999694824219,14.319999694824219,11010,0.0,0.0,0.0
2025-08-26 02:45:00+00:00,14.319999694824219,14.319999694824219,14.319999694824219,14.319999694824219,3003,0.0,0.0,0.0
2025-08-26 02:55:00+00:00,14.319999694824219,14.319999694824219,14.319999694824219,14.319999694824219,26000,0.0,0.0,0.0
2025-08-26 03:00:00+00:00,14.300000190734863,14.300000190734863,14.300000190734863,14.300000190734863,10020,0.0,0.0,0.0
2025-08-26 03:20:00+00:00,14.300000190734863,14.300000190734863,14.300000190734863,14.300000190734863,1000,0.0,0.0,0.0
2025-08-26 04:10:00+00:00,14.289999961853027,14.300000190734863,14.289999961853027,14.300000190734863,5000,0.0,0.0,0.0
2025-08-26 04:15:00+00:00,14.3100004196167,14.3100004196167,14.3100004196167,14.3100004196167,1000,0.0,0.0,0.0
2025-08-26 04:25:00+00:00,14.3100004196167,14.3100004196167,14.3100004196167,14.3100004196167,1000,0.0,0.0,0.0
2025-08-26 04:30:00+00:00,14.3100004196167,14.319999694824219,14.3100004196167,14.319999694824219,17751,0.0,0.0,0.0
2025-08-26 04:55:00+00:00,14.3100004196167,14.3100004196167,14.3100004196167,14.3100004196167,2214,0.0,0.0,0.0
2025-08-27 01:00:00+00:00,14.390000343322754,14.399999618530273,14.390000343322754,14.399999618530273,0,0.0,0.0,0.0
2025-08-27 01:05:00+00:00,14.420000076293945,14.420000076293945,14.420000076293945,14.420000076293945,12787,0.0,0.0,0.0
2025-08-27 01:10:00+00:00,14.430000305175781,14.4399995803833,14.430000305175781,14.4399995803833,9003,0.0,0.0,0.0
2025-08-27 01:15:00+00:00,14.449999809265137,14.460000038146973,14.449999809265137,14.460000038146973,192003,0.0,0.0,0.0
2025-08-27 01:20:00+00:00,14.460000038146973,14.470000267028809,14.460000038146973,14.460000038146973,61538,0.0,0.0,0.0
2025-08-27 01:25:00+00:00,14.470000267028809,14.479999542236328,14.470000267028809,14.479999542236328,12931,0.0,0.0,0.0
2025-08-27 01:30:00+00:00,14.479999542236328,14.5,14.479999542236328,14.489999771118164,97478,0.0,0.0,0.0
2025-08-27 01:35:00+00:00,14.510000228881836,14.520000457763672,14.510000228881836,14.520000457763672,6433,0.0,0.0,0.0
2025-08-27 01:45:00+00:00,14.520000457763672,14.520000457763672,14.520000457763672,14.520000457763672,16000,0.0,0.0,0.0
2025-08-27 01:50:00+00:00,14.520000457763672,14.520000457763672,14.520000457763672,14.520000457763672,14002,0.0,0.0,0.0
2025-08-27 01:55:00+00:00,14.520000457763672,14.520000457763672,14.510000228881836,14.510000228881836,6106,0.0,0.0,0.0
2025-08-27 02:00:00+00:00,14.520000457763672,14.520000457763672,14.520000457763672,14.520000457763672,1003,0.0,0.0,0.0
2025-08-27 02:05:00+00:00,14.520000457763672,14.520000457763672,14.520000457763672,14.520000457763672,15003,0.0,0.0,0.0
2025-08-27 02:10:00+00:00,14.510000228881836,14.510000228881836,14.510000228881836,14.510000228881836,2006,0.0,0.0,0.0
2025-08-27 02:20:00+00:00,14.529999732971191,14.529999732971191,14.529999732971191,14.529999732971191,2003,0.0,0.0,0.0
2025-08-27 02:25:00+00:00,14.529999732971191,14.529999732971191,14.529999732971191,14.529999732971191,9012,0.0,0.0,0.0
2025-08-27 02:35:00+00:00,14.520000457763672,14.520000457763672,14.520000457763672,14.520000457763672,4000,0.0,0.0,0.0
2025-08-27 02:40:00+00:00,14.520000457763672,14.520000457763672,14.520000457763672,14.520000457763672,4005,0.0,0.0,0.0
2025-08-27 02:50:00+00:00,14.520000457763672,14.520000457763672,14.520000457763672,14.520000457763672,5009,0.0,0.0,0.0
2025-08-27 03:00:00+00:00,14.520000457763672,14.520000457763672,14.520000457763672,14.520000457763672,8550,0.0,0.0,0.0
2025-08-27 03:15:00+00:00,14.529999732971191,14.529999732971191,14.529999732971191,14.529999732971191,54006,0.0,0.0,0.0
2025-08-27 03:20:00+00:00,14.520000457763672,14.529999732971191,14.520000457763672,14.529999732971191,36263,0.0,0.0,0.0
2025-08-27 03:35:00+00:00,14.539999961853027,14.539999961853027,14.539999961853027,14.539999961853027,14712,0.0,0.0,0.0
2025-08-27 04:15:00+00:00,14.520000457763672,14.520000457763672,14.520000457763672,14.520000457763672,9058,0.0,0.0,0.0
2025-08-27 04:25:00+00:00,14.510000228881836,14.510000228881836,14.510000228881836,14.510000228881836,13045,0.0,0.0,0.0
2025-08-27 04:30:00+00:00,14.510000228881836,14.510000228881836,14.5,14.5,29000,0.0,0.0,0.0
2025-08-27 04:40:00+00:00,14.520000457763672,14.520000457763672,14.520000457763672,14.520000457763672,12000,0.0,0.0,0.0
2025-08-27 04:50:00+00:00,14.520000457763672,14.520000457763672,14.510000228881836,14.510000228881836,16184,0.0,0.0,0.0
2025-08-27 04:55:00+00:00,14.520000457763672,14.520000457763672,14.520000457763672,14.520000457763672,25346,0.0,0.0,0.0
2025-08-27 05:05:00+00:00,14.520000457763672,14.520000457763672,14.520000457763672,14.520000457763672,11682,0.0,0.0,0.0
2025-08-27 05:20:00+00:00,14.520000457763672,14.520000457763672,14.520000457763672,14.520000457763672,10003,0.0,0.0,0.0
2025-08-28 01:00:00+00:00,14.520000457763672,14.520000457763672,14.520000457763672,14.520000457763672,0,0.0,0.0,0.0
2025-08-28 01:05:00+00:00,14.5600004196167,14.59000015258789,14.5600004196167,14.59000015258789,8131,0.0,0.0,0.0
2025-08-28 01:10:00+00:00,14.600000381469727,14.630000114440918,14.600000381469727,14.630000114440918,7541,0.0,0.0,0.0
2025-08-28 01:20:00+00:00,14.609999656677246,14.609999656677246,14.600000381469727,14.600000381469727,51048,0.0,0.0,0.0
2025-08-28 01:25:00+00:00,14.569999694824219,14.579999923706055,14.569999694824219,14.579999923706055,5000,0.0,0.0,0.0
2025-08-28 01:30:00+00:00,14.600000381469727,14.630000114440918,14.600000381469727,14.630000114440918,22001,0.0,0.0,0.0
2025-08-28 01:35:00+00:00,14.630000114440918,14.630000114440918,14.630000114440918,14.630000114440918,8059,0.0,0.0,0.0
2025-08-28 01:40:00+00:00,14.630000114440918,14.630000114440918,14.630000114440918,14.630000114440918,22000,0.0,0.0,0.0
2025-08-28 01:45:00+00:00,14.630000114440918,14.630000114440918,14.630000114440918,14.630000114440918,13001,0.0,0.0,0.0
2025-08-28 01:50:00+00:00,14.630000114440918,14.630000114440918,14.630000114440918,14.630000114440918,10000,0.0,0.0,0.0
2025-08-28 01:55:00+00:00,14.630000114440918,14.630000114440918,14.630000114440918,14.630000114440918,1000,0.0,0.0,0.0
2025-08-28 02:00:00+00:00,14.630000114440918,14.630000114440918,14.630000114440918,14.630000114440918,2001,0.0,0.0,0.0
2025-08-28 02:05:00+00:00,14.630000114440918,14.630000114440918,14.630000114440918,14.630000114440918,10001,0.0,0.0,0.0
2025-08-28 02:10:00+00:00,14.630000114440918,14.649999618530273,14.630000114440918,14.649999618530273,28100,0.0,0.0,0.0
2025-08-28 02:15:00+00:00,14.640000343322754,14.649999618530273,14.640000343322754,14.649999618530273,20102,0.0,0.0,0.0
2025-08-28 02:35:00+00:00,14.640000343322754,14.640000343322754,14.640000343322754,14.640000343322754,5000,0.0,0.0,0.0
2025-08-28 02:40:00+00:00,14.640000343322754,14.640000343322754,14.640000343322754,14.640000343322754,4437,0.0,0.0,0.0
2025-08-28 02:45:00+00:00,14.640000343322754,14.640000343322754,14.640000343322754,14.640000343322754,11000,0.0,0.0,0.0
2025-08-28 02:50:00+00:00,14.640000343322754,14.640000343322754,14.640000343322754,14.640000343322754,2001,0.0,0.0,0.0
2025-08-28 02:55:00+00:00,14.649999618530273,14.649999618530273,14.649999618530273,14.649999618530273,64000,0.0,0.0,0.0
2025-08-28 03:00:00+00:00,14.65999984741211,14.65999984741211,14.65999984741211,14.65999984741211,65615,0.0,0.0,0.0
2025-08-28 03:20:00+00:00,14.65999984741211,14.65999984741211,14.65999984741211,14.65999984741211,15001,0.0,0.0,0.0
2025-08-28 03:25:00+00:00,14.65999984741211,14.65999984741211,14.65999984741211,14.65999984741211,5000,0.0,0.0,0.0
2025-08-28 03:40:00+00:00,14.65999984741211,14.65999984741211,14.65999984741211,14.65999984741211,2001,0.0,0.0,0.0
2025-08-28 03:50:00+00:00,14.649999618530273,14.649999618530273,14.649999618530273,14.649999618530273,24001,0.0,0.0,0.0
2025-08-28 04:00:00+00:00,14.649999618530273,14.649999618530273,14.630000114440918,14.630000114440918,300000,0.0,0.0,0.0
2025-08-28 04:05:00+00:00,14.59000015258789,14.59000015258789,14.59000015258789,14.59000015258789,151127,0.0,0.0,0.0
2025-08-28 04:30:00+00:00,14.600000381469727,14.600000381469727,14.600000381469727,14.600000381469727,1113,0.0,0.0,0.0
2025-08-28 04:35:00+00:00,14.600000381469727,14.600000381469727,14.600000381469727,14.600000381469727,15047,0.0,0.0,0.0
2025-08-28 04:50:00+00:00,14.600000381469727,14.600000381469727,14.600000381469727,14.600000381469727,1040,0.0,0.0,0.0
2025-08-28 05:00:00+00:00,14.619999885559082,14.619999885559082,14.619999885559082,14.619999885559082,3390,0.0,0.0,0.0
2025-08-28 05:15:00+00:00,14.619999885559082,14.619999885559082,14.619999885559082,14.619999885559082,1049,0.0,0.0,0.0
2025-08-28 05:20:00+00:00,14.619999885559082,14.619999885559082,14.619999885559082,14.619999885559082,2001,0.0,0.0,0.0
2025-08-29 01:00:00+00:00,14.640000343322754,14.720000267028809,14.640000343322754,14.710000038146973,0,0.0,0.0,0.0
2025-08-29 01:15:00+00:00,14.670000076293945,14.670000076293945,14.670000076293945,14.670000076293945,2001,0.0,0.0,0.0
2025-08-29 01:20:00+00:00,14.670000076293945,14.670000076293945,14.670000076293945,14.670000076293945,1000,0.0,0.0,0.0
2025-08-29 01:25:00+00:00,14.649999618530273,14.65999984741211,14.649999618530273,14.65999984741211,2001,0.0,0.0,0.0
2025-08-29 01:40:00+00:00,14.649999618530273,14.649999618530273,14.649999618530273,14.649999618530273,10075,0.0,0.0,0.0
2025-08-29 02:05:00+00:00,14.630000114440918,14.630000114440918,14.630000114440918,14.630000114440918,10065,0.0,0.0,0.0
2025-08-29 02:20:00+00:00,14.630000114440918,14.630000114440918,14.630000114440918,14.630000114440918,1001,0.0,0.0,0.0
2025-08-29 02:30:00+00:00,14.619999885559082,14.619999885559082,14.619999885559082,14.619999885559082,1000,0.0,0.0,0.0
2025-08-29 02:35:00+00:00,14.609999656677246,14.609999656677246,14.609999656677246,14.609999656677246,7001,0.0,0.0,0.0
2025-08-29 02:45:00+00:00,14.600000381469727,14.600000381469727,14.600000381469727,14.600000381469727,2000,0.0,0.0,0.0
2025-08-29 02:50:00+00:00,14.609999656677246,14.609999656677246,14.609999656677246,14.609999656677246,3001,0.0,0.0,0.0
2025-08-29 02:55:00+00:00,14.619999885559082,14.619999885559082,14.619999885559082,14.619999885559082,5001,0.0,0.0,0.0
2025-08-29 03:00:00+00:00,14.630000114440918,14.640000343322754,14.630000114440918,14.640000343322754,11206,0.0,0.0,0.0
2025-08-29 03:05:00+00:00,14.649999618530273,14.65999984741211,14.649999618530273,14.65999984741211,78673,0.0,0.0,0.0
2025-08-29 04:15:00+00:00,14.609999656677246,14.609999656677246,14.609999656677246,14.609999656677246,9127,0.0,0.0,0.0
2025-08-29 04:45:00+00:00,14.619999885559082,14.619999885559082,14.619999885559082,14.619999885559082,6001,0.0,0.0,0.0
2025-08-29 05:00:00+00:00,14.619999885559082,14.619999885559082,14.619999885559082,14.619999885559082,9001,0.0,0.0,0.0
2025-08-29 05:05:00+00:00,14.619999885559082,14.619999885559082,14.619999885559082,14.619999885559082,1000,0.0,0.0,0.0
2025-08-29 05:10:00+00:00,14.619999885559082,14.619999885559082,14.619999885559082,14.619999885559082,2007,0.0,0.0,0.0
2025-08-29 05:20:00+00:00,14.609999656677246,14.609999656677246,14.609999656677246,14.609999656677246,37001,0.0,0.0,0.0
2025-09-01 01:00:00+00:00,14.609999656677246,14.609999656677246,14.609999656677246,14.609999656677246,0,0.0,0.0,0.0
2025-09-01 01:20:00+00:00,14.510000228881836,14.510000228881836,14.510000228881836,14.510000228881836,18000,0.0,0.0,0.0
2025-09-01 01:25:00+00:00,14.520000457763672,14.520000457763672,14.520000457763672,14.520000457763672,28032,0.0,0.0,0.0
2025-09-01 01:30:00+00:00,14.529999732971191,14.529999732971191,14.529999732971191,14.529999732971191,2033,0.0,0.0,0.0
2025-09-01 01:40:00+00:00,14.529999732971191,14.529999732971191,14.529999732971191,14.529999732971191,10032,0.0,0.0,0.0
2025-09-01 01:45:00+00:00,14.529999732971191,14.529999732971191,14.529999732971191,14.529999732971191,2000,0.0,0.0,0.0
2025-09-01 01:50:00+00:00,14.510000228881836,14.510000228881836,14.489999771118164,14.489999771118164,6033,0.0,0.0,0.0
2025-09-01 01:55:00+00:00,14.460000038146973,14.460000038146973,14.460000038146973,14.460000038146973,1148,0.0,0.0,0.0
2025-09-01 02:05:00+00:00,14.449999809265137,14.449999809265137,14.449999809265137,14.449999809265137,1000,0.0,0.0,0.0
2025-09-01 02:10:00+00:00,14.4399995803833,14.4399995803833,14.399999618530273,14.399999618530273,3016,0.0,0.0,0.0
2025-09-01 02:15:00+00:00,14.359999656677246,14.359999656677246,14.289999961853027,14.289999961853027,4275,0.0,0.0,0.0
2025-09-01 02:25:00+00:00,14.25,14.25,14.25,14.25,1120,0.0,0.0,0.0
2025-09-01 02:45:00+00:00,14.260000228881836,14.260000228881836,14.229999542236328,14.229999542236328,42682,0.0,0.0,0.0
2025-09-01 03:10:00+00:00,14.210000038146973,14.229999542236328,14.210000038146973,14.229999542236328,13017,0.0,0.0,0.0
2025-09-01 03:15:00+00:00,14.25,14.25,14.25,14.25,2371,0.0,0.0,0.0
2025-09-01 04:25:00+00:00,14.260000228881836,14.270000457763672,14.260000228881836,14.270000457763672,2403,0.0,0.0,0.0
2025-09-01 04:40:00+00:00,14.239999771118164,14.239999771118164,14.239999771118164,14.239999771118164,2000,0.0,0.0,0.0
2025-09-01 04:50:00+00:00,14.270000457763672,14.270000457763672,14.270000457763672,14.270000457763672,2440,0.0,0.0,0.0
2025-09-01 05:20:00+00:00,14.260000228881836,14.260000228881836,14.25,14.25,2017,0.0,0.0,0.0
2025-09-02 01:00:00+00:00,14.350000381469727,14.350000381469727,14.350000381469727,14.350000381469727,0,0.0,0.0,0.0
2025-09-02 01:05:00+00:00,14.390000343322754,14.390000343322754,14.390000343322754,14.390000343322754,1004,0.0,0.0,0.0
2025-09-02 01:50:00+00:00,14.350000381469727,14.350000381469727,14.350000381469727,14.350000381469727,1221,0.0,0.0,0.0
2025-09-02 01:55:00+00:00,14.300000190734863,14.300000190734863,14.270000457763672,14.270000457763672,21034,0.0,0.0,0.0
2025-09-02 02:30:00+00:00,14.229999542236328,14.229999542236328,14.210000038146973,14.210000038146973,23105,0.0,0.0,0.0
2025-09-02 02:50:00+00:00,14.15999984741211,14.15999984741211,14.149999618530273,14.149999618530273,3002,0.0,0.0,0.0
2025-09-02 03:05:00+00:00,14.119999885559082,14.119999885559082,14.119999885559082,14.119999885559082,1010,0.0,0.0,0.0
2025-09-02 03:40:00+00:00,14.180000305175781,14.180000305175781,14.180000305175781,14.180000305175781,1002,0.0,0.0,0.0
2025-09-02 04:10:00+00:00,14.229999542236328,14.229999542236328,14.229999542236328,14.229999542236328,1001,0.0,0.0,0.0
2025-09-02 04:25:00+00:00,14.229999542236328,14.229999542236328,14.229999542236328,14.229999542236328,10001,0.0,0.0,0.0
2025-09-02 04:30:00+00:00,14.220000267028809,14.220000267028809,14.220000267028809,14.220000267028809,5000,0.0,0.0,0.0
2025-09-02 04:40:00+00:00,14.220000267028809,14.229999542236328,14.220000267028809,14.229999542236328,10000,0.0,0.0,0.0
2025-09-02 04:45:00+00:00,14.229999542236328,14.229999542236328,14.229999542236328,14.229999542236328,1164,0.0,0.0,0.0
2025-09-03 01:00:00+00:00,14.220000267028809,14.239999771118164,14.220000267028809,14.239999771118164,0,0.0,0.0,0.0
2025-09-03 01:10:00+00:00,14.279999732971191,14.300000190734863,14.279999732971191,14.300000190734863,3396,0.0,0.0,0.0
2025-09-03 01:25:00+00:00,14.329999923706055,14.329999923706055,14.329999923706055,14.329999923706055,1016,0.0,0.0,0.0
2025-09-03 01:30:00+00:00,14.359999656677246,14.359999656677246,14.359999656677246,14.359999656677246,2028,0.0,0.0,0.0
2025-09-03 01:35:00+00:00,14.319999694824219,14.319999694824219,14.319999694824219,14.319999694824219,6061,0.0,0.0,0.0
2025-09-03 01:45:00+00:00,14.300000190734863,14.300000190734863,14.300000190734863,14.300000190734863,50032,0.0,0.0,0.0
2025-09-03 01:50:00+00:00,14.350000381469727,14.359999656677246,14.350000381469727,14.359999656677246,9113,0.0,0.0,0.0
2025-09-03 02:10:00+00:00,14.359999656677246,14.359999656677246,14.359999656677246,14.359999656677246,17016,0.0,0.0,0.0
2025-09-03 02:15:00+00:00,14.369999885559082,14.369999885559082,14.369999885559082,14.369999885559082,2047,0.0,0.0,0.0
2025-09-03 02:25:00+00:00,14.369999885559082,14.369999885559082,14.369999885559082,14.369999885559082,1016,0.0,0.0,0.0
2025-09-03 02:30:00+00:00,14.369999885559082,14.369999885559082,14.369999885559082,14.369999885559082,19146,0.0,0.0,0.0
2025-09-03 03:10:00+00:00,14.369999885559082,14.369999885559082,14.369999885559082,14.369999885559082,29157,0.0,0.0,0.0
2025-09-03 03:55:00+00:00,14.369999885559082,14.390000343322754,14.369999885559082,14.390000343322754,7079,0.0,0.0,0.0
2025-09-03 04:10:00+00:00,14.380000114440918,14.380000114440918,14.380000114440918,14.380000114440918,100047,0.0,0.0,0.0
2025-09-03 04:25:00+00:00,14.369999885559082,14.369999885559082,14.369999885559082,14.369999885559082,1081,0.0,0.0,0.0
2025-09-03 04:35:00+00:00,14.369999885559082,14.369999885559082,14.369999885559082,14.369999885559082,2000,0.0,0.0,0.0
2025-09-03 04:45:00+00:00,14.380000114440918,14.380000114440918,14.380000114440918,14.380000114440918,1027,0.0,0.0,0.0
2025-09-03 05:05:00+00:00,14.380000114440918,14.380000114440918,14.380000114440918,14.380000114440918,252044,0.0,0.0,0.0
2025-09-04 01:00:00+00:00,14.5,14.510000228881836,14.5,14.510000228881836,0,0.0,0.0,0.0
2025-09-04 01:05:00+00:00,14.510000228881836,14.510000228881836,14.510000228881836,14.510000228881836,3019,0.0,0.0,0.0
2025-09-04 01:10:00+00:00,14.550000190734863,14.550000190734863,14.510000228881836,14.510000228881836,8009,0.0,0.0,0.0
2025-09-04 01:15:00+00:00,14.5,14.5,14.5,14.5,1012,0.0,0.0,0.0
2025-09-04 01:20:00+00:00,14.550000190734863,14.569999694824219,14.550000190734863,14.569999694824219,27000,0.0,0.0,0.0
2025-09-04 01:25:00+00:00,14.539999961853027,14.539999961853027,14.539999961853027,14.539999961853027,21019,0.0,0.0,0.0
2025-09-04 01:35:00+00:00,14.539999961853027,14.539999961853027,14.539999961853027,14.539999961853027,1006,0.0,0.0,0.0
2025-09-04 01:40:00+00:00,14.539999961853027,14.539999961853027,14.539999961853027,14.539999961853027,12006,0.0,0.0,0.0
2025-09-04 01:45:00+00:00,14.550000190734863,14.550000190734863,14.550000190734863,14.550000190734863,4006,0.0,0.0,0.0
2025-09-04 01:50:00+00:00,14.539999961853027,14.539999961853027,14.539999961853027,14.539999961853027,1017,0.0,0.0,0.0
2025-09-04 01:55:00+00:00,14.5600004196167,14.5600004196167,14.5600004196167,14.5600004196167,1043,0.0,0.0,0.0
2025-09-04 02:00:00+00:00,14.5600004196167,14.579999923706055,14.5600004196167,14.579999923706055,23055,0.0,0.0,0.0
2025-09-04 02:40:00+00:00,14.550000190734863,14.550000190734863,14.550000190734863,14.550000190734863,2013,0.0,0.0,0.0
2025-09-04 02:50:00+00:00,14.539999961853027,14.539999961853027,14.539999961853027,14.539999961853027,100012,0.0,0.0,0.0
2025-09-04 02:55:00+00:00,14.510000228881836,14.510000228881836,14.510000228881836,14.510000228881836,20025,0.0,0.0,0.0
2025-09-04 03:05:00+00:00,14.479999542236328,14.479999542236328,14.479999542236328,14.479999542236328,20181,0.0,0.0,0.0
2025-09-04 03:15:00+00:00,14.449999809265137,14.449999809265137,14.449999809265137,14.449999809265137,18106,0.0,0.0,0.0
2025-09-04 04:10:00+00:00,14.430000305175781,14.430000305175781,14.430000305175781,14.430000305175781,2006,0.0,0.0,0.0
2025-09-04 04:15:00+00:00,14.430000305175781,14.430000305175781,14.430000305175781,14.430000305175781,4000,0.0,0.0,0.0
2025-09-04 04:20:00+00:00,14.430000305175781,14.430000305175781,14.430000305175781,14.430000305175781,1012,0.0,0.0,0.0
2025-09-04 04:25:00+00:00,14.420000076293945,14.420000076293945,14.420000076293945,14.420000076293945,51377,0.0,0.0,0.0
2025-09-05 01:00:00+00:00,14.470000267028809,14.470000267028809,14.470000267028809,14.470000267028809,0,0.0,0.0,0.0
2025-09-05 01:05:00+00:00,14.420000076293945,14.460000038146973,14.420000076293945,14.460000038146973,101606,0.0,0.0,0.0
2025-09-05 01:10:00+00:00,14.460000038146973,14.460000038146973,14.460000038146973,14.460000038146973,2426,0.0,0.0,0.0
2025-09-05 02:25:00+00:00,14.420000076293945,14.420000076293945,14.420000076293945,14.420000076293945,1020,0.0,0.0,0.0
2025-09-05 02:30:00+00:00,14.4399995803833,14.4399995803833,14.4399995803833,14.4399995803833,2020,0.0,0.0,0.0
2025-09-05 02:35:00+00:00,14.449999809265137,14.449999809265137,14.449999809265137,14.449999809265137,2293,0.0,0.0,0.0
2025-09-05 03:30:00+00:00,14.399999618530273,14.399999618530273,14.399999618530273,14.399999618530273,5272,0.0,0.0,0.0
2025-09-05 04:15:00+00:00,14.420000076293945,14.420000076293945,14.420000076293945,14.420000076293945,3082,0.0,0.0,0.0
2025-09-08 01:00:00+00:00,14.520000457763672,14.550000190734863,14.520000457763672,14.550000190734863,0,0.0,0.0,0.0
2025-09-08 01:05:00+00:00,14.59000015258789,14.59000015258789,14.59000015258789,14.59000015258789,2271,0.0,0.0,0.0
2025-09-08 01:10:00+00:00,14.550000190734863,14.550000190734863,14.550000190734863,14.550000190734863,1207,0.0,0.0,0.0
2025-09-08 01:30:00+00:00,14.5,14.5,14.449999809265137,14.449999809265137,3229,0.0,0.0,0.0
2025-09-08 01:55:00+00:00,14.470000267028809,14.470000267028809,14.470000267028809,14.470000267028809,2305,0.0,0.0,0.0
2025-09-08 02:20:00+00:00,14.5,14.5,14.5,14.5,3046,0.0,0.0,0.0
2025-09-08 02:25:00+00:00,14.5,14.5,14.5,14.5,13091,0.0,0.0,0.0
2025-09-08 02:30:00+00:00,14.5,14.5,14.5,14.5,2294,0.0,0.0,0.0
2025-09-08 02:55:00+00:00,14.510000228881836,14.510000228881836,14.510000228881836,14.510000228881836,2046,0.0,0.0,0.0
2025-09-08 03:00:00+00:00,14.529999732971191,14.529999732971191,14.529999732971191,14.529999732971191,2047,0.0,0.0,0.0
2025-09-08 03:05:00+00:00,14.529999732971191,14.529999732971191,14.529999732971191,14.529999732971191,5137,0.0,0.0,0.0
2025-09-08 03:20:00+00:00,14.529999732971191,14.529999732971191,14.520000457763672,14.520000457763672,15045,0.0,0.0,0.0
2025-09-08 03:25:00+00:00,14.529999732971191,14.529999732971191,14.529999732971191,14.529999732971191,3092,0.0,0.0,0.0
2025-09-08 03:30:00+00:00,14.539999961853027,14.539999961853027,14.539999961853027,14.539999961853027,2400,0.0,0.0,0.0
2025-09-08 04:00:00+00:00,14.539999961853027,14.539999961853027,14.539999961853027,14.539999961853027,24137,0.0,0.0,0.0
2025-09-08 04:10:00+00:00,14.539999961853027,14.539999961853027,14.539999961853027,14.539999961853027,39184,0.0,0.0,0.0
2025-09-08 04:40:00+00:00,14.529999732971191,14.529999732971191,14.529999732971191,14.529999732971191,1204,0.0,0.0,0.0
2025-09-09 01:00:00+00:00,14.539999961853027,14.539999961853027,14.539999961853027,14.539999961853027,0,0.0,0.0,0.0
2025-09-09 01:05:00+00:00,14.550000190734863,14.550000190734863,14.529999732971191,14.529999732971191,11000,0.0,0.0,0.0
2025-09-09 01:10:00+00:00,14.479999542236328,14.479999542236328,14.479999542236328,14.479999542236328,3000,0.0,0.0,0.0
2025-09-09 01:15:00+00:00,14.479999542236328,14.479999542236328,14.479999542236328,14.479999542236328,2000,0.0,0.0,0.0
2025-09-09 01:30:00+00:00,14.5,14.5,14.489999771118164,14.489999771118164,38039,0.0,0.0,0.0
2025-09-09 01:35:00+00:00,14.5,14.5,14.5,14.5,4363,0.0,0.0,0.0
2025-09-09 01:45:00+00:00,14.5,14.5,14.5,14.5,1000,0.0,0.0,0.0
2025-09-09 01:55:00+00:00,14.489999771118164,14.489999771118164,14.489999771118164,14.489999771118164,2125,0.0,0.0,0.0
2025-09-09 02:15:00+00:00,14.5,14.510000228881836,14.5,14.510000228881836,10019,0.0,0.0,0.0
2025-09-09 02:30:00+00:00,14.489999771118164,14.489999771118164,14.489999771118164,14.489999771118164,4003,0.0,0.0,0.0
2025-09-09 02:40:00+00:00,14.479999542236328,14.479999542236328,14.479999542236328,14.479999542236328,10015,0.0,0.0,0.0
2025-09-09 02:45:00+00:00,14.479999542236328,14.479999542236328,14.479999542236328,14.479999542236328,2022,0.0,0.0,0.0
2025-09-09 02:55:00+00:00,14.460000038146973,14.460000038146973,14.460000038146973,14.460000038146973,2003,0.0,0.0,0.0
2025-09-09 03:00:00+00:00,14.449999809265137,14.449999809265137,14.449999809265137,14.449999809265137,2008,0.0,0.0,0.0
2025-09-09 03:05:00+00:00,14.4399995803833,14.449999809265137,14.4399995803833,14.449999809265137,5011,0.0,0.0,0.0
2025-09-09 03:10:00+00:00,14.479999542236328,14.479999542236328,14.479999542236328,14.479999542236328,1011,0.0,0.0,0.0
2025-09-09 03:20:00+00:00,14.479999542236328,14.479999542236328,14.479999542236328,14.479999542236328,1041,0.0,0.0,0.0
2025-09-09 03:55:00+00:00,14.479999542236328,14.479999542236328,14.479999542236328,14.479999542236328,1004,0.0,0.0,0.0
2025-09-09 04:00:00+00:00,14.489999771118164,14.489999771118164,14.489999771118164,14.489999771118164,3076,0.0,0.0,0.0
2025-09-09 04:20:00+00:00,14.489999771118164,14.489999771118164,14.489999771118164,14.489999771118164,1220,0.0,0.0,0.0
2025-09-09 04:25:00+00:00,14.489999771118164,14.489999771118164,14.489999771118164,14.489999771118164,1013,0.0,0.0,0.0
2025-09-09 04:30:00+00:00,14.489999771118164,14.489999771118164,14.489999771118164,14.489999771118164,1438,0.0,0.0,0.0
2025-09-09 05:10:00+00:00,14.489999771118164,14.489999771118164,14.489999771118164,14.489999771118164,1235,0.0,0.0,0.0
2025-09-09 05:15:00+00:00,14.479999542236328,14.479999542236328,14.479999542236328,14.479999542236328,0,0.0,0.0,0.0
2025-09-10 01:00:00+00:00,14.460000038146973,14.460000038146973,14.460000038146973,14.460000038146973,10037,0.0,0.0,0.0
2025-09-10 01:10:00+00:00,14.460000038146973,14.460000038146973,14.460000038146973,14.460000038146973,2000,0.0,0.0,0.0
2025-09-10 01:15:00+00:00,14.479999542236328,14.479999542236328,14.470000267028809,14.470000267028809,9010,0.0,0.0,0.0
2025-09-10 01:20:00+00:00,14.470000267028809,14.479999542236328,14.470000267028809,14.470000267028809,24212,0.0,0.0,0.0
2025-09-10 01:35:00+00:00,14.470000267028809,14.470000267028809,14.449999809265137,14.449999809265137,9248,0.0,0.0,0.0
2025-09-10 01:50:00+00:00,14.470000267028809,14.470000267028809,14.470000267028809,14.470000267028809,3000,0.0,0.0,0.0
2025-09-10 01:55:00+00:00,14.479999542236328,14.479999542236328,14.479999542236328,14.479999542236328,10129,0.0,0.0,0.0
2025-09-10 02:00:00+00:00,14.479999542236328,14.479999542236328,14.479999542236328,14.479999542236328,1010,0.0,0.0,0.0
2025-09-10 02:05:00+00:00,14.479999542236328,14.479999542236328,14.479999542236328,14.479999542236328,21009,0.0,0.0,0.0
2025-09-10 02:10:00+00:00,14.5,14.5,14.5,14.5,25019,0.0,0.0,0.0
2025-09-10 02:15:00+00:00,14.5,14.5,14.5,14.5,6000,0.0,0.0,0.0
2025-09-10 02:20:00+00:00,14.5,14.510000228881836,14.5,14.510000228881836,8010,0.0,0.0,0.0
2025-09-10 02:25:00+00:00,14.510000228881836,14.510000228881836,14.510000228881836,14.510000228881836,1162,0.0,0.0,0.0
2025-09-10 02:40:00+00:00,14.489999771118164,14.489999771118164,14.489999771118164,14.489999771118164,22046,0.0,0.0,0.0
2025-09-10 02:55:00+00:00,14.489999771118164,14.489999771118164,14.489999771118164,14.489999771118164,20010,0.0,0.0,0.0
2025-09-10 03:00:00+00:00,14.510000228881836,14.520000457763672,14.510000228881836,14.520000457763672,59009,0.0,0.0,0.0
2025-09-10 03:05:00+00:00,14.520000457763672,14.520000457763672,14.520000457763672,14.520000457763672,1126,0.0,0.0,0.0
2025-09-10 04:00:00+00:00,14.510000228881836,14.510000228881836,14.5,14.5,51094,0.0,0.0,0.0
2025-09-10 04:40:00+00:00,14.5,14.5,14.489999771118164,14.489999771118164,4000,0.0,0.0,0.0
2025-09-10 04:45:00+00:00,14.5,14.5,14.5,14.5,6342,0.0,0.0,0.0
2025-09-10 04:55:00+00:00,14.510000228881836,14.510000228881836,14.5,14.5,3008,0.0,0.0,0.0
2025-09-10 05:00:00+00:00,14.5,14.5,14.5,14.5,23008,0.0,0.0,0.0
2025-09-10 05:05:00+00:00,14.5,14.5,14.5,14.5,2024,0.0,0.0,0.0
2025-09-10 05:20:00+00:00,14.510000228881836,14.510000228881836,14.510000228881836,14.510000228881836,3039,0.0,0.0,0.0
2025-09-11 01:00:00+00:00,14.510000228881836,14.520000457763672,14.510000228881836,14.510000228881836,0,0.0,0.0,0.0
2025-09-11 01:05:00+00:00,14.489999771118164,14.489999771118164,14.489999771118164,14.489999771118164,100000,0.0,0.0,0.0
2025-09-11 01:10:00+00:00,14.479999542236328,14.479999542236328,14.479999542236328,14.479999542236328,4087,0.0,0.0,0.0
2025-09-11 01:25:00+00:00,14.479999542236328,14.479999542236328,14.479999542236328,14.479999542236328,1011,0.0,0.0,0.0
2025-09-11 01:30:00+00:00,14.479999542236328,14.479999542236328,14.449999809265137,14.449999809265137,10038,0.0,0.0,0.0
2025-09-11 01:40:00+00:00,14.430000305175781,14.430000305175781,14.430000305175781,14.430000305175781,3022,0.0,0.0,0.0
2025-09-11 01:50:00+00:00,14.399999618530273,14.399999618530273,14.399999618530273,14.399999618530273,8053,0.0,0.0,0.0
2025-09-11 02:00:00+00:00,14.390000343322754,14.390000343322754,14.390000343322754,14.390000343322754,1022,0.0,0.0,0.0
2025-09-11 02:05:00+00:00,14.390000343322754,14.390000343322754,14.390000343322754,14.390000343322754,2011,0.0,0.0,0.0
2025-09-11 02:10:00+00:00,14.390000343322754,14.390000343322754,14.390000343322754,14.390000343322754,3044,0.0,0.0,0.0
2025-09-11 02:25:00+00:00,14.390000343322754,14.390000343322754,14.390000343322754,14.390000343322754,13000,0.0,0.0,0.0
2025-09-11 02:30:00+00:00,14.399999618530273,14.399999618530273,14.399999618530273,14.399999618530273,1044,0.0,0.0,0.0
2025-09-11 02:40:00+00:00,14.380000114440918,14.380000114440918,14.380000114440918,14.380000114440918,10011,0.0,0.0,0.0
2025-09-11 02:45:00+00:00,14.380000114440918,14.380000114440918,14.369999885559082,14.369999885559082,10031,0.0,0.0,0.0
2025-09-11 02:50:00+00:00,14.369999885559082,14.369999885559082,14.369999885559082,14.369999885559082,3021,0.0,0.0,0.0
2025-09-11 02:55:00+00:00,14.369999885559082,14.369999885559082,14.369999885559082,14.369999885559082,3042,0.0,0.0,0.0
2025-09-11 03:05:00+00:00,14.359999656677246,14.359999656677246,14.350000381469727,14.350000381469727,10074,0.0,0.0,0.0
2025-09-11 03:15:00+00:00,14.369999885559082,14.369999885559082,14.369999885559082,14.369999885559082,10031,0.0,0.0,0.0
2025-09-11 03:20:00+00:00,14.359999656677246,14.359999656677246,14.359999656677246,14.359999656677246,10040,0.0,0.0,0.0
2025-09-11 03:25:00+00:00,14.359999656677246,14.359999656677246,14.359999656677246,14.359999656677246,10000,0.0,0.0,0.0
2025-09-11 03:30:00+00:00,14.359999656677246,14.369999885559082,14.359999656677246,14.369999885559082,11022,0.0,0.0,0.0
2025-09-11 03:35:00+00:00,14.359999656677246,14.359999656677246,14.359999656677246,14.359999656677246,10052,0.0,0.0,0.0
2025-09-11 03:40:00+00:00,14.359999656677246,14.359999656677246,14.350000381469727,14.350000381469727,13189,0.0,0.0,0.0
2025-09-11 03:50:00+00:00,14.350000381469727,14.350000381469727,14.350000381469727,14.350000381469727,11022,0.0,0.0,0.0
2025-09-11 03:55:00+00:00,14.350000381469727,14.350000381469727,14.350000381469727,14.350000381469727,5011,0.0,0.0,0.0
2025-09-11 04:00:00+00:00,14.34000015258789,14.34000015258789,14.34000015258789,14.34000015258789,13083,0.0,0.0,0.0
2025-09-11 04:05:00+00:00,14.329999923706055,14.329999923706055,14.319999694824219,14.319999694824219,21249,0.0,0.0,0.0
2025-09-11 04:10:00+00:00,14.319999694824219,14.34000015258789,14.300000190734863,14.34000015258789,71011,0.0,0.0,0.0
2025-09-11 04:15:00+00:00,14.300000190734863,14.300000190734863,14.300000190734863,14.300000190734863,2088,0.0,0.0,0.0
2025-09-11 04:20:00+00:00,14.279999732971191,14.279999732971191,14.25,14.25,7796,0.0,0.0,0.0
2025-09-11 04:30:00+00:00,14.239999771118164,14.239999771118164,14.239999771118164,14.239999771118164,1028,0.0,0.0,0.0
2025-09-11 04:35:00+00:00,14.220000267028809,14.220000267028809,14.220000267028809,14.220000267028809,100151,0.0,0.0,0.0
2025-09-11 04:55:00+00:00,14.25,14.25,14.25,14.25,5011,0.0,0.0,0.0
2025-09-11 05:00:00+00:00,14.25,14.25,14.25,14.25,10011,0.0,0.0,0.0
2025-09-11 05:05:00+00:00,14.25,14.25,14.25,14.25,1017,0.0,0.0,0.0
2025-09-11 05:10:00+00:00,14.229999542236328,14.229999542236328,14.220000267028809,14.220000267028809,6050,0.0,0.0,0.0
2025-09-11 05:15:00+00:00,14.220000267028809,14.220000267028809,14.220000267028809,14.220000267028809,19284,0.0,0.0,0.0
2025-09-11 05:20:00+00:00,14.229999542236328,14.229999542236328,14.229999542236328,14.229999542236328,100097,0.0,0.0,0.0
2025-09-12 01:00:00+00:00,14.319999694824219,14.369999885559082,14.319999694824219,14.369999885559082,0,0.0,0.0,0.0
2025-09-12 01:05:00+00:00,14.380000114440918,14.380000114440918,14.380000114440918,14.380000114440918,3225,0.0,0.0,0.0
2025-09-12 01:15:00+00:00,14.399999618530273,14.399999618530273,14.399999618530273,14.399999618530273,1575,0.0,0.0,0.0
2025-09-12 01:20:00+00:00,14.40999984741211,14.40999984741211,14.40999984741211,14.40999984741211,8140,0.0,0.0,0.0
2025-09-12 01:30:00+00:00,14.380000114440918,14.380000114440918,14.380000114440918,14.380000114440918,1004,0.0,0.0,0.0
2025-09-12 01:40:00+00:00,14.380000114440918,14.380000114440918,14.380000114440918,14.380000114440918,1016,0.0,0.0,0.0
2025-09-12 01:55:00+00:00,14.390000343322754,14.390000343322754,14.390000343322754,14.390000343322754,5000,0.0,0.0,0.0
2025-09-12 02:00:00+00:00,14.399999618530273,14.399999618530273,14.399999618530273,14.399999618530273,4041,0.0,0.0,0.0
2025-09-12 02:20:00+00:00,14.40999984741211,14.40999984741211,14.40999984741211,14.40999984741211,100001,0.0,0.0,0.0
2025-09-12 02:25:00+00:00,14.399999618530273,14.399999618530273,14.399999618530273,14.399999618530273,100002,0.0,0.0,0.0
2025-09-12 02:30:00+00:00,14.40999984741211,14.420000076293945,14.40999984741211,14.420000076293945,37001,0.0,0.0,0.0
2025-09-12 02:35:00+00:00,14.420000076293945,14.420000076293945,14.40999984741211,14.40999984741211,6023,0.0,0.0,0.0
2025-09-12 02:55:00+00:00,14.430000305175781,14.430000305175781,14.430000305175781,14.430000305175781,12007,0.0,0.0,0.0
2025-09-12 03:15:00+00:00,14.4399995803833,14.4399995803833,14.4399995803833,14.4399995803833,1011,0.0,0.0,0.0
2025-09-12 03:45:00+00:00,14.40999984741211,14.40999984741211,14.40999984741211,14.40999984741211,158097,0.0,0.0,0.0
2025-09-12 04:00:00+00:00,14.430000305175781,14.430000305175781,14.430000305175781,14.430000305175781,2082,0.0,0.0,0.0
2025-09-12 04:15:00+00:00,14.420000076293945,14.420000076293945,14.420000076293945,14.420000076293945,100002,0.0,0.0,0.0
2025-09-12 04:25:00+00:00,14.420000076293945,14.420000076293945,14.420000076293945,14.420000076293945,5022,0.0,0.0,0.0
2025-09-12 04:30:00+00:00,14.390000343322754,14.390000343322754,14.390000343322754,14.390000343322754,32005,0.0,0.0,0.0
2025-09-12 05:10:00+00:00,14.390000343322754,14.390000343322754,14.390000343322754,14.390000343322754,7008,0.0,0.0,0.0
2025-09-15 01:00:00+00:00,14.40999984741211,14.420000076293945,14.40999984741211,14.420000076293945,0,0.0,0.0,0.0
2025-09-15 01:05:00+00:00,14.390000343322754,14.390000343322754,14.390000343322754,14.390000343322754,1105,0.0,0.0,0.0
2025-09-15 01:10:00+00:00,14.390000343322754,14.399999618530273,14.390000343322754,14.399999618530273,11103,0.0,0.0,0.0
2025-09-15 01:15:00+00:00,14.4399995803833,14.4399995803833,14.4399995803833,14.4399995803833,20482,0.0,0.0,0.0
2025-09-15 01:55:00+00:00,14.390000343322754,14.390000343322754,14.390000343322754,14.390000343322754,15295,0.0,0.0,0.0
2025-09-15 02:00:00+00:00,14.350000381469727,14.350000381469727,14.350000381469727,14.350000381469727,2033,0.0,0.0,0.0
2025-09-15 02:05:00+00:00,14.350000381469727,14.350000381469727,14.350000381469727,14.350000381469727,1135,0.0,0.0,0.0
2025-09-15 02:25:00+00:00,14.3100004196167,14.3100004196167,14.300000190734863,14.300000190734863,11335,0.0,0.0,0.0
2025-09-15 02:50:00+00:00,14.34000015258789,14.34000015258789,14.34000015258789,14.34000015258789,5072,0.0,0.0,0.0
2025-09-15 03:00:00+00:00,14.380000114440918,14.380000114440918,14.380000114440918,14.380000114440918,3735,0.0,0.0,0.0
2025-09-15 03:50:00+00:00,14.350000381469727,14.350000381469727,14.350000381469727,14.350000381469727,5067,0.0,0.0,0.0
2025-09-15 04:40:00+00:00,14.34000015258789,14.34000015258789,14.34000015258789,14.34000015258789,1156,0.0,0.0,0.0
2025-09-15 05:05:00+00:00,14.3100004196167,14.34000015258789,14.3100004196167,14.34000015258789,25779,0.0,0.0,0.0
2025-09-15 05:15:00+00:00,14.329999923706055,14.329999923706055,14.329999923706055,14.329999923706055,7058,0.0,0.0,0.0
2025-09-15 05:20:00+00:00,14.34000015258789,14.34000015258789,14.34000015258789,14.34000015258789,1078,0.0,0.0,0.0
2025-09-16 01:00:00+00:00,14.270000457763672,14.270000457763672,14.270000457763672,14.270000457763672,0,0.068,0.0,0.0
2025-09-16 01:05:00+00:00,14.300000190734863,14.300000190734863,14.300000190734863,14.300000190734863,4263,0.0,0.0,0.0
2025-09-16 01:15:00+00:00,14.300000190734863,14.300000190734863,14.300000190734863,14.300000190734863,1038,0.0,0.0,0.0
2025-09-16 01:20:00+00:00,14.319999694824219,14.319999694824219,14.319999694824219,14.319999694824219,2120,0.0,0.0,0.0
2025-09-16 01:25:00+00:00,14.34000015258789,14.34000015258789,14.34000015258789,14.34000015258789,21019,0.0,0.0,0.0
2025-09-16 01:30:00+00:00,14.34000015258789,14.34000015258789,14.34000015258789,14.34000015258789,5039,0.0,0.0,0.0
2025-09-16 01:40:00+00:00,14.350000381469727,14.350000381469727,14.34000015258789,14.34000015258789,13192,0.0,0.0,0.0
2025-09-16 01:50:00+00:00,14.34000015258789,14.34000015258789,14.34000015258789,14.34000015258789,2088,0.0,0.0,0.0
2025-09-16 01:55:00+00:00,14.359999656677246,14.359999656677246,14.359999656677246,14.359999656677246,10313,0.0,0.0,0.0
2025-09-16 02:15:00+00:00,14.380000114440918,14.380000114440918,14.380000114440918,14.380000114440918,1098,0.0,0.0,0.0
2025-09-16 02:30:00+00:00,14.399999618530273,14.399999618530273,14.399999618530273,14.399999618530273,2038,0.0,0.0,0.0
2025-09-16 02:40:00+00:00,14.380000114440918,14.380000114440918,14.380000114440918,14.380000114440918,3021,0.0,0.0,0.0
2025-09-16 02:50:00+00:00,14.390000343322754,14.390000343322754,14.390000343322754,14.390000343322754,37157,0.0,0.0,0.0
2025-09-16 02:55:00+00:00,14.390000343322754,14.390000343322754,14.390000343322754,14.390000343322754,2119,0.0,0.0,0.0
2025-09-16 03:20:00+00:00,14.40999984741211,14.40999984741211,14.40999984741211,14.40999984741211,10058,0.0,0.0,0.0
2025-09-16 03:30:00+00:00,14.40999984741211,14.40999984741211,14.40999984741211,14.40999984741211,20020,0.0,0.0,0.0
2025-09-16 03:40:00+00:00,14.40999984741211,14.420000076293945,14.40999984741211,14.420000076293945,6019,0.0,0.0,0.0
2025-09-16 03:45:00+00:00,14.420000076293945,14.420000076293945,14.420000076293945,14.420000076293945,1097,0.0,0.0,0.0
2025-09-16 03:50:00+00:00,14.430000305175781,14.430000305175781,14.430000305175781,14.430000305175781,10000,0.0,0.0,0.0
2025-09-16 03:55:00+00:00,14.4399995803833,14.449999809265137,14.4399995803833,14.449999809265137,4080,0.0,0.0,0.0
2025-09-16 04:05:00+00:00,14.449999809265137,14.460000038146973,14.449999809265137,14.460000038146973,3019,0.0,0.0,0.0
2025-09-16 04:10:00+00:00,14.460000038146973,14.460000038146973,14.460000038146973,14.460000038146973,4118,0.0,0.0,0.0
2025-09-16 04:30:00+00:00,14.460000038146973,14.460000038146973,14.460000038146973,14.460000038146973,30000,0.0,0.0,0.0
2025-09-16 04:35:00+00:00,14.449999809265137,14.449999809265137,14.449999809265137,14.449999809265137,17000,0.0,0.0,0.0
2025-09-16 04:40:00+00:00,14.460000038146973,14.460000038146973,14.460000038146973,14.460000038146973,1000,0.0,0.0,0.0
2025-09-16 04:45:00+00:00,14.460000038146973,14.460000038146973,14.460000038146973,14.460000038146973,10500,0.0,0.0,0.0
2025-09-16 04:55:00+00:00,14.460000038146973,14.460000038146973,14.460000038146973,14.460000038146973,2014,0.0,0.0,0.0
2025-09-16 05:00:00+00:00,14.449999809265137,14.449999809265137,14.449999809265137,14.449999809265137,20000,0.0,0.0,0.0
2025-09-16 05:05:00+00:00,14.460000038146973,14.460000038146973,14.460000038146973,14.460000038146973,100063,0.0,0.0,0.0
2025-09-17 01:00:00+00:00,14.489999771118164,14.520000457763672,14.489999771118164,14.520000457763672,8000,0.0,0.0,0.0
2025-09-17 01:05:00+00:00,14.520000457763672,14.550000190734863,14.520000457763672,14.550000190734863,60578,0.0,0.0,0.0
2025-09-17 01:10:00+00:00,14.5600004196167,14.59000015258789,14.5600004196167,14.59000015258789,27001,0.0,0.0,0.0
2025-09-17 01:15:00+00:00,14.5600004196167,14.5600004196167,14.5600004196167,14.5600004196167,80001,0.0,0.0,0.0
2025-09-17 01:20:00+00:00,14.5600004196167,14.59000015258789,14.5600004196167,14.59000015258789,43000,0.0,0.0,0.0
2025-09-17 01:25:00+00:00,14.600000381469727,14.619999885559082,14.600000381469727,14.619999885559082,42002,0.0,0.0,0.0
2025-09-17 01:30:00+00:00,14.619999885559082,14.630000114440918,14.619999885559082,14.630000114440918,15100,0.0,0.0,0.0
2025-09-17 01:35:00+00:00,14.609999656677246,14.609999656677246,14.609999656677246,14.609999656677246,3021,0.0,0.0,0.0
2025-09-17 01:40:00+00:00,14.539999961853027,14.539999961853027,14.539999961853027,14.539999961853027,1001,0.0,0.0,0.0
2025-09-17 01:45:00+00:00,14.529999732971191,14.529999732971191,14.529999732971191,14.529999732971191,3001,0.0,0.0,0.0
2025-09-17 01:50:00+00:00,14.529999732971191,14.529999732971191,14.529999732971191,14.529999732971191,2102,0.0,0.0,0.0
2025-09-17 02:00:00+00:00,14.550000190734863,14.550000190734863,14.550000190734863,14.550000190734863,4001,0.0,0.0,0.0
2025-09-17 02:05:00+00:00,14.529999732971191,14.529999732971191,14.529999732971191,14.529999732971191,7002,0.0,0.0,0.0
2025-09-17 02:10:00+00:00,14.539999961853027,14.539999961853027,14.539999961853027,14.539999961853027,1073,0.0,0.0,0.0
2025-09-17 02:35:00+00:00,14.489999771118164,14.489999771118164,14.489999771118164,14.489999771118164,40393,0.0,0.0,0.0
2025-09-17 04:35:00+00:00,14.470000267028809,14.470000267028809,14.470000267028809,14.470000267028809,1007,0.0,0.0,0.0
2025-09-17 05:05:00+00:00,14.460000038146973,14.460000038146973,14.460000038146973,14.460000038146973,1028,0.0,0.0,0.0
2025-09-18 01:00:00+00:00,14.489999771118164,14.529999732971191,14.489999771118164,14.529999732971191,0,0.0,0.0,0.0
2025-09-18 01:05:00+00:00,14.550000190734863,14.550000190734863,14.539999961853027,14.539999961853027,6250,0.0,0.0,0.0
2025-09-18 01:10:00+00:00,14.550000190734863,14.569999694824219,14.550000190734863,14.569999694824219,17561,0.0,0.0,0.0
2025-09-18 01:20:00+00:00,14.59000015258789,14.600000381469727,14.59000015258789,14.600000381469727,89050,0.0,0.0,0.0
2025-09-18 01:25:00+00:00,14.609999656677246,14.609999656677246,14.609999656677246,14.609999656677246,4001,0.0,0.0,0.0
2025-09-18 01:30:00+00:00,14.609999656677246,14.619999885559082,14.609999656677246,14.619999885559082,45000,0.0,0.0,0.0
2025-09-18 01:35:00+00:00,14.630000114440918,14.640000343322754,14.630000114440918,14.630000114440918,139032,0.0,0.0,0.0
2025-09-18 02:00:00+00:00,14.579999923706055,14.59000015258789,14.579999923706055,14.59000015258789,84010,0.0,0.0,0.0
2025-09-18 02:10:00+00:00,14.600000381469727,14.600000381469727,14.600000381469727,14.600000381469727,2000,0.0,0.0,0.0
2025-09-18 02:45:00+00:00,14.600000381469727,14.609999656677246,14.600000381469727,14.609999656677246,69002,0.0,0.0,0.0
2025-09-18 02:50:00+00:00,14.619999885559082,14.640000343322754,14.619999885559082,14.640000343322754,33729,0.0,0.0,0.0
2025-09-18 02:55:00+00:00,14.640000343322754,14.670000076293945,14.640000343322754,14.670000076293945,82925,0.0,0.0,0.0
2025-09-18 03:00:00+00:00,14.670000076293945,14.670000076293945,14.670000076293945,14.670000076293945,8746,0.0,0.0,0.0
2025-09-18 03:05:00+00:00,14.670000076293945,14.680000305175781,14.670000076293945,14.680000305175781,58301,0.0,0.0,0.0
2025-09-18 03:10:00+00:00,14.680000305175781,14.680000305175781,14.680000305175781,14.680000305175781,26211,0.0,0.0,0.0
2025-09-18 03:20:00+00:00,14.680000305175781,14.680000305175781,14.680000305175781,14.680000305175781,8001,0.0,0.0,0.0
2025-09-18 03:25:00+00:00,14.680000305175781,14.680000305175781,14.680000305175781,14.680000305175781,12000,0.0,0.0,0.0
2025-09-18 03:35:00+00:00,14.680000305175781,14.680000305175781,14.680000305175781,14.680000305175781,1001,0.0,0.0,0.0
2025-09-18 03:40:00+00:00,14.680000305175781,14.680000305175781,14.680000305175781,14.680000305175781,14054,0.0,0.0,0.0
2025-09-18 04:10:00+00:00,14.670000076293945,14.670000076293945,14.670000076293945,14.670000076293945,54011,0.0,0.0,0.0
2025-09-18 04:15:00+00:00,14.670000076293945,14.670000076293945,14.670000076293945,14.670000076293945,2001,0.0,0.0,0.0
2025-09-18 04:20:00+00:00,14.680000305175781,14.680000305175781,14.680000305175781,14.680000305175781,20001,0.0,0.0,0.0
2025-09-18 04:40:00+00:00,14.670000076293945,14.670000076293945,14.670000076293945,14.670000076293945,1000,0.0,0.0,0.0
2025-09-18 04:45:00+00:00,14.680000305175781,14.680000305175781,14.680000305175781,14.680000305175781,10150,0.0,0.0,0.0
2025-09-18 05:00:00+00:00,14.670000076293945,14.670000076293945,14.670000076293945,14.670000076293945,1176,0.0,0.0,0.0
2025-09-18 05:10:00+00:00,14.670000076293945,14.670000076293945,14.670000076293945,14.670000076293945,2001,0.0,0.0,0.0
2025-09-18 05:15:00+00:00,14.670000076293945,14.670000076293945,14.670000076293945,14.670000076293945,12963,0.0,0.0,0.0
2025-09-18 05:20:00+00:00,14.670000076293945,14.680000305175781,14.670000076293945,14.680000305175781,57041,0.0,0.0,0.0
2025-09-19 01:00:00+00:00,14.800000190734863,14.819999694824219,14.800000190734863,14.819999694824219,0,0.0,0.0,0.0
2025-09-19 01:05:00+00:00,14.819999694824219,14.819999694824219,14.819999694824219,14.819999694824219,15000,0.0,0.0,0.0
2025-09-19 01:10:00+00:00,14.800000190734863,14.8100004196167,14.800000190734863,14.800000190734863,72077,0.0,0.0,0.0
2025-09-19 01:15:00+00:00,14.8100004196167,14.8100004196167,14.800000190734863,14.800000190734863,56002,0.0,0.0,0.0
2025-09-19 01:20:00+00:00,14.8100004196167,14.8100004196167,14.8100004196167,14.8100004196167,1002,0.0,0.0,0.0
2025-09-19 01:25:00+00:00,14.800000190734863,14.829999923706055,14.800000190734863,14.829999923706055,195767,0.0,0.0,0.0
2025-09-19 01:30:00+00:00,14.829999923706055,14.829999923706055,14.819999694824219,14.819999694824219,17769,0.0,0.0,0.0
2025-09-19 01:35:00+00:00,14.829999923706055,14.84000015258789,14.829999923706055,14.84000015258789,166202,0.0,0.0,0.0
2025-09-19 01:40:00+00:00,14.84000015258789,14.859999656677246,14.84000015258789,14.859999656677246,96002,0.0,0.0,0.0
2025-09-19 01:45:00+00:00,14.869999885559082,14.880000114440918,14.869999885559082,14.880000114440918,6005,0.0,0.0,0.0
2025-09-19 01:55:00+00:00,14.859999656677246,14.869999885559082,14.859999656677246,14.869999885559082,12302,0.0,0.0,0.0
2025-09-19 02:00:00+00:00,14.880000114440918,14.890000343322754,14.880000114440918,14.890000343322754,232004,0.0,0.0,0.0
2025-09-19 02:05:00+00:00,14.890000343322754,14.890000343322754,14.890000343322754,14.890000343322754,20062,0.0,0.0,0.0
2025-09-19 02:10:00+00:00,14.890000343322754,14.899999618530273,14.890000343322754,14.899999618530273,129002,0.0,0.0,0.0
2025-09-19 02:15:00+00:00,14.899999618530273,14.899999618530273,14.899999618530273,14.899999618530273,2993,0.0,0.0,0.0
2025-09-19 02:20:00+00:00,14.899999618530273,14.899999618530273,14.899999618530273,14.899999618530273,35254,0.0,0.0,0.0
2025-09-19 02:25:00+00:00,14.880000114440918,14.880000114440918,14.880000114440918,14.880000114440918,1004,0.0,0.0,0.0
2025-09-19 02:35:00+00:00,14.859999656677246,14.859999656677246,14.859999656677246,14.859999656677246,41002,0.0,0.0,0.0
2025-09-19 02:40:00+00:00,14.859999656677246,14.859999656677246,14.859999656677246,14.859999656677246,1003,0.0,0.0,0.0
2025-09-19 02:45:00+00:00,14.850000381469727,14.850000381469727,14.850000381469727,14.850000381469727,14002,0.0,0.0,0.0
2025-09-19 02:50:00+00:00,14.859999656677246,14.859999656677246,14.859999656677246,14.859999656677246,1004,0.0,0.0,0.0
2025-09-19 03:00:00+00:00,14.859999656677246,14.859999656677246,14.859999656677246,14.859999656677246,10004,0.0,0.0,0.0
2025-09-19 03:10:00+00:00,14.850000381469727,14.859999656677246,14.850000381469727,14.859999656677246,3003,0.0,0.0,0.0
2025-09-19 03:20:00+00:00,14.859999656677246,14.869999885559082,14.859999656677246,14.869999885559082,25011,0.0,0.0,0.0
2025-09-19 03:30:00+00:00,14.880000114440918,14.880000114440918,14.880000114440918,14.880000114440918,40007,0.0,0.0,0.0
2025-09-19 03:45:00+00:00,14.880000114440918,14.880000114440918,14.880000114440918,14.880000114440918,1109,0.0,0.0,0.0
2025-09-19 04:10:00+00:00,14.850000381469727,14.850000381469727,14.850000381469727,14.850000381469727,1004,0.0,0.0,0.0
2025-09-19 04:15:00+00:00,14.850000381469727,14.850000381469727,14.850000381469727,14.850000381469727,16000,0.0,0.0,0.0
2025-09-19 04:20:00+00:00,14.850000381469727,14.850000381469727,14.850000381469727,14.850000381469727,4004,0.0,0.0,0.0
2025-09-19 04:25:00+00:00,14.84000015258789,14.84000015258789,14.84000015258789,14.84000015258789,6003,0.0,0.0,0.0
2025-09-19 04:35:00+00:00,14.84000015258789,14.84000015258789,14.84000015258789,14.84000015258789,12000,0.0,0.0,0.0
2025-09-19 04:40:00+00:00,14.829999923706055,14.829999923706055,14.829999923706055,14.829999923706055,10000,0.0,0.0,0.0
2025-09-19 04:45:00+00:00,14.829999923706055,14.829999923706055,14.829999923706055,14.829999923706055,4000,0.0,0.0,0.0
2025-09-19 04:50:00+00:00,14.850000381469727,14.850000381469727,14.850000381469727,14.850000381469727,37103,0.0,0.0,0.0
2025-09-19 05:05:00+00:00,14.850000381469727,14.850000381469727,14.850000381469727,14.850000381469727,11000,0.0,0.0,0.0
2025-09-19 05:10:00+00:00,14.84000015258789,14.84000015258789,14.84000015258789,14.84000015258789,2095,0.0,0.0,0.0
2025-09-19 05:15:00+00:00,14.850000381469727,14.850000381469727,14.850000381469727,14.850000381469727,5123,0.0,0.0,0.0
2025-09-19 05:20:00+00:00,14.850000381469727,14.859999656677246,14.850000381469727,14.859999656677246,62000,0.0,0.0,0.0
2025-09-22 01:00:00+00:00,14.869999885559082,14.899999618530273,14.869999885559082,14.899999618530273,0,0.0,0.0,0.0
2025-09-22 01:05:00+00:00,14.90999984741211,14.90999984741211,14.90999984741211,14.90999984741211,2911,0.0,0.0,0.0
2025-09-22 01:10:00+00:00,14.90999984741211,14.920000076293945,14.90999984741211,14.920000076293945,31056,0.0,0.0,0.0
2025-09-22 01:15:00+00:00,14.899999618530273,14.899999618530273,14.899999618530273,14.899999618530273,1252,0.0,0.0,0.0
2025-09-22 01:20:00+00:00,14.920000076293945,14.920000076293945,14.920000076293945,14.920000076293945,17000,0.0,0.0,0.0
2025-09-22 01:25:00+00:00,14.920000076293945,14.989999771118164,14.920000076293945,14.989999771118164,95509,0.0,0.0,0.0
2025-09-22 01:35:00+00:00,14.970000267028809,14.970000267028809,14.970000267028809,14.970000267028809,3778,0.0,0.0,0.0
2025-09-22 01:45:00+00:00,14.960000038146973,14.979999542236328,14.960000038146973,14.979999542236328,26043,0.0,0.0,0.0
2025-09-22 01:50:00+00:00,14.979999542236328,14.979999542236328,14.970000267028809,14.970000267028809,28139,0.0,0.0,0.0
2025-09-22 02:00:00+00:00,14.979999542236328,14.989999771118164,14.979999542236328,14.989999771118164,27225,0.0,0.0,0.0
2025-09-22 02:05:00+00:00,14.989999771118164,14.989999771118164,14.989999771118164,14.989999771118164,31157,0.0,0.0,0.0
2025-09-22 02:15:00+00:00,14.979999542236328,14.979999542236328,14.979999542236328,14.979999542236328,3010,0.0,0.0,0.0
2025-09-22 02:20:00+00:00,14.979999542236328,14.979999542236328,14.979999542236328,14.979999542236328,27028,0.0,0.0,0.0
2025-09-22 02:25:00+00:00,14.979999542236328,14.979999542236328,14.979999542236328,14.979999542236328,43085,0.0,0.0,0.0
2025-09-22 02:35:00+00:00,14.979999542236328,14.979999542236328,14.979999542236328,14.979999542236328,2029,0.0,0.0,0.0
2025-09-22 02:40:00+00:00,14.979999542236328,14.979999542236328,14.979999542236328,14.979999542236328,1436,0.0,0.0,0.0
2025-09-22 02:45:00+00:00,14.979999542236328,14.979999542236328,14.979999542236328,14.979999542236328,3085,0.0,0.0,0.0
2025-09-22 03:00:00+00:00,14.970000267028809,14.970000267028809,14.9399995803833,14.9399995803833,2686,0.0,0.0,0.0
2025-09-22 03:10:00+00:00,14.930000305175781,14.9399995803833,14.930000305175781,14.9399995803833,30029,0.0,0.0,0.0
2025-09-22 03:15:00+00:00,14.9399995803833,14.9399995803833,14.9399995803833,14.9399995803833,1115,0.0,0.0,0.0
2025-09-22 03:30:00+00:00,14.970000267028809,14.970000267028809,14.970000267028809,14.970000267028809,9129,0.0,0.0,0.0
2025-09-22 03:35:00+00:00,14.979999542236328,14.979999542236328,14.979999542236328,14.979999542236328,8030,0.0,0.0,0.0
2025-09-22 03:40:00+00:00,14.989999771118164,14.989999771118164,14.989999771118164,14.989999771118164,41057,0.0,0.0,0.0
2025-09-22 03:50:00+00:00,14.989999771118164,15.0,14.989999771118164,15.0,72056,0.0,0.0,0.0
2025-09-22 03:55:00+00:00,14.989999771118164,14.989999771118164,14.989999771118164,14.989999771118164,1054,0.0,0.0,0.0
2025-09-22 04:00:00+00:00,14.989999771118164,14.989999771118164,14.989999771118164,14.989999771118164,2030,0.0,0.0,0.0
2025-09-22 04:05:00+00:00,14.989999771118164,14.989999771118164,14.989999771118164,14.989999771118164,9029,0.0,0.0,0.0
2025-09-22 04:10:00+00:00,14.989999771118164,14.989999771118164,14.989999771118164,14.989999771118164,7028,0.0,0.0,0.0
2025-09-22 04:15:00+00:00,14.989999771118164,14.989999771118164,14.989999771118164,14.989999771118164,9089,0.0,0.0,0.0
2025-09-22 04:25:00+00:00,15.0,15.010000228881836,15.0,15.010000228881836,326444,0.0,0.0,0.0
2025-09-22 04:45:00+00:00,15.0,15.0,15.0,15.0,3057,0.0,0.0,0.0
2025-09-22 04:50:00+00:00,15.0,15.0,15.0,15.0,17030,0.0,0.0,0.0
2025-09-22 04:55:00+00:00,15.0,15.0,15.0,15.0,10050,0.0,0.0,0.0
2025-09-22 05:05:00+00:00,14.989999771118164,14.989999771118164,14.989999771118164,14.989999771118164,20000,0.0,0.0,0.0
2025-09-22 05:10:00+00:00,14.979999542236328,14.979999542236328,14.979999542236328,14.979999542236328,32026,0.0,0.0,0.0
2025-09-22 05:15:00+00:00,14.989999771118164,14.989999771118164,14.989999771118164,14.989999771118164,26028,0.0,0.0,0.0
2025-09-22 05:20:00+00:00,14.989999771118164,15.0,14.989999771118164,15.0,75026,0.0,0.0,0.0
2025-09-23 01:00:00+00:00,15.039999961853027,15.050000190734863,15.020000457763672,15.020000457763672,0,0.0,0.0,0.0
2025-09-23 01:05:00+00:00,15.0,15.0,15.0,15.0,100091,0.0,0.0,0.0
2025-09-23 01:15:00+00:00,14.960000038146973,14.960000038146973,14.960000038146973,14.960000038146973,1629,0.0,0.0,0.0
2025-09-23 01:20:00+00:00,14.930000305175781,14.930000305175781,14.930000305175781,14.930000305175781,2116,0.0,0.0,0.0
2025-09-23 01:25:00+00:00,14.899999618530273,14.899999618530273,14.899999618530273,14.899999618530273,10008,0.0,0.0,0.0
2025-09-23 01:30:00+00:00,14.930000305175781,14.930000305175781,14.930000305175781,14.930000305175781,23015,0.0,0.0,0.0
2025-09-23 01:40:00+00:00,14.930000305175781,14.930000305175781,14.930000305175781,14.930000305175781,3108,0.0,0.0,0.0
2025-09-23 01:45:00+00:00,14.930000305175781,14.930000305175781,14.930000305175781,14.930000305175781,1016,0.0,0.0,0.0
2025-09-23 01:55:00+00:00,14.90999984741211,14.90999984741211,14.90999984741211,14.90999984741211,1054,0.0,0.0,0.0
2025-09-23 02:05:00+00:00,14.90999984741211,14.920000076293945,14.90999984741211,14.920000076293945,8015,0.0,0.0,0.0
2025-09-23 02:15:00+00:00,14.920000076293945,14.920000076293945,14.920000076293945,14.920000076293945,3048,0.0,0.0,0.0
2025-09-23 02:40:00+00:00,14.920000076293945,14.920000076293945,14.90999984741211,14.90999984741211,6008,0.0,0.0,0.0
2025-09-23 02:45:00+00:00,14.90999984741211,14.920000076293945,14.90999984741211,14.920000076293945,9015,0.0,0.0,0.0
2025-09-23 02:50:00+00:00,14.920000076293945,14.920000076293945,14.920000076293945,14.920000076293945,3000,0.0,0.0,0.0
2025-09-23 02:55:00+00:00,14.920000076293945,14.930000305175781,14.920000076293945,14.930000305175781,7038,0.0,0.0,0.0
2025-09-23 03:05:00+00:00,14.930000305175781,14.930000305175781,14.930000305175781,14.930000305175781,26037,0.0,0.0,0.0
2025-09-23 03:20:00+00:00,14.930000305175781,14.930000305175781,14.930000305175781,14.930000305175781,4008,0.0,0.0,0.0
2025-09-23 03:25:00+00:00,14.9399995803833,14.9399995803833,14.9399995803833,14.9399995803833,3098,0.0,0.0,0.0
2025-09-23 04:20:00+00:00,14.930000305175781,14.930000305175781,14.920000076293945,14.920000076293945,9362,0.0,0.0,0.0
2025-09-23 04:40:00+00:00,14.880000114440918,14.880000114440918,14.880000114440918,14.880000114440918,1000,0.0,0.0,0.0
2025-09-23 04:50:00+00:00,14.880000114440918,14.880000114440918,14.880000114440918,14.880000114440918,2008,0.0,0.0,0.0
2025-09-23 05:00:00+00:00,14.869999885559082,14.869999885559082,14.869999885559082,14.869999885559082,13307,0.0,0.0,0.0
2025-09-24 01:00:00+00:00,14.869999885559082,14.899999618530273,14.869999885559082,14.899999618530273,0,0.0,0.0,0.0
2025-09-24 01:05:00+00:00,14.920000076293945,14.920000076293945,14.920000076293945,14.920000076293945,5007,0.0,0.0,0.0
2025-09-24 01:10:00+00:00,14.930000305175781,14.930000305175781,14.930000305175781,14.930000305175781,2003,0.0,0.0,0.0
2025-09-24 01:15:00+00:00,14.850000381469727,14.850000381469727,14.850000381469727,14.850000381469727,10208,0.0,0.0,0.0
2025-09-24 01:30:00+00:00,14.850000381469727,14.850000381469727,14.850000381469727,14.850000381469727,17005,0.0,0.0,0.0
2025-09-24 01:35:00+00:00,14.850000381469727,14.850000381469727,14.850000381469727,14.850000381469727,6002,0.0,0.0,0.0
2025-09-24 01:40:00+00:00,14.84000015258789,14.84000015258789,14.84000015258789,14.84000015258789,3005,0.0,0.0,0.0
2025-09-24 01:50:00+00:00,14.84000015258789,14.84000015258789,14.84000015258789,14.84000015258789,1038,0.0,0.0,0.0
2025-09-24 02:00:00+00:00,14.8100004196167,14.8100004196167,14.8100004196167,14.8100004196167,2003,0.0,0.0,0.0
2025-09-24 02:05:00+00:00,14.800000190734863,14.800000190734863,14.800000190734863,14.800000190734863,1002,0.0,0.0,0.0
2025-09-24 02:10:00+00:00,14.8100004196167,14.8100004196167,14.800000190734863,14.800000190734863,64003,0.0,0.0,0.0
2025-09-24 02:15:00+00:00,14.8100004196167,14.8100004196167,14.8100004196167,14.8100004196167,3233,0.0,0.0,0.0
2025-09-24 02:20:00+00:00,14.84000015258789,14.84000015258789,14.84000015258789,14.84000015258789,1000,0.0,0.0,0.0
2025-09-24 02:25:00+00:00,14.84000015258789,14.859999656677246,14.84000015258789,14.859999656677246,16018,0.0,0.0,0.0
2025-09-24 02:50:00+00:00,14.859999656677246,14.859999656677246,14.859999656677246,14.859999656677246,3000,0.0,0.0,0.0
2025-09-24 02:55:00+00:00,14.859999656677246,14.859999656677246,14.859999656677246,14.859999656677246,1005,0.0,0.0,0.0
2025-09-24 03:00:00+00:00,14.880000114440918,14.880000114440918,14.880000114440918,14.880000114440918,15011,0.0,0.0,0.0
2025-09-24 03:20:00+00:00,14.890000343322754,14.890000343322754,14.890000343322754,14.890000343322754,2002,0.0,0.0,0.0
2025-09-24 03:25:00+00:00,14.890000343322754,14.890000343322754,14.890000343322754,14.890000343322754,2016,0.0,0.0,0.0
2025-09-24 03:40:00+00:00,14.890000343322754,14.890000343322754,14.890000343322754,14.890000343322754,1012,0.0,0.0,0.0
2025-09-24 04:00:00+00:00,14.899999618530273,14.899999618530273,14.899999618530273,14.899999618530273,40218,0.0,0.0,0.0
2025-09-24 04:45:00+00:00,14.899999618530273,14.899999618530273,14.899999618530273,14.899999618530273,9000,0.0,0.0,0.0
2025-09-24 04:50:00+00:00,14.90999984741211,14.90999984741211,14.90999984741211,14.90999984741211,11000,0.0,0.0,0.0
2025-09-24 04:55:00+00:00,14.90999984741211,14.920000076293945,14.90999984741211,14.920000076293945,14017,0.0,0.0,0.0
2025-09-25 01:00:00+00:00,14.979999542236328,14.979999542236328,14.979999542236328,14.979999542236328,0,0.0,0.0,0.0
2025-09-25 01:15:00+00:00,14.960000038146973,14.979999542236328,14.949999809265137,14.979999542236328,59939,0.0,0.0,0.0
2025-09-25 01:20:00+00:00,14.989999771118164,15.029999732971191,14.989999771118164,15.029999732971191,192302,0.0,0.0,0.0
2025-09-25 01:25:00+00:00,15.039999961853027,15.039999961853027,15.029999732971191,15.039999961853027,6405,0.0,0.0,0.0
2025-09-25 01:30:00+00:00,15.029999732971191,15.029999732971191,15.029999732971191,15.029999732971191,7006,0.0,0.0,0.0
2025-09-25 01:35:00+00:00,15.029999732971191,15.029999732971191,15.029999732971191,15.029999732971191,8007,0.0,0.0,0.0
2025-09-25 01:40:00+00:00,15.029999732971191,15.029999732971191,15.029999732971191,15.029999732971191,1014,0.0,0.0,0.0
2025-09-25 01:45:00+00:00,15.029999732971191,15.029999732971191,15.029999732971191,15.029999732971191,16000,0.0,0.0,0.0
2025-09-25 01:50:00+00:00,15.029999732971191,15.039999961853027,15.029999732971191,15.039999961853027,80013,0.0,0.0,0.0
2025-09-25 01:55:00+00:00,15.020000457763672,15.020000457763672,15.020000457763672,15.020000457763672,17097,0.0,0.0,0.0
2025-09-25 02:00:00+00:00,15.020000457763672,15.020000457763672,15.020000457763672,15.020000457763672,12064,0.0,0.0,0.0
2025-09-25 02:35:00+00:00,14.930000305175781,14.930000305175781,14.930000305175781,14.930000305175781,1020,0.0,0.0,0.0
2025-09-25 02:55:00+00:00,14.899999618530273,14.899999618530273,14.899999618530273,14.899999618530273,10047,0.0,0.0,0.0
2025-09-25 03:05:00+00:00,14.899999618530273,14.899999618530273,14.899999618530273,14.899999618530273,1518,0.0,0.0,0.0
2025-09-25 04:30:00+00:00,14.869999885559082,14.880000114440918,14.869999885559082,14.880000114440918,9063,0.0,0.0,0.0
2025-09-25 04:40:00+00:00,14.869999885559082,14.869999885559082,14.869999885559082,14.869999885559082,31000,0.0,0.0,0.0
2025-09-25 04:45:00+00:00,14.859999656677246,14.859999656677246,14.859999656677246,14.859999656677246,12009,0.0,0.0,0.0
2025-09-25 05:00:00+00:00,14.859999656677246,14.859999656677246,14.859999656677246,14.859999656677246,1007,0.0,0.0,0.0
2025-09-25 05:10:00+00:00,14.859999656677246,14.859999656677246,14.859999656677246,14.859999656677246,7023,0.0,0.0,0.0
2025-09-25 05:20:00+00:00,14.850000381469727,14.850000381469727,14.850000381469727,14.850000381469727,2007,0.0,0.0,0.0
2025-09-26 01:05:00+00:00,14.760000228881836,14.760000228881836,14.760000228881836,14.760000228881836,0,0.0,0.0,0.0
2025-09-26 01:10:00+00:00,14.720000267028809,14.720000267028809,14.720000267028809,14.720000267028809,2220,0.0,0.0,0.0
2025-09-26 01:15:00+00:00,14.640000343322754,14.640000343322754,14.619999885559082,14.619999885559082,2404,0.0,0.0,0.0
2025-09-26 01:25:00+00:00,14.600000381469727,14.600000381469727,14.539999961853027,14.539999961853027,3005,0.0,0.0,0.0
2025-09-26 01:35:00+00:00,14.5,14.5,14.5,14.5,1006,0.0,0.0,0.0
2025-09-26 01:50:00+00:00,14.510000228881836,14.510000228881836,14.510000228881836,14.510000228881836,2003,0.0,0.0,0.0
2025-09-26 01:55:00+00:00,14.5,14.5,14.479999542236328,14.479999542236328,8558,0.0,0.0,0.0
2025-09-26 02:05:00+00:00,14.479999542236328,14.479999542236328,14.470000267028809,14.470000267028809,3002,0.0,0.0,0.0
2025-09-26 02:10:00+00:00,14.460000038146973,14.460000038146973,14.449999809265137,14.449999809265137,11324,0.0,0.0,0.0
2025-09-26 03:05:00+00:00,14.529999732971191,14.529999732971191,14.529999732971191,14.529999732971191,1067,0.0,0.0,0.0
2025-09-26 03:20:00+00:00,14.510000228881836,14.510000228881836,14.489999771118164,14.489999771118164,101165,0.0,0.0,0.0
2025-09-26 04:05:00+00:00,14.479999542236328,14.479999542236328,14.479999542236328,14.479999542236328,11104,0.0,0.0,0.0
2025-09-30 01:00:00+00:00,14.579999923706055,14.579999923706055,14.579999923706055,14.579999923706055,0,0.0,0.0,0.0
2025-09-30 01:30:00+00:00,14.609999656677246,14.619999885559082,14.609999656677246,14.619999885559082,13018,0.0,0.0,0.0
2025-09-30 01:35:00+00:00,14.619999885559082,14.619999885559082,14.619999885559082,14.619999885559082,5677,0.0,0.0,0.0
2025-09-30 02:15:00+00:00,14.630000114440918,14.630000114440918,14.630000114440918,14.630000114440918,3237,0.0,0.0,0.0
2025-09-30 03:20:00+00:00,14.619999885559082,14.619999885559082,14.619999885559082,14.619999885559082,1316,0.0,0.0,0.0
2025-09-30 03:45:00+00:00,14.630000114440918,14.630000114440918,14.630000114440918,14.630000114440918,1017,0.0,0.0,0.0
2025-09-30 03:55:00+00:00,14.630000114440918,14.630000114440918,14.630000114440918,14.630000114440918,3061,0.0,0.0,0.0
2025-09-30 04:15:00+00:00,14.630000114440918,14.630000114440918,14.630000114440918,14.630000114440918,2009,0.0,0.0,0.0
2025-09-30 04:20:00+00:00,14.630000114440918,14.640000343322754,14.630000114440918,14.640000343322754,27017,0.0,0.0,0.0
2025-09-30 04:30:00+00:00,14.649999618530273,14.649999618530273,14.649999618530273,14.649999618530273,6009,0.0,0.0,0.0
2025-09-30 04:35:00+00:00,14.65999984741211,14.65999984741211,14.65999984741211,14.65999984741211,1000,0.0,0.0,0.0
2025-09-30 04:40:00+00:00,14.65999984741211,14.65999984741211,14.65999984741211,14.65999984741211,2000,0.0,0.0,0.0
2025-09-30 04:50:00+00:00,14.65999984741211,14.65999984741211,14.65999984741211,14.65999984741211,10000,0.0,0.0,0.0
2025-09-30 04:55:00+00:00,14.670000076293945,14.670000076293945,14.670000076293945,14.670000076293945,6007,0.0,0.0,0.0
2025-09-30 05:05:00+00:00,14.680000305175781,14.680000305175781,14.680000305175781,14.680000305175781,1070,0.0,0.0,0.0
2025-09-30 05:20:00+00:00,14.680000305175781,14.680000305175781,14.680000305175781,14.680000305175781,4011,0.0,0.0,0.0
2025-10-01 01:00:00+00:00,14.729999542236328,14.729999542236328,14.729999542236328,14.729999542236328,0,0.0,0.0,0.0
2025-10-01 01:05:00+00:00,14.760000228881836,14.760000228881836,14.760000228881836,14.760000228881836,6018,0.0,0.0,0.0
2025-10-01 01:10:00+00:00,14.760000228881836,14.760000228881836,14.760000228881836,14.760000228881836,1018,0.0,0.0,0.0
2025-10-01 01:20:00+00:00,14.760000228881836,14.760000228881836,14.760000228881836,14.760000228881836,7012,0.0,0.0,0.0
2025-10-01 01:30:00+00:00,14.75,14.75,14.75,14.75,1012,0.0,0.0,0.0
2025-10-01 01:35:00+00:00,14.760000228881836,14.760000228881836,14.760000228881836,14.760000228881836,11000,0.0,0.0,0.0
2025-10-01 01:40:00+00:00,14.770000457763672,14.770000457763672,14.770000457763672,14.770000457763672,22024,0.0,0.0,0.0
2025-10-01 01:55:00+00:00,14.770000457763672,14.770000457763672,14.770000457763672,14.770000457763672,1018,0.0,0.0,0.0
2025-10-01 02:05:00+00:00,14.75,14.75,14.75,14.75,1024,0.0,0.0,0.0
2025-10-01 02:30:00+00:00,14.729999542236328,14.729999542236328,14.729999542236328,14.729999542236328,2018,0.0,0.0,0.0
2025-10-01 02:40:00+00:00,14.699999809265137,14.699999809265137,14.6899995803833,14.6899995803833,3027,0.0,0.0,0.0
2025-10-01 02:45:00+00:00,14.680000305175781,14.680000305175781,14.670000076293945,14.670000076293945,3012,0.0,0.0,0.0
2025-10-01 02:50:00+00:00,14.670000076293945,14.670000076293945,14.670000076293945,14.670000076293945,1006,0.0,0.0,0.0
2025-10-01 02:55:00+00:00,14.65999984741211,14.65999984741211,14.649999618530273,14.649999618530273,8026,0.0,0.0,0.0
2025-10-01 03:00:00+00:00,14.649999618530273,14.649999618530273,14.600000381469727,14.600000381469727,14030,0.0,0.0,0.0
2025-10-01 03:20:00+00:00,14.619999885559082,14.619999885559082,14.619999885559082,14.619999885559082,4024,0.0,0.0,0.0
2025-10-01 03:40:00+00:00,14.630000114440918,14.630000114440918,14.630000114440918,14.630000114440918,1317,0.0,0.0,0.0
2025-10-01 04:10:00+00:00,14.630000114440918,14.630000114440918,14.630000114440918,14.630000114440918,10270,0.0,0.0,0.0
2025-10-01 04:25:00+00:00,14.630000114440918,14.630000114440918,14.630000114440918,14.630000114440918,6125,0.0,0.0,0.0
2025-10-01 04:40:00+00:00,14.600000381469727,14.600000381469727,14.600000381469727,14.600000381469727,1168,0.0,0.0,0.0
2025-10-01 05:10:00+00:00,14.630000114440918,14.630000114440918,14.630000114440918,14.630000114440918,1052,0.0,0.0,0.0
2025-10-02 01:00:00+00:00,14.770000457763672,14.770000457763672,14.770000457763672,14.770000457763672,0,0.0,0.0,0.0
2025-10-02 02:05:00+00:00,14.729999542236328,14.729999542236328,14.729999542236328,14.729999542236328,5064,0.0,0.0,0.0
2025-10-02 03:25:00+00:00,14.649999618530273,14.649999618530273,14.649999618530273,14.649999618530273,209139,0.0,0.0,0.0
2025-10-02 03:35:00+00:00,14.649999618530273,14.649999618530273,14.649999618530273,14.649999618530273,4000,0.0,0.0,0.0
2025-10-02 03:40:00+00:00,14.649999618530273,14.649999618530273,14.649999618530273,14.649999618530273,2001,0.0,0.0,0.0
2025-10-02 03:50:00+00:00,14.649999618530273,14.649999618530273,14.649999618530273,14.649999618530273,2002,0.0,0.0,0.0
2025-10-02 04:00:00+00:00,14.65999984741211,14.65999984741211,14.65999984741211,14.65999984741211,7100,0.0,0.0,0.0
2025-10-02 04:10:00+00:00,14.65999984741211,14.65999984741211,14.65999984741211,14.65999984741211,1202,0.0,0.0,0.0
2025-10-02 04:50:00+00:00,14.65999984741211,14.65999984741211,14.65999984741211,14.65999984741211,52000,0.0,0.0,0.0
2025-10-02 05:00:00+00:00,14.65999984741211,14.65999984741211,14.65999984741211,14.65999984741211,6000,0.0,0.0,0.0
2025-10-02 05:15:00+00:00,14.649999618530273,14.65999984741211,14.649999618530273,14.65999984741211,3000,0.0,0.0,0.0
2025-10-02 05:20:00+00:00,14.649999618530273,14.649999618530273,14.649999618530273,14.649999618530273,8000,0.0,0.0,0.0
2025-10-03 01:00:00+00:00,14.739999771118164,14.739999771118164,14.739999771118164,14.739999771118164,16000,0.0,0.0,0.0
2025-10-03 01:05:00+00:00,14.739999771118164,14.75,14.739999771118164,14.75,2239,0.0,0.0,0.0
2025-10-03 01:10:00+00:00,14.75,14.75,14.75,14.75,2018,0.0,0.0,0.0
2025-10-03 01:15:00+00:00,14.739999771118164,14.760000228881836,14.739999771118164,14.75,19373,0.0,0.0,0.0
2025-10-03 01:40:00+00:00,14.729999542236328,14.729999542236328,14.729999542236328,14.729999542236328,1317,0.0,0.0,0.0
2025-10-03 01:50:00+00:00,14.710000038146973,14.720000267028809,14.710000038146973,14.720000267028809,17025,0.0,0.0,0.0
2025-10-03 01:55:00+00:00,14.739999771118164,14.739999771118164,14.739999771118164,14.739999771118164,10025,0.0,0.0,0.0
2025-10-03 02:00:00+00:00,14.710000038146973,14.710000038146973,14.710000038146973,14.710000038146973,30052,0.0,0.0,0.0
2025-10-03 02:10:00+00:00,14.729999542236328,14.729999542236328,14.729999542236328,14.729999542236328,5324,0.0,0.0,0.0
2025-10-03 02:15:00+00:00,14.729999542236328,14.729999542236328,14.729999542236328,14.729999542236328,1038,0.0,0.0,0.0
2025-10-03 02:25:00+00:00,14.729999542236328,14.739999771118164,14.729999542236328,14.739999771118164,16038,0.0,0.0,0.0
2025-10-03 02:30:00+00:00,14.75,14.75,14.75,14.75,16012,0.0,0.0,0.0
2025-10-03 02:35:00+00:00,14.75,14.75,14.75,14.75,25013,0.0,0.0,0.0
2025-10-03 02:40:00+00:00,14.739999771118164,14.739999771118164,14.739999771118164,14.739999771118164,100092,0.0,0.0,0.0
2025-10-03 02:55:00+00:00,14.710000038146973,14.710000038146973,14.710000038146973,14.710000038146973,1496,0.0,0.0,0.0
2025-10-03 03:35:00+00:00,14.699999809265137,14.699999809265137,14.699999809265137,14.699999809265137,59035,0.0,0.0,0.0
2025-10-03 03:45:00+00:00,14.699999809265137,14.699999809265137,14.699999809265137,14.699999809265137,20038,0.0,0.0,0.0
2025-10-03 04:00:00+00:00,14.710000038146973,14.710000038146973,14.710000038146973,14.710000038146973,1451,0.0,0.0,0.0
2025-10-03 04:45:00+00:00,14.699999809265137,14.710000038146973,14.699999809265137,14.710000038146973,4002,0.0,0.0,0.0
2025-10-03 04:55:00+00:00,14.710000038146973,14.710000038146973,14.710000038146973,14.710000038146973,5011,0.0,0.0,0.0
2025-10-03 05:00:00+00:00,14.710000038146973,14.710000038146973,14.710000038146973,14.710000038146973,157015,0.0,0.0,0.0
2025-10-03 05:10:00+00:00,14.710000038146973,14.710000038146973,14.710000038146973,14.710000038146973,16012,0.0,0.0,0.0
2025-10-03 05:20:00+00:00,14.720000267028809,14.720000267028809,14.710000038146973,14.710000038146973,2024,0.0,0.0,0.0
2025-10-07 01:00:00+00:00,14.739999771118164,14.75,14.739999771118164,14.739999771118164,0,0.0,0.0,0.0
2025-10-07 01:05:00+00:00,14.739999771118164,14.75,14.739999771118164,14.75,23418,0.0,0.0,0.0
2025-10-07 01:25:00+00:00,14.75,14.760000228881836,14.75,14.760000228881836,58000,0.0,0.0,0.0
2025-10-07 01:30:00+00:00,14.760000228881836,14.789999961853027,14.760000228881836,14.789999961853027,19728,0.0,0.0,0.0
2025-10-07 01:45:00+00:00,14.779999732971191,14.8100004196167,14.779999732971191,14.8100004196167,5410,0.0,0.0,0.0
2025-10-07 01:50:00+00:00,14.819999694824219,14.859999656677246,14.819999694824219,14.859999656677246,226129,0.0,0.0,0.0
2025-10-07 01:55:00+00:00,14.869999885559082,14.880000114440918,14.869999885559082,14.880000114440918,45118,0.0,0.0,0.0
2025-10-07 02:00:00+00:00,14.880000114440918,14.880000114440918,14.880000114440918,14.880000114440918,1157,0.0,0.0,0.0
2025-10-07 02:05:00+00:00,14.890000343322754,14.899999618530273,14.890000343322754,14.899999618530273,43057,0.0,0.0,0.0
2025-10-07 02:10:00+00:00,14.899999618530273,14.899999618530273,14.899999618530273,14.899999618530273,8625,0.0,0.0,0.0
2025-10-07 02:55:00+00:00,14.890000343322754,14.899999618530273,14.890000343322754,14.899999618530273,34000,0.0,0.0,0.0
2025-10-07 03:00:00+00:00,14.899999618530273,14.920000076293945,14.899999618530273,14.90999984741211,21171,0.0,0.0,0.0
2025-10-07 03:05:00+00:00,14.90999984741211,14.90999984741211,14.90999984741211,14.90999984741211,1056,0.0,0.0,0.0
2025-10-07 03:15:00+00:00,14.90999984741211,14.90999984741211,14.90999984741211,14.90999984741211,10285,0.0,0.0,0.0
2025-10-07 03:35:00+00:00,14.890000343322754,14.890000343322754,14.890000343322754,14.890000343322754,91113,0.0,0.0,0.0
2025-10-07 03:40:00+00:00,14.880000114440918,14.880000114440918,14.880000114440918,14.880000114440918,10000,0.0,0.0,0.0
2025-10-07 03:45:00+00:00,14.880000114440918,14.880000114440918,14.880000114440918,14.880000114440918,88114,0.0,0.0,0.0
2025-10-07 03:50:00+00:00,14.880000114440918,14.880000114440918,14.880000114440918,14.880000114440918,88398,0.0,0.0,0.0
2025-10-07 04:20:00+00:00,14.880000114440918,14.880000114440918,14.880000114440918,14.880000114440918,4057,0.0,0.0,0.0
2025-10-07 04:25:00+00:00,14.869999885559082,14.869999885559082,14.869999885559082,14.869999885559082,16057,0.0,0.0,0.0
2025-10-07 04:55:00+00:00,14.869999885559082,14.869999885559082,14.869999885559082,14.869999885559082,3000,0.0,0.0,0.0
2025-10-07 05:00:00+00:00,14.869999885559082,14.869999885559082,14.869999885559082,14.869999885559082,2513,0.0,0.0,0.0
2025-10-07 05:20:00+00:00,14.859999656677246,14.859999656677246,14.859999656677246,14.859999656677246,2046,0.0,0.0,0.0
2025-10-08 01:00:00+00:00,14.890000343322754,14.890000343322754,14.890000343322754,14.890000343322754,0,0.0,0.0,0.0
2025-10-08 01:05:00+00:00,14.869999885559082,14.869999885559082,14.869999885559082,14.869999885559082,1292,0.0,0.0,0.0
2025-10-08 01:15:00+00:00,14.8100004196167,14.8100004196167,14.800000190734863,14.800000190734863,103214,0.0,0.0,0.0
2025-10-08 01:20:00+00:00,14.779999732971191,14.779999732971191,14.779999732971191,14.779999732971191,31014,0.0,0.0,0.0
2025-10-08 01:25:00+00:00,14.800000190734863,14.8100004196167,14.800000190734863,14.8100004196167,22029,0.0,0.0,0.0
2025-10-08 01:30:00+00:00,14.8100004196167,14.8100004196167,14.8100004196167,14.8100004196167,1044,0.0,0.0,0.0
2025-10-08 01:35:00+00:00,14.819999694824219,14.819999694824219,14.819999694824219,14.819999694824219,6015,0.0,0.0,0.0
2025-10-08 01:40:00+00:00,14.84000015258789,14.84000015258789,14.84000015258789,14.84000015258789,3062,0.0,0.0,0.0
2025-10-08 01:50:00+00:00,14.850000381469727,14.850000381469727,14.850000381469727,14.850000381469727,80000,0.0,0.0,0.0
2025-10-08 01:55:00+00:00,14.869999885559082,14.890000343322754,14.869999885559082,14.890000343322754,12178,0.0,0.0,0.0
2025-10-08 02:10:00+00:00,14.869999885559082,14.869999885559082,14.869999885559082,14.869999885559082,100297,0.0,0.0,0.0
2025-10-08 02:25:00+00:00,14.819999694824219,14.819999694824219,14.8100004196167,14.8100004196167,5014,0.0,0.0,0.0
2025-10-08 02:30:00+00:00,14.819999694824219,14.819999694824219,14.819999694824219,14.819999694824219,35043,0.0,0.0,0.0
2025-10-08 02:45:00+00:00,14.84000015258789,14.84000015258789,14.84000015258789,14.84000015258789,10029,0.0,0.0,0.0
2025-10-08 02:55:00+00:00,14.850000381469727,14.850000381469727,14.850000381469727,14.850000381469727,1043,0.0,0.0,0.0
2025-10-08 03:05:00+00:00,14.880000114440918,14.880000114440918,14.880000114440918,14.880000114440918,4042,0.0,0.0,0.0
2025-10-08 03:20:00+00:00,14.880000114440918,14.880000114440918,14.880000114440918,14.880000114440918,37032,0.0,0.0,0.0
2025-10-08 03:25:00+00:00,14.869999885559082,14.869999885559082,14.869999885559082,14.869999885559082,5014,0.0,0.0,0.0
2025-10-08 03:30:00+00:00,14.869999885559082,14.869999885559082,14.869999885559082,14.869999885559082,2105,0.0,0.0,0.0
2025-10-08 03:35:00+00:00,14.869999885559082,14.869999885559082,14.869999885559082,14.869999885559082,1014,0.0,0.0,0.0
2025-10-08 03:40:00+00:00,14.880000114440918,14.880000114440918,14.880000114440918,14.880000114440918,45014,0.0,0.0,0.0
2025-10-08 03:45:00+00:00,14.890000343322754,14.890000343322754,14.890000343322754,14.890000343322754,12210,0.0,0.0,0.0
2025-10-08 04:05:00+00:00,14.890000343322754,14.890000343322754,14.890000343322754,14.890000343322754,3077,0.0,0.0,0.0
2025-10-08 04:20:00+00:00,14.890000343322754,14.890000343322754,14.890000343322754,14.890000343322754,5000,0.0,0.0,0.0
2025-10-08 04:25:00+00:00,14.880000114440918,14.880000114440918,14.880000114440918,14.880000114440918,15029,0.0,0.0,0.0
2025-10-08 04:40:00+00:00,14.890000343322754,14.899999618530273,14.890000343322754,14.899999618530273,85025,0.0,0.0,0.0
2025-10-08 04:45:00+00:00,14.899999618530273,14.899999618530273,14.899999618530273,14.899999618530273,5000,0.0,0.0,0.0
2025-10-08 04:50:00+00:00,14.899999618530273,14.899999618530273,14.899999618530273,14.899999618530273,15141,0.0,0.0,0.0
2025-10-08 04:55:00+00:00,14.90999984741211,14.920000076293945,14.899999618530273,14.920000076293945,8551,0.0,0.0,0.0
2025-10-08 05:10:00+00:00,14.920000076293945,14.930000305175781,14.920000076293945,14.930000305175781,18382,0.0,0.0,0.0
2025-10-08 05:15:00+00:00,14.930000305175781,14.930000305175781,14.930000305175781,14.930000305175781,1033,0.0,0.0,0.0
2025-10-08 05:20:00+00:00,14.930000305175781,14.9399995803833,14.930000305175781,14.9399995803833,5014,0.0,0.0,0.0
2025-10-09 01:00:00+00:00,15.010000228881836,15.010000228881836,15.010000228881836,15.010000228881836,0,0.0,0.0,0.0
2025-10-09 01:05:00+00:00,15.010000228881836,15.010000228881836,15.010000228881836,15.010000228881836,216000,0.0,0.0,0.0
2025-10-09 01:10:00+00:00,15.010000228881836,15.010000228881836,15.010000228881836,15.010000228881836,24003,0.0,0.0,0.0
2025-10-09 01:15:00+00:00,15.010000228881836,15.020000457763672,15.010000228881836,15.010000228881836,93819,0.0,0.0,0.0
2025-10-09 01:20:00+00:00,15.020000457763672,15.050000190734863,15.020000457763672,15.050000190734863,270628,0.0,0.0,0.0
2025-10-09 01:25:00+00:00,15.0600004196167,15.0600004196167,15.050000190734863,15.050000190734863,6027,0.0,0.0,0.0
2025-10-09 01:30:00+00:00,15.050000190734863,15.050000190734863,15.050000190734863,15.050000190734863,91001,0.0,0.0,0.0
2025-10-09 01:35:00+00:00,15.050000190734863,15.050000190734863,15.050000190734863,15.050000190734863,29002,0.0,0.0,0.0
2025-10-09 01:40:00+00:00,15.039999961853027,15.050000190734863,15.039999961853027,15.050000190734863,94001,0.0,0.0,0.0
2025-10-09 01:45:00+00:00,15.050000190734863,15.050000190734863,15.050000190734863,15.050000190734863,55002,0.0,0.0,0.0
2025-10-09 01:50:00+00:00,15.039999961853027,15.039999961853027,15.039999961853027,15.039999961853027,1000,0.0,0.0,0.0
2025-10-09 01:55:00+00:00,15.039999961853027,15.050000190734863,15.039999961853027,15.050000190734863,130102,0.0,0.0,0.0
2025-10-09 02:00:00+00:00,15.039999961853027,15.039999961853027,15.039999961853027,15.039999961853027,98001,0.0,0.0,0.0
2025-10-09 02:05:00+00:00,15.039999961853027,15.039999961853027,15.039999961853027,15.039999961853027,1383,0.0,0.0,0.0
2025-10-09 02:25:00+00:00,15.039999961853027,15.039999961853027,15.039999961853027,15.039999961853027,99002,0.0,0.0,0.0
2025-10-09 02:30:00+00:00,15.039999961853027,15.039999961853027,15.039999961853027,15.039999961853027,15002,0.0,0.0,0.0
2025-10-09 02:40:00+00:00,15.039999961853027,15.039999961853027,15.039999961853027,15.039999961853027,1006,0.0,0.0,0.0
2025-10-09 03:05:00+00:00,15.020000457763672,15.029999732971191,14.989999771118164,14.989999771118164,30003,0.0,0.0,0.0
2025-10-09 03:20:00+00:00,15.0,15.0,15.0,15.0,7003,0.0,0.0,0.0
2025-10-09 03:30:00+00:00,14.989999771118164,14.989999771118164,14.989999771118164,14.989999771118164,1021,0.0,0.0,0.0
2025-10-09 03:35:00+00:00,14.979999542236328,14.979999542236328,14.979999542236328,14.979999542236328,7226,0.0,0.0,0.0
2025-10-09 04:00:00+00:00,14.960000038146973,14.960000038146973,14.960000038146973,14.960000038146973,40001,0.0,0.0,0.0
2025-10-09 04:05:00+00:00,14.960000038146973,14.960000038146973,14.960000038146973,14.960000038146973,4001,0.0,0.0,0.0
2025-10-09 04:10:00+00:00,14.960000038146973,14.960000038146973,14.960000038146973,14.960000038146973,5003,0.0,0.0,0.0
2025-10-09 04:20:00+00:00,14.960000038146973,14.960000038146973,14.960000038146973,14.960000038146973,1072,0.0,0.0,0.0
2025-10-09 04:30:00+00:00,14.960000038146973,14.960000038146973,14.960000038146973,14.960000038146973,6000,0.0,0.0,0.0
2025-10-09 04:35:00+00:00,14.960000038146973,14.960000038146973,14.960000038146973,14.960000038146973,1521,0.0,0.0,0.0
2025-10-09 05:00:00+00:00,14.960000038146973,14.960000038146973,14.960000038146973,14.960000038146973,1065,0.0,0.0,0.0
2025-10-13 01:00:00+00:00,14.5,14.5,14.5,14.5,0,0.0,0.0,0.0
2025-10-13 01:05:00+00:00,14.470000267028809,14.470000267028809,14.449999809265137,14.449999809265137,131136,0.0,0.0,0.0
2025-10-13 01:10:00+00:00,14.5,14.5,14.5,14.5,6088,0.0,0.0,0.0
2025-10-13 01:20:00+00:00,14.640000343322754,14.640000343322754,14.640000343322754,14.640000343322754,5023,0.0,0.0,0.0
2025-10-13 01:25:00+00:00,14.609999656677246,14.609999656677246,14.609999656677246,14.609999656677246,15311,0.0,0.0,0.0
2025-10-13 01:30:00+00:00,14.649999618530273,14.649999618530273,14.619999885559082,14.619999885559082,2023,0.0,0.0,0.0
2025-10-13 01:35:00+00:00,14.619999885559082,14.619999885559082,14.529999732971191,14.529999732971191,15137,0.0,0.0,0.0
2025-10-13 01:50:00+00:00,14.600000381469727,14.600000381469727,14.600000381469727,14.600000381469727,31297,0.0,0.0,0.0
2025-10-13 02:00:00+00:00,14.640000343322754,14.640000343322754,14.640000343322754,14.640000343322754,15159,0.0,0.0,0.0
2025-10-13 02:05:00+00:00,14.619999885559082,14.619999885559082,14.619999885559082,14.619999885559082,18936,0.0,0.0,0.0
2025-10-13 02:10:00+00:00,14.630000114440918,14.630000114440918,14.630000114440918,14.630000114440918,6069,0.0,0.0,0.0
2025-10-13 02:25:00+00:00,14.65999984741211,14.65999984741211,14.65999984741211,14.65999984741211,17344,0.0,0.0,0.0
2025-10-13 02:30:00+00:00,14.680000305175781,14.680000305175781,14.680000305175781,14.680000305175781,3045,0.0,0.0,0.0
2025-10-13 02:40:00+00:00,14.65999984741211,14.65999984741211,14.65999984741211,14.65999984741211,50578,0.0,0.0,0.0
2025-10-13 03:35:00+00:00,14.720000267028809,14.720000267028809,14.720000267028809,14.720000267028809,10382,0.0,0.0,0.0
2025-10-13 03:40:00+00:00,14.720000267028809,14.720000267028809,14.720000267028809,14.720000267028809,1245,0.0,0.0,0.0
2025-10-13 04:25:00+00:00,14.720000267028809,14.720000267028809,14.720000267028809,14.720000267028809,3024,0.0,0.0,0.0
2025-10-13 04:35:00+00:00,14.729999542236328,14.729999542236328,14.729999542236328,14.729999542236328,2050,0.0,0.0,0.0
2025-10-13 04:55:00+00:00,14.75,14.75,14.75,14.75,1024,0.0,0.0,0.0
2025-10-13 05:00:00+00:00,14.75,14.75,14.75,14.75,2024,0.0,0.0,0.0
2025-10-13 05:10:00+00:00,14.770000457763672,14.770000457763672,14.770000457763672,14.770000457763672,2116,0.0,0.0,0.0
2025-10-14 01:00:00+00:00,14.949999809265137,14.970000267028809,14.949999809265137,14.970000267028809,0,0.0,0.0,0.0
2025-10-14 01:05:00+00:00,14.979999542236328,14.979999542236328,14.979999542236328,14.979999542236328,10292,0.0,0.0,0.0
2025-10-14 01:10:00+00:00,14.979999542236328,14.979999542236328,14.979999542236328,14.979999542236328,18000,0.0,0.0,0.0
2025-10-14 01:15:00+00:00,14.920000076293945,14.920000076293945,14.920000076293945,14.920000076293945,1000,0.0,0.0,0.0
2025-10-14 01:20:00+00:00,14.899999618530273,14.899999618530273,14.899999618530273,14.899999618530273,6067,0.0,0.0,0.0
2025-10-14 01:35:00+00:00,14.899999618530273,14.90999984741211,14.899999618530273,14.90999984741211,7000,0.0,0.0,0.0
2025-10-14 01:40:00+00:00,14.899999618530273,14.899999618530273,14.899999618530273,14.899999618530273,12088,0.0,0.0,0.0
2025-10-14 01:50:00+00:00,14.920000076293945,14.920000076293945,14.920000076293945,14.920000076293945,24022,0.0,0.0,0.0
2025-10-14 02:05:00+00:00,14.899999618530273,14.899999618530273,14.899999618530273,14.899999618530273,13000,0.0,0.0,0.0
2025-10-14 02:10:00+00:00,14.880000114440918,14.880000114440918,14.880000114440918,14.880000114440918,2398,0.0,0.0,0.0
2025-10-14 02:15:00+00:00,14.869999885559082,14.869999885559082,14.850000381469727,14.850000381469727,5000,0.0,0.0,0.0
2025-10-14 02:20:00+00:00,14.84000015258789,14.84000015258789,14.84000015258789,14.84000015258789,2000,0.0,0.0,0.0
2025-10-14 02:25:00+00:00,14.829999923706055,14.829999923706055,14.800000190734863,14.800000190734863,17454,0.0,0.0,0.0
2025-10-14 02:40:00+00:00,14.729999542236328,14.729999542236328,14.729999542236328,14.729999542236328,2001,0.0,0.0,0.0
2025-10-14 02:45:00+00:00,14.720000267028809,14.720000267028809,14.720000267028809,14.720000267028809,1000,0.0,0.0,0.0
2025-10-14 02:50:00+00:00,14.699999809265137,14.699999809265137,14.699999809265137,14.699999809265137,20000,0.0,0.0,0.0
2025-10-14 02:55:00+00:00,14.6899995803833,14.6899995803833,14.680000305175781,14.680000305175781,7029,0.0,0.0,0.0
2025-10-14 03:00:00+00:00,14.680000305175781,14.680000305175781,14.670000076293945,14.670000076293945,21072,0.0,0.0,0.0
2025-10-14 03:05:00+00:00,14.670000076293945,14.670000076293945,14.670000076293945,14.670000076293945,15000,0.0,0.0,0.0
2025-10-14 03:15:00+00:00,14.670000076293945,14.670000076293945,14.65999984741211,14.65999984741211,7000,0.0,0.0,0.0
2025-10-14 03:25:00+00:00,14.699999809265137,14.699999809265137,14.699999809265137,14.699999809265137,5433,0.0,0.0,0.0
2025-10-14 04:10:00+00:00,14.699999809265137,14.699999809265137,14.699999809265137,14.699999809265137,6088,0.0,0.0,0.0
2025-10-14 04:15:00+00:00,14.670000076293945,14.670000076293945,14.649999618530273,14.649999618530273,24289,0.0,0.0,0.0
2025-10-14 04:20:00+00:00,14.640000343322754,14.640000343322754,14.630000114440918,14.630000114440918,2209,0.0,0.0,0.0
2025-10-14 04:25:00+00:00,14.609999656677246,14.609999656677246,14.600000381469727,14.600000381469727,89001,0.0,0.0,0.0
2025-10-14 04:30:00+00:00,14.579999923706055,14.579999923706055,14.579999923706055,14.579999923706055,11250,0.0,0.0,0.0
2025-10-14 04:35:00+00:00,14.5600004196167,14.5600004196167,14.550000190734863,14.550000190734863,5000,0.0,0.0,0.0
2025-10-14 04:40:00+00:00,14.539999961853027,14.539999961853027,14.520000457763672,14.520000457763672,12000,0.0,0.0,0.0
2025-10-14 04:50:00+00:00,14.5,14.5,14.5,14.5,5000,0.0,0.0,0.0
2025-10-14 04:55:00+00:00,14.520000457763672,14.520000457763672,14.520000457763672,14.520000457763672,50001,0.0,0.0,0.0
2025-10-14 05:00:00+00:00,14.520000457763672,14.520000457763672,14.520000457763672,14.520000457763672,90080,0.0,0.0,0.0
2025-10-14 05:05:00+00:00,14.520000457763672,14.520000457763672,14.520000457763672,14.520000457763672,11072,0.0,0.0,0.0
2025-10-14 05:10:00+00:00,14.520000457763672,14.520000457763672,14.520000457763672,14.520000457763672,1001,0.0,0.0,0.0
2025-10-14 05:20:00+00:00,14.520000457763672,14.520000457763672,14.520000457763672,14.520000457763672,24000,0.0,0.0,0.0
2025-10-15 01:00:00+00:00,14.529999732971191,14.529999732971191,14.529999732971191,14.529999732971191,0,0.0,0.0,0.0
2025-10-15 01:05:00+00:00,14.529999732971191,14.529999732971191,14.529999732971191,14.529999732971191,1990,0.0,0.0,0.0
2025-10-15 01:10:00+00:00,14.510000228881836,14.510000228881836,14.510000228881836,14.510000228881836,3344,0.0,0.0,0.0
2025-10-15 01:20:00+00:00,14.550000190734863,14.550000190734863,14.550000190734863,14.550000190734863,3023,0.0,0.0,0.0
2025-10-15 01:25:00+00:00,14.550000190734863,14.550000190734863,14.550000190734863,14.550000190734863,4127,0.0,0.0,0.0
2025-10-15 01:40:00+00:00,14.600000381469727,14.600000381469727,14.600000381469727,14.600000381469727,1047,0.0,0.0,0.0
2025-10-15 02:15:00+00:00,14.680000305175781,14.680000305175781,14.680000305175781,14.680000305175781,9122,0.0,0.0,0.0
2025-10-15 02:25:00+00:00,14.6899995803833,14.6899995803833,14.6899995803833,14.6899995803833,16811,0.0,0.0,0.0
2025-10-15 03:10:00+00:00,14.720000267028809,14.720000267028809,14.720000267028809,14.720000267028809,5226,0.0,0.0,0.0
2025-10-15 03:30:00+00:00,14.720000267028809,14.720000267028809,14.720000267028809,14.720000267028809,1100,0.0,0.0,0.0
2025-10-15 03:35:00+00:00,14.720000267028809,14.720000267028809,14.720000267028809,14.720000267028809,3047,0.0,0.0,0.0
2025-10-15 04:10:00+00:00,14.720000267028809,14.720000267028809,14.720000267028809,14.720000267028809,2689,0.0,0.0,0.0
2025-10-15 04:25:00+00:00,14.720000267028809,14.720000267028809,14.720000267028809,14.720000267028809,66253,0.0,0.0,0.0
2025-10-15 04:40:00+00:00,14.720000267028809,14.720000267028809,14.720000267028809,14.720000267028809,2000,0.0,0.0,0.0
2025-10-15 04:45:00+00:00,14.720000267028809,14.720000267028809,14.720000267028809,14.720000267028809,88000,0.0,0.0,0.0
2025-10-15 04:50:00+00:00,14.710000038146973,14.720000267028809,14.710000038146973,14.720000267028809,94131,0.0,0.0,0.0
2025-10-15 05:00:00+00:00,14.720000267028809,14.720000267028809,14.720000267028809,14.720000267028809,27034,0.0,0.0,0.0
2025-10-15 05:10:00+00:00,14.720000267028809,14.720000267028809,14.720000267028809,14.720000267028809,1060,0.0,0.0,0.0
2025-10-15 05:15:00+00:00,14.729999542236328,14.729999542236328,14.729999542236328,14.729999542236328,2017,0.0,0.0,0.0
2025-10-15 05:20:00+00:00,14.739999771118164,14.75,14.739999771118164,14.75,10018,0.0,0.0,0.0
2025-10-16 01:00:00+00:00,14.949999809265137,14.960000038146973,14.949999809265137,14.960000038146973,0,0.0,0.0,0.0
2025-10-16 01:05:00+00:00,14.960000038146973,14.960000038146973,14.949999809265137,14.949999809265137,64054,0.0,0.0,0.0
2025-10-16 01:10:00+00:00,14.960000038146973,14.970000267028809,14.960000038146973,14.970000267028809,27016,0.0,0.0,0.0
2025-10-16 01:15:00+00:00,14.970000267028809,14.979999542236328,14.970000267028809,14.979999542236328,6016,0.0,0.0,0.0
2025-10-16 01:20:00+00:00,14.979999542236328,14.979999542236328,14.970000267028809,14.970000267028809,63332,0.0,0.0,0.0
2025-10-16 01:25:00+00:00,14.979999542236328,14.979999542236328,14.979999542236328,14.979999542236328,3108,0.0,0.0,0.0
2025-10-16 01:30:00+00:00,14.979999542236328,15.0,14.979999542236328,15.0,80065,0.0,0.0,0.0
2025-10-16 01:50:00+00:00,15.0,15.0,15.0,15.0,99154,0.0,0.0,0.0
2025-10-16 02:05:00+00:00,14.979999542236328,14.979999542236328,14.979999542236328,14.979999542236328,5033,0.0,0.0,0.0
2025-10-16 02:15:00+00:00,14.9399995803833,14.949999809265137,14.9399995803833,14.949999809265137,7016,0.0,0.0,0.0
2025-10-16 02:20:00+00:00,14.949999809265137,14.949999809265137,14.949999809265137,14.949999809265137,15227,0.0,0.0,0.0
2025-10-16 02:55:00+00:00,14.899999618530273,14.899999618530273,14.899999618530273,14.899999618530273,5032,0.0,0.0,0.0
2025-10-16 03:00:00+00:00,14.899999618530273,14.899999618530273,14.899999618530273,14.899999618530273,4050,0.0,0.0,0.0
2025-10-16 03:10:00+00:00,14.899999618530273,14.899999618530273,14.899999618530273,14.899999618530273,1696,0.0,0.0,0.0
2025-10-16 04:05:00+00:00,14.890000343322754,14.890000343322754,14.890000343322754,14.890000343322754,1602,0.0,0.0,0.0
2025-10-16 04:15:00+00:00,14.890000343322754,14.899999618530273,14.890000343322754,14.899999618530273,107978,0.0,0.0,0.0
2025-10-16 05:00:00+00:00,14.890000343322754,14.890000343322754,14.890000343322754,14.890000343322754,6014,0.0,0.0,0.0
2025-10-16 05:10:00+00:00,14.899999618530273,14.899999618530273,14.899999618530273,14.899999618530273,14013,0.0,0.0,0.0
2025-10-16 05:15:00+00:00,14.899999618530273,14.899999618530273,14.899999618530273,14.899999618530273,5214,0.0,0.0,0.0
2025-10-16 05:20:00+00:00,14.90999984741211,14.90999984741211,14.90999984741211,14.90999984741211,16014,0.0,0.0,0.0
2025-10-17 01:00:00+00:00,14.90999984741211,14.90999984741211,14.90999984741211,14.90999984741211,0,0.0,0.0,0.0
2025-10-17 01:05:00+00:00,14.850000381469727,14.850000381469727,14.850000381469727,14.850000381469727,1002,0.0,0.0,0.0
2025-10-17 01:10:00+00:00,14.90999984741211,14.90999984741211,14.90999984741211,14.90999984741211,1301,0.0,0.0,0.0
2025-10-17 01:15:00+00:00,14.920000076293945,14.949999809265137,14.920000076293945,14.949999809265137,6197,0.0,0.0,0.0
2025-10-17 01:20:00+00:00,14.949999809265137,14.949999809265137,14.949999809265137,14.949999809265137,2001,0.0,0.0,0.0
2025-10-17 01:25:00+00:00,14.960000038146973,14.960000038146973,14.960000038146973,14.960000038146973,1004,0.0,0.0,0.0
2025-10-17 01:35:00+00:00,14.960000038146973,14.960000038146973,14.960000038146973,14.960000038146973,1001,0.0,0.0,0.0
2025-10-17 01:40:00+00:00,14.979999542236328,14.979999542236328,14.979999542236328,14.979999542236328,42002,0.0,0.0,0.0
2025-10-17 01:45:00+00:00,14.960000038146973,14.960000038146973,14.960000038146973,14.960000038146973,30086,0.0,0.0,0.0
2025-10-17 02:15:00+00:00,14.90999984741211,14.90999984741211,14.90999984741211,14.90999984741211,1371,0.0,0.0,0.0
2025-10-17 03:00:00+00:00,14.899999618530273,14.899999618530273,14.899999618530273,14.899999618530273,2916,0.0,0.0,0.0
2025-10-17 04:00:00+00:00,14.880000114440918,14.880000114440918,14.880000114440918,14.880000114440918,10280,0.0,0.0,0.0
2025-10-17 05:05:00+00:00,14.869999885559082,14.869999885559082,14.869999885559082,14.869999885559082,1101,0.0,0.0,0.0
2025-10-17 05:15:00+00:00,14.859999656677246,14.859999656677246,14.859999656677246,14.859999656677246,7001,0.0,0.0,0.0
2025-10-17 05:20:00+00:00,14.850000381469727,14.850000381469727,14.850000381469727,14.850000381469727,3001,0.0,0.0,0.0
