Datetime,Open,High,Low,Close,Volume,Dividends,Stock Splits
2024-02-15 09:00:00+08:00,125.5,125.5,125.5,125.5,0,0.0,0.0
2024-02-15 09:05:00+08:00,125.5,125.5,125.5,125.5,2000,0.0,0.0
2024-02-15 09:15:00+08:00,125.0,125.0,125.0,125.0,1100,0.0,0.0
2024-02-15 09:20:00+08:00,125.0,125.5,125.0,125.5,3500,0.0,0.0
2024-02-15 09:25:00+08:00,125.5,125.5,125.5,125.5,1800,0.0,0.0
2024-02-15 09:30:00+08:00,125.5,125.5,125.5,125.5,1000,0.0,0.0
2024-02-15 09:35:00+08:00,125.0,125.0,125.0,125.0,1000,0.0,0.0
2024-02-15 09:50:00+08:00,125.0,125.0,125.0,125.0,2000,0.0,0.0
2024-02-15 09:55:00+08:00,125.5,125.5,125.5,125.5,1000,0.0,0.0
2024-02-15 10:00:00+08:00,125.5,125.5,125.5,125.5,1000,0.0,0.0
2024-02-15 10:20:00+08:00,125.5,125.5,125.5,125.5,2000,0.0,0.0
2024-02-15 10:30:00+08:00,125.0,125.0,125.0,125.0,3000,0.0,0.0
2024-02-15 10:40:00+08:00,125.0,125.0,125.0,125.0,1000,0.0,0.0
2024-02-15 10:55:00+08:00,125.0,125.0,125.0,125.0,2000,0.0,0.0
2024-02-15 11:00:00+08:00,125.0,125.0,125.0,125.0,1000,0.0,0.0
2024-02-15 11:05:00+08:00,125.0,125.0,125.0,125.0,1603,0.0,0.0
2024-02-15 11:45:00+08:00,124.5,124.5,124.5,124.5,2000,0.0,0.0
2024-02-15 11:55:00+08:00,124.5,124.5,123.5,124.5,11629,0.0,0.0
2024-02-16 09:10:00+08:00,124.0,124.0,124.0,124.0,0,0.0,0.0
2024-02-16 09:20:00+08:00,124.0,124.0,123.5,123.5,5200,0.0,0.0
2024-02-16 09:25:00+08:00,123.5,123.5,123.5,123.5,1259,0.0,0.0
2024-02-16 09:55:00+08:00,123.5,123.5,123.5,123.5,1000,0.0,0.0
2024-02-16 10:10:00+08:00,123.5,123.5,123.5,123.5,2077,0.0,0.0
2024-02-16 11:00:00+08:00,123.5,123.5,123.5,123.5,2000,0.0,0.0
2024-02-16 11:05:00+08:00,123.0,123.5,123.0,123.5,2000,0.0,0.0
2024-02-16 11:45:00+08:00,123.5,123.5,123.5,123.5,1040,0.0,0.0
2024-02-16 12:05:00+08:00,124.0,124.0,124.0,124.0,1340,0.0,0.0
2024-02-16 13:05:00+08:00,124.0,124.0,124.0,124.0,1000,0.0,0.0
2024-02-16 13:15:00+08:00,124.0,124.0,124.0,124.0,1000,0.0,0.0
2024-02-19 09:00:00+08:00,124.5,124.5,124.5,124.5,0,0.0,0.0
2024-02-19 09:35:00+08:00,125.0,125.0,125.0,125.0,2828,0.0,0.0
2024-02-19 09:50:00+08:00,124.5,124.5,124.5,124.5,1008,0.0,0.0
2024-02-19 11:10:00+08:00,124.5,124.5,124.5,124.5,1000,0.0,0.0
2024-02-19 11:15:00+08:00,124.5,124.5,124.5,124.5,1000,0.0,0.0
2024-02-19 11:50:00+08:00,125.0,125.0,125.0,125.0,1000,0.0,0.0
2024-02-19 12:55:00+08:00,125.0,125.0,125.0,125.0,1000,0.0,0.0
2024-02-19 13:10:00+08:00,125.0,125.0,125.0,125.0,1073,0.0,0.0
2024-02-20 09:00:00+08:00,125.0,125.0,125.0,125.0,0,0.0,0.0
2024-02-20 09:30:00+08:00,124.5,125.0,124.5,125.0,3050,0.0,0.0
2024-02-20 09:35:00+08:00,124.5,124.5,124.5,124.5,1510,0.0,0.0
2024-02-20 09:45:00+08:00,125.0,125.0,125.0,125.0,1000,0.0,0.0
2024-02-20 10:00:00+08:00,125.5,126.0,125.5,126.0,5532,0.0,0.0
2024-02-20 12:40:00+08:00,125.5,125.5,125.5,125.5,1000,0.0,0.0
2024-02-20 12:50:00+08:00,125.5,125.5,125.5,125.5,1000,0.0,0.0
2024-02-20 13:20:00+08:00,125.0,125.5,125.0,125.5,2000,0.0,0.0
2024-02-21 11:10:00+08:00,125.0,125.0,125.0,125.0,1001,0.0,0.0
2024-02-21 11:15:00+08:00,125.5,125.5,125.5,125.5,1032,0.0,0.0
2024-02-21 12:00:00+08:00,125.5,125.5,125.5,125.5,1800,0.0,0.0
2024-02-21 12:25:00+08:00,125.5,125.5,125.5,125.5,1020,0.0,0.0
2024-02-21 12:50:00+08:00,125.5,125.5,125.0,125.0,3040,0.0,0.0
2024-02-21 12:55:00+08:00,125.5,125.5,125.5,125.5,1000,0.0,0.0
2024-02-21 13:10:00+08:00,125.5,125.5,125.5,125.5,1000,0.0,0.0
2024-02-22 09:05:00+08:00,126.0,126.0,126.0,126.0,0,0.0,0.0
2024-02-22 09:15:00+08:00,126.0,126.0,126.0,126.0,6501,0.0,0.0
2024-02-22 11:45:00+08:00,125.5,125.5,125.5,125.5,1000,0.0,0.0
2024-02-22 13:10:00+08:00,125.0,125.0,125.0,125.0,1025,0.0,0.0
2024-02-22 13:15:00+08:00,125.0,125.0,125.0,125.0,1000,0.0,0.0
2024-02-22 13:20:00+08:00,125.0,125.0,125.0,125.0,1000,0.0,0.0
2024-02-23 09:00:00+08:00,125.0,125.0,125.0,125.0,0,0.0,0.0
2024-02-23 09:05:00+08:00,124.5,124.5,124.5,124.5,7005,0.0,0.0
2024-02-23 09:15:00+08:00,124.0,124.5,124.0,124.5,5000,0.0,0.0
2024-02-23 09:35:00+08:00,124.5,124.5,124.5,124.5,2000,0.0,0.0
2024-02-23 09:40:00+08:00,124.5,124.5,124.5,124.5,1150,0.0,0.0
2024-02-23 10:40:00+08:00,124.5,124.5,124.5,124.5,1382,0.0,0.0
2024-02-23 12:10:00+08:00,124.5,124.5,124.5,124.5,2000,0.0,0.0
2024-02-23 12:45:00+08:00,125.0,125.0,125.0,125.0,1010,0.0,0.0
2024-02-23 13:10:00+08:00,125.0,125.0,125.0,125.0,1916,0.0,0.0
2024-02-26 09:00:00+08:00,124.0,124.5,124.0,124.5,0,0.0,0.0
2024-02-26 09:10:00+08:00,124.0,124.0,124.0,124.0,1000,0.0,0.0
2024-02-26 09:45:00+08:00,124.0,124.0,124.0,124.0,4000,0.0,0.0
2024-02-26 09:50:00+08:00,124.0,124.0,124.0,124.0,4359,0.0,0.0
2024-02-26 11:50:00+08:00,124.0,124.0,124.0,124.0,4000,0.0,0.0
2024-02-26 12:15:00+08:00,123.5,123.5,123.0,123.0,6000,0.0,0.0
2024-02-26 12:25:00+08:00,124.0,124.0,124.0,124.0,2100,0.0,0.0
2024-02-27 09:00:00+08:00,124.5,124.5,124.5,124.5,0,0.0,0.0
2024-02-27 09:30:00+08:00,124.5,124.5,124.5,124.5,1316,0.0,0.0
2024-02-27 10:25:00+08:00,124.0,124.0,124.0,124.0,1000,0.0,0.0
2024-02-27 11:10:00+08:00,124.0,124.0,124.0,124.0,1103,0.0,0.0
2024-02-27 13:20:00+08:00,124.0,124.0,124.0,124.0,1000,0.0,0.0
2024-02-29 09:00:00+08:00,124.0,124.0,124.0,124.0,0,0.0,0.0
2024-02-29 09:40:00+08:00,124.0,124.0,124.0,124.0,1000,0.0,0.0
2024-02-29 09:45:00+08:00,124.0,124.0,124.0,124.0,2210,0.0,0.0
2024-02-29 10:15:00+08:00,124.0,124.0,124.0,124.0,2830,0.0,0.0
2024-02-29 11:15:00+08:00,124.0,124.0,123.0,123.0,6000,0.0,0.0
2024-02-29 11:25:00+08:00,123.5,123.5,123.5,123.5,1000,0.0,0.0
2024-02-29 12:05:00+08:00,124.0,124.0,124.0,124.0,1087,0.0,0.0
2024-02-29 13:00:00+08:00,124.0,124.0,124.0,124.0,1000,0.0,0.0
2024-02-29 13:05:00+08:00,124.0,124.0,124.0,124.0,1000,0.0,0.0
2024-02-29 13:15:00+08:00,124.0,124.0,124.0,124.0,2000,0.0,0.0
2024-02-29 13:20:00+08:00,124.0,124.5,124.0,124.5,4200,0.0,0.0
2024-03-01 09:00:00+08:00,124.0,124.0,124.0,124.0,0,0.0,0.0
2024-03-01 09:05:00+08:00,125.0,125.0,125.0,125.0,1000,0.0,0.0
2024-03-01 09:15:00+08:00,124.5,124.5,124.5,124.5,1800,0.0,0.0
2024-03-01 10:35:00+08:00,124.5,124.5,124.5,124.5,1000,0.0,0.0
2024-03-01 11:40:00+08:00,124.5,124.5,124.5,124.5,2000,0.0,0.0
2024-03-01 12:15:00+08:00,124.5,125.0,124.5,125.0,2056,0.0,0.0
2024-03-01 12:35:00+08:00,125.0,125.0,125.0,125.0,1001,0.0,0.0
2024-03-01 13:00:00+08:00,124.5,124.5,124.5,124.5,1051,0.0,0.0
2024-03-04 09:00:00+08:00,123.5,124.5,123.5,124.5,0,0.0,0.0
2024-03-04 09:05:00+08:00,124.0,124.5,124.0,124.5,3023,0.0,0.0
2024-03-04 09:10:00+08:00,124.5,124.5,124.5,124.5,1001,0.0,0.0
2024-03-04 09:20:00+08:00,124.5,124.5,124.5,124.5,1000,0.0,0.0
2024-03-04 10:10:00+08:00,124.5,124.5,124.5,124.5,1000,0.0,0.0
2024-03-04 11:00:00+08:00,124.0,124.5,124.0,124.5,3051,0.0,0.0
2024-03-04 12:30:00+08:00,124.0,124.5,124.0,124.5,3005,0.0,0.0
2024-03-04 12:40:00+08:00,124.0,124.0,124.0,124.0,2012,0.0,0.0
2024-03-04 13:00:00+08:00,124.0,124.0,124.0,124.0,2000,0.0,0.0
2024-03-04 13:10:00+08:00,124.5,124.5,124.5,124.5,1000,0.0,0.0
2024-03-05 09:00:00+08:00,123.5,123.5,123.5,123.5,1000,0.0,0.0
2024-03-05 09:05:00+08:00,124.5,125.0,124.5,125.0,2000,0.0,0.0
2024-03-05 11:25:00+08:00,124.5,124.5,124.0,124.0,5256,0.0,0.0
2024-03-05 11:50:00+08:00,124.5,124.5,124.5,124.5,2000,0.0,0.0
2024-03-05 12:40:00+08:00,124.5,124.5,124.5,124.5,1944,0.0,0.0
2024-03-05 13:05:00+08:00,124.5,124.5,124.5,124.5,1000,0.0,0.0
2024-03-05 13:10:00+08:00,124.5,124.5,124.5,124.5,1000,0.0,0.0
2024-03-05 13:20:00+08:00,124.5,124.5,124.5,124.5,1000,0.0,0.0
2024-03-06 09:05:00+08:00,124.0,124.0,124.0,124.0,0,0.0,0.0
2024-03-06 09:10:00+08:00,124.0,124.0,124.0,124.0,1001,0.0,0.0
2024-03-06 09:15:00+08:00,124.0,124.0,124.0,124.0,2000,0.0,0.0
2024-03-06 10:10:00+08:00,124.5,124.5,124.5,124.5,2100,0.0,0.0
2024-03-06 10:15:00+08:00,124.0,124.0,124.0,124.0,2000,0.0,0.0
2024-03-06 10:50:00+08:00,124.0,124.0,123.5,123.5,8400,0.0,0.0
2024-03-06 10:55:00+08:00,124.0,124.0,124.0,124.0,1001,0.0,0.0
2024-03-06 11:45:00+08:00,124.0,124.0,124.0,124.0,2000,0.0,0.0
2024-03-06 11:55:00+08:00,124.0,124.0,124.0,124.0,1801,0.0,0.0
2024-03-07 09:05:00+08:00,124.0,124.0,123.5,123.5,7005,0.0,0.0
2024-03-07 09:10:00+08:00,123.5,123.5,123.0,123.0,6300,0.0,0.0
2024-03-07 09:20:00+08:00,123.0,123.0,123.0,123.0,3107,0.0,0.0
2024-03-07 09:30:00+08:00,123.0,123.0,123.0,123.0,8317,0.0,0.0
2024-03-07 09:40:00+08:00,123.0,123.0,123.0,123.0,2000,0.0,0.0
2024-03-07 09:50:00+08:00,123.0,123.0,123.0,123.0,1000,0.0,0.0
2024-03-07 10:05:00+08:00,122.5,122.5,122.5,122.5,3000,0.0,0.0
2024-03-07 10:10:00+08:00,122.0,122.0,122.0,122.0,5109,0.0,0.0
2024-03-07 10:15:00+08:00,121.5,121.5,121.5,121.5,3000,0.0,0.0
2024-03-07 10:20:00+08:00,121.5,121.5,121.5,121.5,1101,0.0,0.0
2024-03-07 10:30:00+08:00,121.5,121.5,121.0,121.0,5200,0.0,0.0
2024-03-07 10:35:00+08:00,121.0,121.0,121.0,121.0,5000,0.0,0.0
2024-03-07 10:40:00+08:00,121.0,121.0,120.5,120.5,4398,0.0,0.0
2024-03-07 10:50:00+08:00,121.0,121.0,121.0,121.0,3100,0.0,0.0
2024-03-07 10:55:00+08:00,121.0,121.5,121.0,121.5,4283,0.0,0.0
2024-03-07 11:00:00+08:00,121.0,121.0,120.5,120.5,8010,0.0,0.0
2024-03-07 11:05:00+08:00,120.5,120.5,120.0,120.0,8070,0.0,0.0
2024-03-07 11:10:00+08:00,119.5,120.0,119.5,120.0,2000,0.0,0.0
2024-03-07 11:25:00+08:00,120.5,120.5,120.5,120.5,3000,0.0,0.0
2024-03-07 11:30:00+08:00,121.0,121.0,121.0,121.0,4001,0.0,0.0
2024-03-07 12:05:00+08:00,121.0,121.0,120.5,120.5,4000,0.0,0.0
2024-03-07 12:10:00+08:00,120.5,120.5,120.5,120.5,2400,0.0,0.0
2024-03-07 12:15:00+08:00,121.0,121.0,121.0,121.0,3000,0.0,0.0
2024-03-07 12:25:00+08:00,121.0,121.0,121.0,121.0,3000,0.0,0.0
2024-03-07 12:30:00+08:00,121.0,121.0,121.0,121.0,2000,0.0,0.0
2024-03-07 12:35:00+08:00,121.0,121.0,121.0,121.0,5000,0.0,0.0
2024-03-07 12:50:00+08:00,121.5,121.5,121.5,121.5,4002,0.0,0.0
2024-03-07 13:10:00+08:00,122.0,122.0,122.0,122.0,4000,0.0,0.0
2024-03-07 13:20:00+08:00,122.0,122.0,122.0,122.0,1001,0.0,0.0
2024-03-08 09:00:00+08:00,121.0,121.0,121.0,121.0,0,0.0,0.0
2024-03-08 09:05:00+08:00,120.5,120.5,119.0,119.5,14000,0.0,0.0
2024-03-08 09:10:00+08:00,119.0,119.0,119.0,119.0,8430,0.0,0.0
2024-03-08 09:15:00+08:00,119.0,119.0,119.0,119.0,3203,0.0,0.0
2024-03-08 09:20:00+08:00,119.0,119.0,118.5,119.0,7777,0.0,0.0
2024-03-08 09:25:00+08:00,118.5,118.5,118.0,118.0,6000,0.0,0.0
2024-03-08 09:30:00+08:00,118.5,118.5,118.5,118.5,4000,0.0,0.0
2024-03-08 09:45:00+08:00,118.5,118.5,118.0,118.0,3002,0.0,0.0
2024-03-08 10:10:00+08:00,118.5,119.0,118.0,119.0,6008,0.0,0.0
2024-03-08 10:15:00+08:00,119.0,119.0,118.5,118.5,3000,0.0,0.0
2024-03-08 10:25:00+08:00,118.5,118.5,118.5,118.5,2000,0.0,0.0
2024-03-08 10:35:00+08:00,118.5,118.5,118.5,118.5,1000,0.0,0.0
2024-03-08 10:40:00+08:00,118.5,118.5,118.5,118.5,3100,0.0,0.0
2024-03-08 10:45:00+08:00,118.5,118.5,118.5,118.5,2039,0.0,0.0
2024-03-08 10:50:00+08:00,118.5,118.5,118.0,118.0,3000,0.0,0.0
2024-03-08 10:55:00+08:00,118.0,118.0,118.0,118.0,1100,0.0,0.0
2024-03-08 11:00:00+08:00,118.0,118.0,118.0,118.0,5222,0.0,0.0
2024-03-08 11:05:00+08:00,117.5,117.5,117.5,117.5,3100,0.0,0.0
2024-03-08 11:10:00+08:00,117.5,117.5,117.5,117.5,1535,0.0,0.0
2024-03-08 11:20:00+08:00,117.5,117.5,117.5,117.5,1000,0.0,0.0
2024-03-08 11:30:00+08:00,117.0,117.0,117.0,117.0,7300,0.0,0.0
2024-03-08 11:35:00+08:00,117.0,117.0,117.0,117.0,1000,0.0,0.0
2024-03-08 11:40:00+08:00,117.0,117.0,117.0,117.0,2078,0.0,0.0
2024-03-08 11:45:00+08:00,116.5,116.5,116.5,116.5,4000,0.0,0.0
2024-03-08 11:50:00+08:00,117.0,117.0,117.0,117.0,1090,0.0,0.0
2024-03-08 12:00:00+08:00,117.0,117.0,117.0,117.0,1000,0.0,0.0
2024-03-08 12:05:00+08:00,117.0,117.0,117.0,117.0,3000,0.0,0.0
2024-03-08 12:10:00+08:00,117.0,117.0,117.0,117.0,1195,0.0,0.0
2024-03-08 12:20:00+08:00,117.0,117.0,117.0,117.0,4000,0.0,0.0
2024-03-08 12:25:00+08:00,117.0,117.0,117.0,117.0,1000,0.0,0.0
2024-03-08 12:30:00+08:00,117.0,117.0,117.0,117.0,1000,0.0,0.0
2024-03-08 12:35:00+08:00,116.5,116.5,116.5,116.5,1305,0.0,0.0
2024-03-08 12:45:00+08:00,117.5,117.5,117.0,117.0,6009,0.0,0.0
2024-03-08 12:50:00+08:00,117.0,117.0,117.0,117.0,4263,0.0,0.0
2024-03-08 13:00:00+08:00,116.5,116.5,116.5,116.5,1000,0.0,0.0
2024-03-08 13:05:00+08:00,117.0,117.0,117.0,117.0,5300,0.0,0.0
2024-03-08 13:15:00+08:00,117.5,117.5,117.5,117.5,2509,0.0,0.0
2024-03-08 13:20:00+08:00,117.5,117.5,117.5,117.5,2000,0.0,0.0
2024-03-11 09:10:00+08:00,117.0,117.0,117.0,117.0,0,0.0,0.0
2024-03-11 09:20:00+08:00,117.0,117.0,117.0,117.0,3000,0.0,0.0
2024-03-11 09:25:00+08:00,116.5,116.5,116.0,116.0,4020,0.0,0.0
2024-03-11 09:35:00+08:00,116.5,116.5,116.5,116.5,1317,0.0,0.0
2024-03-11 09:40:00+08:00,116.5,116.5,116.5,116.5,2041,0.0,0.0
2024-03-11 10:40:00+08:00,116.0,116.0,116.0,116.0,3203,0.0,0.0
2024-03-11 10:45:00+08:00,116.0,116.0,116.0,116.0,1000,0.0,0.0
2024-03-11 10:50:00+08:00,115.5,115.5,115.5,115.5,1104,0.0,0.0
2024-03-11 11:25:00+08:00,116.0,116.0,116.0,116.0,2000,0.0,0.0
2024-03-11 11:40:00+08:00,116.0,116.0,116.0,116.0,3000,0.0,0.0
2024-03-11 11:45:00+08:00,115.5,115.5,115.5,115.5,8034,0.0,0.0
2024-03-11 12:00:00+08:00,115.5,115.5,115.5,115.5,2166,0.0,0.0
2024-03-11 12:25:00+08:00,115.5,115.5,115.5,115.5,2015,0.0,0.0
2024-03-11 12:30:00+08:00,115.5,115.5,115.0,115.0,7000,0.0,0.0
2024-03-11 12:35:00+08:00,115.0,115.0,115.0,115.0,3000,0.0,0.0
2024-03-11 12:40:00+08:00,115.0,115.0,115.0,115.0,0,0.0,0.0
2024-03-11 12:50:00+08:00,115.0,115.0,114.5,114.5,60436,0.0,0.0
2024-03-11 12:55:00+08:00,115.0,115.0,115.0,115.0,1000,0.0,0.0
2024-03-11 13:15:00+08:00,115.0,115.0,115.0,115.0,1000,0.0,0.0
2024-03-11 13:20:00+08:00,114.5,114.5,114.5,114.5,5000,0.0,0.0
2024-03-12 09:00:00+08:00,114.5,114.5,114.0,114.0,2000,0.0,0.0
2024-03-12 09:05:00+08:00,115.0,115.0,115.0,115.0,1000,0.0,0.0
2024-03-12 09:25:00+08:00,116.0,116.0,115.5,116.0,8000,0.0,0.0
2024-03-12 09:40:00+08:00,115.5,115.5,115.5,115.5,1000,0.0,0.0
2024-03-12 09:50:00+08:00,115.5,115.5,115.5,115.5,1001,0.0,0.0
2024-03-12 09:55:00+08:00,115.0,115.0,115.0,115.0,2009,0.0,0.0
2024-03-12 10:00:00+08:00,115.0,115.0,115.0,115.0,1241,0.0,0.0
2024-03-12 10:05:00+08:00,114.5,115.5,114.5,115.5,3000,0.0,0.0
2024-03-12 10:20:00+08:00,115.0,115.0,115.0,115.0,1719,0.0,0.0
2024-03-12 10:55:00+08:00,115.0,115.0,115.0,115.0,1011,0.0,0.0
2024-03-12 11:40:00+08:00,116.0,116.0,116.0,116.0,1115,0.0,0.0
2024-03-12 11:45:00+08:00,116.5,116.5,116.5,116.5,2356,0.0,0.0
2024-03-12 12:25:00+08:00,116.0,116.0,116.0,116.0,1396,0.0,0.0
2024-03-12 12:45:00+08:00,115.5,115.5,115.5,115.5,1007,0.0,0.0
2024-03-12 12:50:00+08:00,115.5,115.5,115.5,115.5,1006,0.0,0.0
2024-03-12 12:55:00+08:00,115.5,115.5,115.5,115.5,1000,0.0,0.0
2024-03-12 13:00:00+08:00,115.5,115.5,115.5,115.5,2054,0.0,0.0
2024-03-12 13:20:00+08:00,115.5,115.5,115.5,115.5,4000,0.0,0.0
2024-03-13 09:55:00+08:00,116.0,116.0,116.0,116.0,1151,0.0,0.0
2024-03-13 10:40:00+08:00,116.0,116.0,116.0,116.0,1020,0.0,0.0
2024-03-13 12:25:00+08:00,116.0,116.0,116.0,116.0,0,0.0,0.0
2024-03-14 09:35:00+08:00,116.5,116.5,115.5,115.5,4000,0.0,0.0
2024-03-14 09:40:00+08:00,115.5,116.0,115.5,116.0,3017,0.0,0.0
2024-03-14 10:40:00+08:00,116.5,116.5,116.5,116.5,1005,0.0,0.0
2024-03-14 11:25:00+08:00,116.5,116.5,116.5,116.5,4000,0.0,0.0
2024-03-14 11:30:00+08:00,117.0,117.0,117.0,117.0,1981,0.0,0.0
2024-03-14 11:55:00+08:00,117.0,117.0,117.0,117.0,2000,0.0,0.0
2024-03-14 12:25:00+08:00,117.0,117.0,117.0,117.0,1100,0.0,0.0
2024-03-15 09:00:00+08:00,115.5,115.5,115.0,115.0,5000,0.0,0.0
2024-03-15 09:05:00+08:00,115.0,115.0,115.0,115.0,1050,0.0,0.0
2024-03-15 09:25:00+08:00,114.5,114.5,114.5,114.5,5040,0.0,0.0
2024-03-15 09:35:00+08:00,114.5,114.5,114.0,114.0,5000,0.0,0.0
2024-03-15 09:40:00+08:00,114.5,114.5,114.5,114.5,1362,0.0,0.0
2024-03-15 09:45:00+08:00,114.5,114.5,114.5,114.5,1107,0.0,0.0
2024-03-15 09:50:00+08:00,115.0,115.0,115.0,115.0,2000,0.0,0.0
2024-03-15 10:05:00+08:00,116.0,116.0,116.0,116.0,1000,0.0,0.0
2024-03-15 10:10:00+08:00,116.0,116.0,116.0,116.0,1000,0.0,0.0
2024-03-15 10:15:00+08:00,116.0,116.0,116.0,116.0,5086,0.0,0.0
2024-03-15 10:50:00+08:00,115.0,115.0,115.0,115.0,1004,0.0,0.0
2024-03-15 11:10:00+08:00,115.0,115.0,115.0,115.0,1100,0.0,0.0
2024-03-15 11:45:00+08:00,114.5,114.5,114.5,114.5,2616,0.0,0.0
2024-03-15 11:55:00+08:00,115.0,115.0,115.0,115.0,1000,0.0,0.0
2024-03-15 12:15:00+08:00,115.0,115.0,115.0,115.0,2000,0.0,0.0
2024-03-15 13:00:00+08:00,115.0,115.0,115.0,115.0,2014,0.0,0.0
2024-03-15 13:05:00+08:00,115.0,115.0,115.0,115.0,1000,0.0,0.0
2024-03-15 13:10:00+08:00,115.0,115.0,115.0,115.0,2000,0.0,0.0
2024-03-18 09:00:00+08:00,115.5,115.5,115.5,115.5,0,0.0,0.0
2024-03-18 09:05:00+08:00,115.5,115.5,115.5,115.5,3000,0.0,0.0
2024-03-18 09:10:00+08:00,115.0,115.5,115.0,115.5,4000,0.0,0.0
2024-03-18 09:30:00+08:00,115.5,115.5,115.5,115.5,1000,0.0,0.0
2024-03-18 09:45:00+08:00,115.0,115.0,115.0,115.0,2000,0.0,0.0
2024-03-18 10:10:00+08:00,115.0,115.0,115.0,115.0,1000,0.0,0.0
2024-03-18 10:15:00+08:00,115.0,115.0,115.0,115.0,1042,0.0,0.0
2024-03-18 11:00:00+08:00,115.0,115.0,115.0,115.0,2000,0.0,0.0
2024-03-18 11:05:00+08:00,114.5,114.5,114.5,114.5,2257,0.0,0.0
2024-03-18 12:00:00+08:00,114.5,114.5,114.5,114.5,5160,0.0,0.0
2024-03-18 12:50:00+08:00,115.0,115.0,115.0,115.0,2000,0.0,0.0
2024-03-18 13:20:00+08:00,115.0,115.0,115.0,115.0,1000,0.0,0.0
2024-03-19 09:00:00+08:00,116.0,116.0,116.0,116.0,3000,0.0,0.0
2024-03-19 09:05:00+08:00,116.0,116.0,116.0,116.0,1000,0.0,0.0
2024-03-19 09:30:00+08:00,115.5,115.5,115.5,115.5,1000,0.0,0.0
2024-03-19 09:35:00+08:00,115.5,115.5,115.5,115.5,1000,0.0,0.0
2024-03-19 09:40:00+08:00,115.0,115.0,115.0,115.0,7000,0.0,0.0
2024-03-19 09:50:00+08:00,115.0,115.0,115.0,115.0,2000,0.0,0.0
2024-03-19 10:25:00+08:00,115.0,115.0,115.0,115.0,5000,0.0,0.0
2024-03-19 10:40:00+08:00,115.0,115.0,115.0,115.0,4000,0.0,0.0
2024-03-19 11:55:00+08:00,115.0,115.0,115.0,115.0,3305,0.0,0.0
2024-03-19 12:00:00+08:00,115.0,115.0,115.0,115.0,3000,0.0,0.0
2024-03-19 12:15:00+08:00,114.5,114.5,114.5,114.5,4000,0.0,0.0
2024-03-19 12:40:00+08:00,114.5,114.5,114.5,114.5,2000,0.0,0.0
2024-03-19 12:45:00+08:00,114.5,114.5,114.5,114.5,1083,0.0,0.0
2024-03-20 09:05:00+08:00,115.0,115.0,115.0,115.0,0,0.0,0.0
2024-03-20 09:50:00+08:00,115.5,115.5,115.5,115.5,4402,0.0,0.0
2024-03-20 12:00:00+08:00,115.5,115.5,115.5,115.5,2000,0.0,0.0
2024-03-20 12:05:00+08:00,115.5,115.5,115.5,115.5,2000,0.0,0.0
2024-03-20 12:50:00+08:00,115.5,115.5,115.5,115.5,3000,0.0,0.0
2024-03-20 13:00:00+08:00,115.5,115.5,115.5,115.5,1000,0.0,0.0
2024-03-20 13:05:00+08:00,115.5,115.5,115.5,115.5,1000,0.0,0.0
2024-03-20 13:15:00+08:00,115.5,115.5,115.5,115.5,2011,0.0,0.0
2024-03-20 13:20:00+08:00,115.5,115.5,115.5,115.5,1000,0.0,0.0
2024-03-21 09:00:00+08:00,116.0,116.0,116.0,116.0,0,0.0,0.0
2024-03-21 09:05:00+08:00,115.0,115.0,115.0,115.0,3144,0.0,0.0
2024-03-21 09:15:00+08:00,115.5,115.5,115.5,115.5,1004,0.0,0.0
2024-03-21 09:20:00+08:00,116.0,116.0,116.0,116.0,2212,0.0,0.0
2024-03-21 12:55:00+08:00,115.5,115.5,115.5,115.5,2000,0.0,0.0
2024-03-21 13:00:00+08:00,116.0,116.0,116.0,116.0,1000,0.0,0.0
2024-03-21 13:15:00+08:00,115.5,115.5,115.5,115.5,1010,0.0,0.0
2024-03-22 09:00:00+08:00,116.0,116.0,116.0,116.0,0,0.0,0.0
2024-03-22 09:25:00+08:00,116.0,116.0,116.0,116.0,1001,0.0,0.0
2024-03-22 10:00:00+08:00,115.5,115.5,115.5,115.5,5000,0.0,0.0
2024-03-22 11:00:00+08:00,115.0,115.0,115.0,115.0,1704,0.0,0.0
2024-03-22 12:55:00+08:00,114.5,114.5,114.5,114.5,2257,0.0,0.0
2024-03-25 09:00:00+08:00,114.5,114.5,114.5,114.5,0,0.0,0.0
2024-03-25 09:15:00+08:00,115.0,115.0,115.0,115.0,1060,0.0,0.0
2024-03-25 09:25:00+08:00,115.0,115.0,115.0,115.0,1000,0.0,0.0
2024-03-25 09:30:00+08:00,114.5,114.5,114.5,114.5,2024,0.0,0.0
2024-03-25 10:05:00+08:00,114.5,114.5,114.5,114.5,2189,0.0,0.0
2024-03-25 11:40:00+08:00,114.5,114.5,114.5,114.5,3000,0.0,0.0
2024-03-25 11:45:00+08:00,114.5,114.5,114.5,114.5,4413,0.0,0.0
2024-03-25 12:35:00+08:00,114.5,114.5,114.5,114.5,1000,0.0,0.0
2024-03-26 09:05:00+08:00,114.5,114.5,114.5,114.5,3000,0.0,0.0
2024-03-26 09:15:00+08:00,114.5,114.5,114.5,114.5,3000,0.0,0.0
2024-03-26 09:35:00+08:00,114.5,114.5,114.5,114.5,2000,0.0,0.0
2024-03-26 09:40:00+08:00,114.5,114.5,114.5,114.5,1040,0.0,0.0
2024-03-26 11:40:00+08:00,114.0,114.0,114.0,114.0,2000,0.0,0.0
2024-03-26 11:45:00+08:00,114.0,114.0,114.0,114.0,3000,0.0,0.0
2024-03-26 12:00:00+08:00,114.0,114.0,114.0,114.0,2000,0.0,0.0
2024-03-26 12:05:00+08:00,114.0,114.0,114.0,114.0,1000,0.0,0.0
2024-03-26 12:10:00+08:00,113.5,113.5,113.5,113.5,1000,0.0,0.0
2024-03-26 12:40:00+08:00,113.5,113.5,113.5,113.5,8000,0.0,0.0
2024-03-26 12:45:00+08:00,113.0,113.0,112.5,112.5,7059,0.0,0.0
2024-03-26 12:50:00+08:00,113.0,113.0,113.0,113.0,2106,0.0,0.0
2024-03-26 13:15:00+08:00,113.5,113.5,113.5,113.5,2000,0.0,0.0
2024-03-26 13:20:00+08:00,113.0,113.0,113.0,113.0,6000,0.0,0.0
2024-03-27 09:00:00+08:00,113.0,113.0,113.0,113.0,0,0.0,0.0
2024-03-27 09:05:00+08:00,112.5,112.5,112.5,112.5,8000,0.0,0.0
2024-03-27 09:15:00+08:00,112.5,112.5,112.5,112.5,2100,0.0,0.0
2024-03-27 09:40:00+08:00,112.5,112.5,112.5,112.5,1450,0.0,0.0
2024-03-27 09:50:00+08:00,113.0,113.0,113.0,113.0,2000,0.0,0.0
2024-03-27 09:55:00+08:00,112.5,112.5,112.5,112.5,4000,0.0,0.0
2024-03-27 10:15:00+08:00,113.0,113.0,113.0,113.0,2000,0.0,0.0
2024-03-27 10:20:00+08:00,113.0,113.0,113.0,113.0,1140,0.0,0.0
2024-03-27 10:55:00+08:00,113.0,113.0,113.0,113.0,2005,0.0,0.0
2024-03-27 11:30:00+08:00,113.5,114.0,113.5,114.0,3200,0.0,0.0
2024-03-27 12:00:00+08:00,114.0,114.0,114.0,114.0,1551,0.0,0.0
2024-03-27 12:45:00+08:00,113.5,113.5,113.0,113.0,5200,0.0,0.0
2024-03-27 13:20:00+08:00,113.5,113.5,113.5,113.5,1000,0.0,0.0
2024-03-28 09:40:00+08:00,114.0,114.0,114.0,114.0,5000,0.0,0.0
2024-03-28 09:45:00+08:00,114.0,114.0,114.0,114.0,7329,0.0,0.0
2024-03-28 11:30:00+08:00,114.0,114.0,114.0,114.0,1000,0.0,0.0
2024-03-28 11:45:00+08:00,114.0,114.0,114.0,114.0,1000,0.0,0.0
2024-03-28 11:50:00+08:00,114.5,114.5,114.5,114.5,3477,0.0,0.0
2024-03-28 11:55:00+08:00,114.5,114.5,114.5,114.5,2035,0.0,0.0
2024-03-28 12:15:00+08:00,113.5,113.5,113.5,113.5,6192,0.0,0.0
2024-03-28 13:20:00+08:00,114.0,114.5,114.0,114.5,8323,0.0,0.0
2024-03-29 09:20:00+08:00,115.0,115.0,115.0,115.0,1000,0.0,0.0
2024-03-29 09:25:00+08:00,115.0,115.0,115.0,115.0,2010,0.0,0.0
2024-03-29 09:30:00+08:00,115.0,115.0,115.0,115.0,2000,0.0,0.0
2024-03-29 09:35:00+08:00,115.0,115.0,115.0,115.0,6300,0.0,0.0
2024-03-29 11:35:00+08:00,114.5,114.5,114.5,114.5,1000,0.0,0.0
2024-03-29 12:15:00+08:00,114.5,114.5,114.5,114.5,6150,0.0,0.0
2024-03-29 12:35:00+08:00,114.5,114.5,114.5,114.5,1096,0.0,0.0
2024-03-29 13:20:00+08:00,115.0,115.0,115.0,115.0,1000,0.0,0.0
2024-04-01 09:00:00+08:00,116.0,116.0,115.5,115.5,0,0.0,0.0
2024-04-01 09:10:00+08:00,114.5,114.5,114.5,114.5,2000,0.0,0.0
2024-04-01 09:15:00+08:00,115.5,115.5,115.5,115.5,1000,0.0,0.0
2024-04-01 09:25:00+08:00,115.0,115.0,115.0,115.0,3000,0.0,0.0
2024-04-01 11:50:00+08:00,115.0,115.0,115.0,115.0,2210,0.0,0.0
2024-04-01 12:15:00+08:00,115.0,115.0,115.0,115.0,1000,0.0,0.0
2024-04-01 12:20:00+08:00,115.0,115.0,114.5,114.5,2000,0.0,0.0
2024-04-01 12:30:00+08:00,114.5,114.5,114.5,114.5,4109,0.0,0.0
2024-04-02 10:40:00+08:00,115.0,115.0,115.0,115.0,2200,0.0,0.0
2024-04-02 11:30:00+08:00,114.5,114.5,114.5,114.5,3000,0.0,0.0
2024-04-02 12:25:00+08:00,114.5,114.5,114.5,114.5,6600,0.0,0.0
2024-04-02 12:55:00+08:00,114.5,114.5,114.5,114.5,2000,0.0,0.0
2024-04-02 13:00:00+08:00,115.0,116.0,115.0,116.0,10220,0.0,0.0
2024-04-02 13:20:00+08:00,115.5,115.5,115.5,115.5,1000,0.0,0.0
2024-04-03 11:10:00+08:00,115.0,115.0,115.0,115.0,1018,0.0,0.0
2024-04-03 12:45:00+08:00,114.5,114.5,114.5,114.5,2000,0.0,0.0
2024-04-03 12:50:00+08:00,114.5,114.5,114.5,114.5,3022,0.0,0.0
2024-04-08 09:35:00+08:00,114.0,114.0,114.0,114.0,0,0.0,0.0
2024-04-08 10:30:00+08:00,114.0,114.0,114.0,114.0,1000,0.0,0.0
2024-04-08 10:35:00+08:00,114.0,114.0,114.0,114.0,1000,0.0,0.0
2024-04-08 11:25:00+08:00,114.5,114.5,114.5,114.5,1469,0.0,0.0
2024-04-08 12:15:00+08:00,114.5,114.5,114.5,114.5,9097,0.0,0.0
2024-04-08 13:00:00+08:00,114.5,114.5,114.5,114.5,1000,0.0,0.0
2024-04-09 09:00:00+08:00,115.0,115.0,115.0,115.0,0,0.0,0.0
2024-04-09 10:10:00+08:00,115.0,115.0,115.0,115.0,1001,0.0,0.0
2024-04-09 12:10:00+08:00,115.0,115.0,115.0,115.0,1000,0.0,0.0
2024-04-09 09:00:00+08:00,115.0,115.0,115.0,115.0,0,0.0,0.0
2024-04-09 10:10:00+08:00,115.0,115.0,115.0,115.0,1001,0.0,0.0
2024-04-09 12:10:00+08:00,115.0,115.0,115.0,115.0,1000,0.0,0.0
2024-04-09 09:00:00+08:00,115.0,115.0,115.0,115.0,0,0.0,0.0
2024-04-09 10:10:00+08:00,115.0,115.0,115.0,115.0,1001,0.0,0.0
2024-04-09 12:10:00+08:00,115.0,115.0,115.0,115.0,1078,0.0,0.0
2024-04-10 09:25:00+08:00,114.0,114.0,114.0,114.0,1600,0.0,0.0
2024-04-10 10:20:00+08:00,114.5,114.5,114.5,114.5,4000,0.0,0.0
2024-04-10 10:55:00+08:00,114.5,114.5,114.0,114.0,8000,0.0,0.0
2024-04-10 11:15:00+08:00,114.0,114.0,114.0,114.0,1333,0.0,0.0
2024-04-10 13:00:00+08:00,114.5,114.5,114.5,114.5,3000,0.0,0.0
2024-04-10 09:25:00+08:00,114.0,114.0,114.0,114.0,0,0.0,0.0
2024-04-10 10:20:00+08:00,114.5,114.5,114.5,114.5,4000,0.0,0.0
2024-04-10 10:55:00+08:00,114.5,114.5,114.0,114.0,8000,0.0,0.0
2024-04-10 11:15:00+08:00,114.0,114.0,114.0,114.0,1333,0.0,0.0
2024-04-10 13:00:00+08:00,114.5,114.5,114.5,114.5,3000,0.0,0.0
2024-04-10 09:25:00+08:00,114.0,114.0,114.0,114.0,0,0.0,0.0
2024-04-10 10:20:00+08:00,114.5,114.5,114.5,114.5,4000,0.0,0.0
2024-04-10 10:55:00+08:00,114.5,114.5,114.0,114.0,8000,0.0,0.0
2024-04-10 11:15:00+08:00,114.0,114.0,114.0,114.0,1333,0.0,0.0
2024-04-10 13:00:00+08:00,114.5,114.5,114.5,114.5,3000,0.0,0.0
2024-04-11 09:00:00+08:00,114.0,114.0,114.0,114.0,0,0.0,0.0
2024-04-11 09:20:00+08:00,114.0,114.0,114.0,114.0,1000,0.0,0.0
2024-04-11 10:00:00+08:00,114.5,114.5,114.5,114.5,3079,0.0,0.0
2024-04-11 10:05:00+08:00,114.5,114.5,114.5,114.5,1000,0.0,0.0
2024-04-11 10:25:00+08:00,115.0,115.0,115.0,115.0,1000,0.0,0.0
2024-04-11 10:45:00+08:00,115.0,115.0,115.0,115.0,1000,0.0,0.0
2024-04-11 11:00:00+08:00,115.0,115.0,115.0,115.0,1000,0.0,0.0
2024-04-11 11:05:00+08:00,115.0,115.0,115.0,115.0,1000,0.0,0.0
2024-04-11 11:50:00+08:00,115.0,115.0,115.0,115.0,1000,0.0,0.0
2024-04-11 11:55:00+08:00,115.0,115.0,115.0,115.0,2000,0.0,0.0
2024-04-11 12:00:00+08:00,115.0,115.5,115.0,115.5,8300,0.0,0.0
2024-04-11 09:00:00+08:00,114.0,114.0,114.0,114.0,0,0.0,0.0
2024-04-11 09:20:00+08:00,114.0,114.0,114.0,114.0,1000,0.0,0.0
2024-04-11 10:00:00+08:00,114.5,114.5,114.5,114.5,3079,0.0,0.0
2024-04-11 10:05:00+08:00,114.5,114.5,114.5,114.5,1000,0.0,0.0
2024-04-11 10:25:00+08:00,115.0,115.0,115.0,115.0,1000,0.0,0.0
2024-04-11 10:45:00+08:00,115.0,115.0,115.0,115.0,1000,0.0,0.0
2024-04-11 11:00:00+08:00,115.0,115.0,115.0,115.0,1000,0.0,0.0
2024-04-11 11:05:00+08:00,115.0,115.0,115.0,115.0,1000,0.0,0.0
2024-04-11 11:50:00+08:00,115.0,115.0,115.0,115.0,1000,0.0,0.0
2024-04-11 11:55:00+08:00,115.0,115.0,115.0,115.0,2000,0.0,0.0
2024-04-11 12:00:00+08:00,115.0,115.5,115.0,115.5,8300,0.0,0.0
2024-04-12 09:00:00+08:00,115.5,116.0,115.0,115.0,3000,0.0,0.0
2024-04-12 09:05:00+08:00,115.5,115.5,115.5,115.5,1000,0.0,0.0
2024-04-12 09:30:00+08:00,116.0,116.0,116.0,116.0,3115,0.0,0.0
2024-04-12 09:35:00+08:00,116.0,116.0,116.0,116.0,1100,0.0,0.0
2024-04-12 09:40:00+08:00,116.0,116.0,115.5,116.0,8000,0.0,0.0
2024-04-12 09:50:00+08:00,116.0,116.0,116.0,116.0,2359,0.0,0.0
2024-04-12 09:55:00+08:00,116.5,116.5,116.5,116.5,2425,0.0,0.0
2024-04-12 10:00:00+08:00,116.5,116.5,116.5,116.5,1396,0.0,0.0
2024-04-12 10:05:00+08:00,116.5,116.5,116.5,116.5,1000,0.0,0.0
2024-04-12 10:10:00+08:00,117.0,117.0,117.0,117.0,6000,0.0,0.0
2024-04-12 10:25:00+08:00,117.0,117.0,117.0,117.0,2000,0.0,0.0
2024-04-12 10:30:00+08:00,117.0,117.0,117.0,117.0,1070,0.0,0.0
2024-04-12 10:45:00+08:00,117.0,117.0,117.0,117.0,1000,0.0,0.0
2024-04-12 11:00:00+08:00,116.5,116.5,116.5,116.5,1000,0.0,0.0
2024-04-12 11:10:00+08:00,117.0,117.0,117.0,117.0,1000,0.0,0.0
2024-04-12 11:15:00+08:00,117.0,117.0,117.0,117.0,1000,0.0,0.0
2024-04-12 11:25:00+08:00,117.0,117.0,117.0,117.0,2000,0.0,0.0
2024-04-12 11:40:00+08:00,117.5,117.5,117.5,117.5,5161,0.0,0.0
2024-04-12 12:00:00+08:00,117.0,117.0,117.0,117.0,7000,0.0,0.0
2024-04-12 12:15:00+08:00,117.0,117.0,117.0,117.0,5100,0.0,0.0
2024-04-12 12:35:00+08:00,117.0,117.0,117.0,117.0,1100,0.0,0.0
2024-04-12 12:45:00+08:00,117.0,117.0,117.0,117.0,1000,0.0,0.0
2024-04-12 13:15:00+08:00,117.0,117.0,117.0,117.0,1100,0.0,0.0
2024-04-12 09:00:00+08:00,115.5,116.0,115.0,115.0,0,0.0,0.0
2024-04-12 09:05:00+08:00,115.5,115.5,115.5,115.5,1000,0.0,0.0
2024-04-12 09:30:00+08:00,116.0,116.0,116.0,116.0,3115,0.0,0.0
2024-04-12 09:35:00+08:00,116.0,116.0,116.0,116.0,1100,0.0,0.0
2024-04-12 09:40:00+08:00,116.0,116.0,115.5,116.0,8000,0.0,0.0
2024-04-12 09:50:00+08:00,116.0,116.0,116.0,116.0,2359,0.0,0.0
2024-04-12 09:55:00+08:00,116.5,116.5,116.5,116.5,2425,0.0,0.0
2024-04-12 10:00:00+08:00,116.5,116.5,116.5,116.5,1396,0.0,0.0
2024-04-12 10:05:00+08:00,116.5,116.5,116.5,116.5,1000,0.0,0.0
2024-04-12 10:10:00+08:00,117.0,117.0,117.0,117.0,6000,0.0,0.0
2024-04-12 10:25:00+08:00,117.0,117.0,117.0,117.0,2000,0.0,0.0
2024-04-12 10:30:00+08:00,117.0,117.0,117.0,117.0,1070,0.0,0.0
2024-04-12 10:45:00+08:00,117.0,117.0,117.0,117.0,1000,0.0,0.0
2024-04-12 11:00:00+08:00,116.5,116.5,116.5,116.5,1000,0.0,0.0
2024-04-12 11:10:00+08:00,117.0,117.0,117.0,117.0,1000,0.0,0.0
2024-04-12 11:15:00+08:00,117.0,117.0,117.0,117.0,1000,0.0,0.0
2024-04-12 11:25:00+08:00,117.0,117.0,117.0,117.0,2000,0.0,0.0
2024-04-12 11:40:00+08:00,117.5,117.5,117.5,117.5,5161,0.0,0.0
2024-04-12 12:00:00+08:00,117.0,117.0,117.0,117.0,7000,0.0,0.0
2024-04-12 12:15:00+08:00,117.0,117.0,117.0,117.0,5100,0.0,0.0
2024-04-12 12:35:00+08:00,117.0,117.0,117.0,117.0,1100,0.0,0.0
2024-04-12 12:45:00+08:00,117.0,117.0,117.0,117.0,1000,0.0,0.0
2024-04-12 13:15:00+08:00,117.0,117.0,117.0,117.0,1100,0.0,0.0
2024-04-12 09:00:00+08:00,115.5,116.0,115.0,115.0,0,0.0,0.0
2024-04-12 09:05:00+08:00,115.5,115.5,115.5,115.5,1000,0.0,0.0
2024-04-12 09:30:00+08:00,116.0,116.0,116.0,116.0,3115,0.0,0.0
2024-04-12 09:35:00+08:00,116.0,116.0,116.0,116.0,1100,0.0,0.0
2024-04-12 09:40:00+08:00,116.0,116.0,115.5,116.0,8000,0.0,0.0
2024-04-12 09:50:00+08:00,116.0,116.0,116.0,116.0,2359,0.0,0.0
2024-04-12 09:55:00+08:00,116.5,116.5,116.5,116.5,2425,0.0,0.0
2024-04-12 10:00:00+08:00,116.5,116.5,116.5,116.5,1396,0.0,0.0
2024-04-12 10:05:00+08:00,116.5,116.5,116.5,116.5,1000,0.0,0.0
2024-04-12 10:10:00+08:00,117.0,117.0,117.0,117.0,6000,0.0,0.0
2024-04-12 10:25:00+08:00,117.0,117.0,117.0,117.0,2000,0.0,0.0
2024-04-12 10:30:00+08:00,117.0,117.0,117.0,117.0,1070,0.0,0.0
2024-04-12 10:45:00+08:00,117.0,117.0,117.0,117.0,1000,0.0,0.0
2024-04-12 11:00:00+08:00,116.5,116.5,116.5,116.5,1000,0.0,0.0
2024-04-12 11:10:00+08:00,117.0,117.0,117.0,117.0,1000,0.0,0.0
2024-04-12 11:15:00+08:00,117.0,117.0,117.0,117.0,1000,0.0,0.0
2024-04-12 11:25:00+08:00,117.0,117.0,117.0,117.0,2000,0.0,0.0
2024-04-12 11:40:00+08:00,117.5,117.5,117.5,117.5,5161,0.0,0.0
2024-04-12 12:00:00+08:00,117.0,117.0,117.0,117.0,7000,0.0,0.0
2024-04-12 12:15:00+08:00,117.0,117.0,117.0,117.0,5100,0.0,0.0
2024-04-12 12:35:00+08:00,117.0,117.0,117.0,117.0,1100,0.0,0.0
2024-04-12 12:45:00+08:00,117.0,117.0,117.0,117.0,1000,0.0,0.0
2024-04-12 13:15:00+08:00,117.0,117.0,117.0,117.0,1100,0.0,0.0
2024-04-12 09:00:00+08:00,115.5,116.0,115.0,115.0,0,0.0,0.0
2024-04-12 09:05:00+08:00,115.5,115.5,115.5,115.5,1000,0.0,0.0
2024-04-12 09:30:00+08:00,116.0,116.0,116.0,116.0,3115,0.0,0.0
2024-04-12 09:35:00+08:00,116.0,116.0,116.0,116.0,1100,0.0,0.0
2024-04-12 09:40:00+08:00,116.0,116.0,115.5,116.0,8000,0.0,0.0
2024-04-12 09:50:00+08:00,116.0,116.0,116.0,116.0,2359,0.0,0.0
2024-04-12 09:55:00+08:00,116.5,116.5,116.5,116.5,2425,0.0,0.0
2024-04-12 10:00:00+08:00,116.5,116.5,116.5,116.5,1396,0.0,0.0
2024-04-12 10:05:00+08:00,116.5,116.5,116.5,116.5,1000,0.0,0.0
2024-04-12 10:10:00+08:00,117.0,117.0,117.0,117.0,6000,0.0,0.0
2024-04-12 10:25:00+08:00,117.0,117.0,117.0,117.0,2000,0.0,0.0
2024-04-12 10:30:00+08:00,117.0,117.0,117.0,117.0,1070,0.0,0.0
2024-04-12 10:45:00+08:00,117.0,117.0,117.0,117.0,1000,0.0,0.0
2024-04-12 11:00:00+08:00,116.5,116.5,116.5,116.5,1000,0.0,0.0
2024-04-12 11:10:00+08:00,117.0,117.0,117.0,117.0,1000,0.0,0.0
2024-04-12 11:15:00+08:00,117.0,117.0,117.0,117.0,1000,0.0,0.0
2024-04-12 11:25:00+08:00,117.0,117.0,117.0,117.0,2000,0.0,0.0
2024-04-12 11:40:00+08:00,117.5,117.5,117.5,117.5,5161,0.0,0.0
2024-04-12 12:00:00+08:00,117.0,117.0,117.0,117.0,7000,0.0,0.0
2024-04-12 12:15:00+08:00,117.0,117.0,117.0,117.0,5100,0.0,0.0
2024-04-12 12:35:00+08:00,117.0,117.0,117.0,117.0,1100,0.0,0.0
2024-04-12 12:45:00+08:00,117.0,117.0,117.0,117.0,1000,0.0,0.0
2024-04-12 13:15:00+08:00,117.0,117.0,117.0,117.0,1100,0.0,0.0
2024-04-15 09:00:00+08:00,116.5,116.5,116.5,116.5,0,0.0,0.0
2024-04-15 09:10:00+08:00,116.5,116.5,116.5,116.5,4000,0.0,0.0
2024-04-15 09:20:00+08:00,116.5,116.5,116.5,116.5,2000,0.0,0.0
2024-04-15 09:50:00+08:00,116.5,116.5,116.5,116.5,1310,0.0,0.0
2024-04-15 13:00:00+08:00,116.5,116.5,116.5,116.5,1000,0.0,0.0
2024-04-15 09:00:00+08:00,116.5,116.5,116.5,116.5,0,0.0,0.0
2024-04-15 09:10:00+08:00,116.5,116.5,116.5,116.5,4000,0.0,0.0
2024-04-15 09:20:00+08:00,116.5,116.5,116.5,116.5,2000,0.0,0.0
2024-04-15 09:50:00+08:00,116.5,116.5,116.5,116.5,1310,0.0,0.0
2024-04-15 13:00:00+08:00,116.5,116.5,116.5,116.5,1000,0.0,0.0
2024-04-16 09:00:00+08:00,115.0,115.0,115.0,115.0,2000,0.0,0.0
2024-04-16 09:10:00+08:00,115.0,116.0,115.0,116.0,3150,0.0,0.0
2024-04-16 09:15:00+08:00,116.0,116.0,116.0,116.0,7000,0.0,0.0
2024-04-16 09:20:00+08:00,116.0,116.0,116.0,116.0,1050,0.0,0.0
2024-04-16 11:05:00+08:00,114.0,114.0,114.0,114.0,2298,0.0,0.0
2024-04-16 11:50:00+08:00,114.0,114.0,114.0,114.0,1050,0.0,0.0
2024-04-16 11:55:00+08:00,114.0,114.0,114.0,114.0,1000,0.0,0.0
2024-04-16 12:10:00+08:00,114.0,114.0,114.0,114.0,1367,0.0,0.0
2024-04-16 12:30:00+08:00,113.5,113.5,113.5,113.5,2137,0.0,0.0
2024-04-16 12:35:00+08:00,113.5,113.5,113.5,113.5,1000,0.0,0.0
2024-04-16 09:00:00+08:00,115.0,115.0,115.0,115.0,0,0.0,0.0
2024-04-16 09:10:00+08:00,115.0,116.0,115.0,116.0,3150,0.0,0.0
2024-04-16 09:15:00+08:00,116.0,116.0,116.0,116.0,7000,0.0,0.0
2024-04-16 09:20:00+08:00,116.0,116.0,116.0,116.0,1050,0.0,0.0
2024-04-16 11:05:00+08:00,114.0,114.0,114.0,114.0,2298,0.0,0.0
2024-04-16 11:50:00+08:00,114.0,114.0,114.0,114.0,1050,0.0,0.0
2024-04-16 11:55:00+08:00,114.0,114.0,114.0,114.0,1000,0.0,0.0
2024-04-16 12:10:00+08:00,114.0,114.0,114.0,114.0,1367,0.0,0.0
2024-04-16 12:30:00+08:00,113.5,113.5,113.5,113.5,2137,0.0,0.0
2024-04-16 12:35:00+08:00,113.5,113.5,113.5,113.5,1000,0.0,0.0
2024-04-17 09:25:00+08:00,113.0,113.0,113.0,113.0,2000,0.0,0.0
2024-04-17 09:30:00+08:00,113.0,113.0,113.0,113.0,1000,0.0,0.0
2024-04-17 09:35:00+08:00,113.0,113.0,113.0,113.0,1000,0.0,0.0
2024-04-17 09:45:00+08:00,113.0,113.0,113.0,113.0,1354,0.0,0.0
2024-04-17 10:15:00+08:00,113.5,113.5,113.0,113.0,2090,0.0,0.0
2024-04-17 10:30:00+08:00,113.5,113.5,113.0,113.0,2000,0.0,0.0
2024-04-17 10:35:00+08:00,114.0,114.0,114.0,114.0,1074,0.0,0.0
2024-04-17 10:45:00+08:00,114.0,114.0,114.0,114.0,1402,0.0,0.0
2024-04-17 12:30:00+08:00,114.0,114.0,114.0,114.0,1000,0.0,0.0
2024-04-17 12:35:00+08:00,114.0,114.0,114.0,114.0,2013,0.0,0.0
2024-04-17 13:00:00+08:00,114.0,114.0,114.0,114.0,1000,0.0,0.0
2024-04-17 13:10:00+08:00,113.5,113.5,113.0,113.0,8000,0.0,0.0
2024-04-17 13:20:00+08:00,114.0,114.0,114.0,114.0,2000,0.0,0.0
2024-04-18 04:00:00+00:00,113.0,113.0,113.0,113.0,0,0.0,0.0
2024-04-19 01:15:00+00:00,112.5,112.5,112.5,112.5,0,0.0,0.0
2024-04-19 01:40:00+00:00,112.0,112.0,111.5,111.5,4000,0.0,0.0
2024-04-19 02:00:00+00:00,112.0,112.0,112.0,112.0,1000,0.0,0.0
2024-04-19 02:10:00+00:00,112.0,112.0,112.0,112.0,1100,0.0,0.0
2024-04-19 02:30:00+00:00,112.0,112.0,112.0,112.0,1000,0.0,0.0
2024-04-19 02:35:00+00:00,112.0,112.0,111.5,111.5,2000,0.0,0.0
2024-04-19 02:45:00+00:00,111.0,111.0,111.0,111.0,1000,0.0,0.0
2024-04-19 02:55:00+00:00,111.5,111.5,111.5,111.5,3012,0.0,0.0
2024-04-19 03:00:00+00:00,111.5,111.5,111.5,111.5,1000,0.0,0.0
2024-04-19 03:05:00+00:00,111.5,111.5,111.5,111.5,1000,0.0,0.0
2024-04-19 03:25:00+00:00,111.5,111.5,111.5,111.5,1000,0.0,0.0
2024-04-19 03:35:00+00:00,112.0,112.0,112.0,112.0,1000,0.0,0.0
2024-04-19 03:55:00+00:00,112.0,112.0,112.0,112.0,1000,0.0,0.0
2024-04-19 04:35:00+00:00,112.0,112.0,112.0,112.0,1000,0.0,0.0
2024-04-19 04:55:00+00:00,112.0,112.0,112.0,112.0,2000,0.0,0.0
2024-04-19 05:00:00+00:00,112.0,112.0,112.0,112.0,1100,0.0,0.0
2024-04-19 05:10:00+00:00,112.5,112.5,112.5,112.5,1000,0.0,0.0
2024-04-19 05:15:00+00:00,112.0,112.0,112.0,112.0,1000,0.0,0.0
2024-04-19 05:20:00+00:00,112.5,112.5,112.5,112.5,2000,0.0,0.0
2024-04-22 01:50:00+00:00,113.5,113.5,113.5,113.5,0,0.0,0.0
2024-04-22 02:45:00+00:00,113.0,113.0,113.0,113.0,3240,0.0,0.0
2024-04-22 04:55:00+00:00,112.5,112.5,112.5,112.5,2009,0.0,0.0
2024-04-22 05:15:00+00:00,113.0,113.0,113.0,113.0,1100,0.0,0.0
2024-04-22 05:20:00+00:00,112.5,113.0,112.5,113.0,6260,0.0,0.0
2024-04-23 01:30:00+00:00,112.0,112.0,112.0,112.0,0,0.0,0.0
2024-04-23 01:35:00+00:00,111.5,111.5,111.5,111.5,1370,0.0,0.0
2024-04-23 01:40:00+00:00,112.0,112.0,111.5,111.5,7000,0.0,0.0
2024-04-23 01:55:00+00:00,111.5,111.5,111.5,111.5,2000,0.0,0.0
2024-04-23 02:10:00+00:00,111.5,111.5,111.5,111.5,1000,0.0,0.0
2024-04-23 02:15:00+00:00,111.5,111.5,111.5,111.5,2422,0.0,0.0
2024-04-23 03:10:00+00:00,111.5,111.5,111.5,111.5,1005,0.0,0.0
2024-04-23 04:15:00+00:00,111.5,111.5,111.5,111.5,1002,0.0,0.0
2024-04-23 04:55:00+00:00,111.5,111.5,111.5,111.5,1000,0.0,0.0
2024-04-23 05:00:00+00:00,112.0,112.0,112.0,112.0,3000,0.0,0.0
2024-04-24 01:15:00+00:00,113.5,113.5,113.5,113.5,0,0.0,0.0
2024-04-24 03:35:00+00:00,113.0,113.0,113.0,113.0,1002,0.0,0.0
2024-04-24 03:55:00+00:00,113.0,113.0,112.5,112.5,10000,0.0,0.0
2024-04-24 04:05:00+00:00,112.5,112.5,112.5,112.5,2090,0.0,0.0
2024-04-24 05:00:00+00:00,113.5,113.5,113.5,113.5,1000,0.0,0.0
2024-04-24 05:20:00+00:00,113.0,113.0,113.0,113.0,1100,0.0,0.0
2024-04-25 01:25:00+00:00,113.5,113.5,113.5,113.5,0,0.0,0.0
2024-04-26 02:25:00+00:00,113.5,113.5,113.5,113.5,0,0.0,0.0
2024-04-26 02:35:00+00:00,112.5,112.5,112.5,112.5,1200,0.0,0.0
2024-04-26 04:40:00+00:00,112.5,112.5,112.5,112.5,1000,0.0,0.0
2024-04-26 05:20:00+00:00,112.5,112.5,112.5,112.5,1000,0.0,0.0
2024-04-29 01:00:00+00:00,114.0,114.0,114.0,114.0,0,0.0,0.0
2024-04-29 03:40:00+00:00,113.5,113.5,113.5,113.5,1001,0.0,0.0
2024-04-29 04:20:00+00:00,113.5,113.5,113.0,113.0,2337,0.0,0.0
2024-04-30 01:00:00+00:00,112.5,113.0,112.5,113.0,0,0.0,0.0
2024-04-30 01:05:00+00:00,113.5,113.5,113.5,113.5,1101,0.0,0.0
2024-04-30 01:40:00+00:00,113.0,113.0,113.0,113.0,2000,0.0,0.0
2024-04-30 01:55:00+00:00,113.0,113.0,113.0,113.0,2000,0.0,0.0
2024-04-30 02:10:00+00:00,113.0,113.0,113.0,113.0,1000,0.0,0.0
2024-04-30 02:15:00+00:00,113.5,113.5,113.5,113.5,1084,0.0,0.0
2024-04-30 03:00:00+00:00,113.5,113.5,113.5,113.5,1000,0.0,0.0
2024-04-30 03:05:00+00:00,113.5,113.5,113.5,113.5,1000,0.0,0.0
2024-04-30 03:10:00+00:00,113.5,113.5,113.5,113.5,1415,0.0,0.0
2024-04-30 04:40:00+00:00,114.0,114.0,114.0,114.0,3000,0.0,0.0
2024-04-30 04:50:00+00:00,114.0,114.0,114.0,114.0,1306,0.0,0.0
2024-04-30 05:10:00+00:00,114.0,114.0,114.0,114.0,1004,0.0,0.0
2024-05-02 04:35:00+00:00,114.0,114.0,114.0,114.0,0,0.0,0.0
2024-05-02 04:40:00+00:00,114.0,114.0,114.0,114.0,2000,0.0,0.0
2024-05-02 05:10:00+00:00,114.0,114.0,114.0,114.0,3000,0.0,0.0
2024-05-02 05:15:00+00:00,114.0,114.0,114.0,114.0,1000,0.0,0.0
2024-05-03 01:50:00+00:00,113.5,113.5,113.5,113.5,0,0.0,0.0
2024-05-03 02:20:00+00:00,113.5,113.5,113.0,113.0,8289,0.0,0.0
2024-05-03 02:35:00+00:00,113.0,113.0,113.0,113.0,3112,0.0,0.0
2024-05-03 04:00:00+00:00,113.0,113.0,113.0,113.0,1000,0.0,0.0
2024-05-03 04:55:00+00:00,113.5,113.5,113.5,113.5,1000,0.0,0.0
2024-05-03 05:00:00+00:00,113.5,113.5,113.5,113.5,2000,0.0,0.0
2024-05-03 05:20:00+00:00,113.5,113.5,113.5,113.5,1000,0.0,0.0
2024-05-06 01:15:00+00:00,113.5,113.5,113.5,113.5,0,0.0,0.0
2024-05-06 01:50:00+00:00,113.5,113.5,113.5,113.5,4000,0.0,0.0
2024-05-06 02:00:00+00:00,113.5,113.5,113.5,113.5,1000,0.0,0.0
2024-05-06 02:10:00+00:00,114.0,114.0,114.0,114.0,1000,0.0,0.0
2024-05-06 02:35:00+00:00,113.5,113.5,113.5,113.5,1100,0.0,0.0
2024-05-06 03:25:00+00:00,113.5,113.5,113.5,113.5,1001,0.0,0.0
2024-05-06 05:20:00+00:00,113.5,113.5,113.5,113.5,1000,0.0,0.0
2024-05-07 02:25:00+00:00,113.5,113.5,113.5,113.5,0,0.0,0.0
2024-05-07 03:40:00+00:00,113.0,113.0,113.0,113.0,1262,0.0,0.0
2024-05-07 05:10:00+00:00,113.5,113.5,113.5,113.5,2800,0.0,0.0
2024-05-07 05:20:00+00:00,114.0,114.0,114.0,114.0,2000,0.0,0.0
2024-05-08 04:20:00+00:00,114.0,114.0,114.0,114.0,0,0.0,0.0
2024-05-08 04:45:00+00:00,113.5,113.5,113.5,113.5,1000,0.0,0.0
2024-05-08 04:55:00+00:00,113.5,113.5,113.5,113.5,1000,0.0,0.0
2024-05-09 01:00:00+00:00,114.5,115.5,114.5,115.5,0,0.0,0.0
2024-05-09 01:05:00+00:00,115.0,115.0,115.0,115.0,2242,0.0,0.0
2024-05-09 01:15:00+00:00,115.0,115.0,115.0,115.0,2000,0.0,0.0
2024-05-09 01:20:00+00:00,115.5,116.0,115.5,116.0,10000,0.0,0.0
2024-05-09 01:25:00+00:00,116.0,116.5,116.0,116.0,6100,0.0,0.0
2024-05-09 01:40:00+00:00,116.0,116.0,116.0,116.0,2208,0.0,0.0
2024-05-09 02:05:00+00:00,116.0,116.0,116.0,116.0,3000,0.0,0.0
2024-05-09 02:10:00+00:00,116.0,116.0,116.0,116.0,2000,0.0,0.0
2024-05-09 02:15:00+00:00,115.5,115.5,115.0,115.0,13000,0.0,0.0
2024-05-09 02:25:00+00:00,115.0,115.0,115.0,115.0,1019,0.0,0.0
2024-05-09 03:20:00+00:00,115.5,115.5,115.5,115.5,2000,0.0,0.0
2024-05-09 04:10:00+00:00,115.5,115.5,115.0,115.0,7200,0.0,0.0
2024-05-09 05:10:00+00:00,115.0,115.0,115.0,115.0,5000,0.0,0.0
2024-05-09 05:15:00+00:00,114.5,114.5,114.5,114.5,1000,0.0,0.0
2024-05-10 01:10:00+00:00,115.0,115.0,115.0,115.0,1100,0.0,0.0
2024-05-10 01:25:00+00:00,115.0,115.0,115.0,115.0,1000,0.0,0.0
2024-05-10 01:30:00+00:00,115.0,115.0,115.0,115.0,2006,0.0,0.0
2024-05-10 02:05:00+00:00,115.0,115.0,115.0,115.0,1144,0.0,0.0
2024-05-10 03:05:00+00:00,114.5,114.5,114.5,114.5,2000,0.0,0.0
2024-05-10 03:10:00+00:00,115.0,115.0,115.0,115.0,1111,0.0,0.0
2024-05-10 04:50:00+00:00,114.5,114.5,114.5,114.5,1000,0.0,0.0
2024-05-10 04:55:00+00:00,114.5,114.5,114.5,114.5,2544,0.0,0.0
2024-05-10 05:15:00+00:00,114.5,114.5,114.5,114.5,4000,0.0,0.0
2024-05-10 05:20:00+00:00,114.5,114.5,114.5,114.5,1000,0.0,0.0
2024-05-13 01:15:00+00:00,115.0,115.0,115.0,115.0,0,0.0,0.0
2024-05-13 01:50:00+00:00,115.0,115.0,115.0,115.0,1050,0.0,0.0
2024-05-13 02:15:00+00:00,115.0,115.0,115.0,115.0,1493,0.0,0.0
2024-05-13 04:25:00+00:00,114.5,114.5,114.5,114.5,8107,0.0,0.0
2024-05-13 04:35:00+00:00,114.5,114.5,114.5,114.5,1000,0.0,0.0
2024-05-15 01:00:00+00:00,116.5,118.5,116.5,118.5,8000,0.0,0.0
2024-05-15 01:05:00+00:00,118.5,118.5,118.0,118.0,5400,0.0,0.0
2024-05-15 01:20:00+00:00,116.5,116.5,116.5,116.5,2116,0.0,0.0
2024-05-15 01:30:00+00:00,116.0,116.0,116.0,116.0,2000,0.0,0.0
2024-05-15 01:35:00+00:00,116.0,117.0,116.0,117.0,15000,0.0,0.0
2024-05-15 01:40:00+00:00,117.5,117.5,117.5,117.5,1070,0.0,0.0
2024-05-15 01:45:00+00:00,116.5,116.5,116.5,116.5,1000,0.0,0.0
2024-05-15 01:50:00+00:00,116.5,116.5,116.5,116.5,2000,0.0,0.0
2024-05-15 02:05:00+00:00,117.0,117.0,117.0,117.0,1100,0.0,0.0
2024-05-15 02:10:00+00:00,117.0,117.0,117.0,117.0,1000,0.0,0.0
2024-05-15 02:15:00+00:00,117.0,117.0,117.0,117.0,1000,0.0,0.0
2024-05-15 02:20:00+00:00,117.0,117.0,117.0,117.0,2000,0.0,0.0
2024-05-15 02:30:00+00:00,117.5,117.5,117.5,117.5,2700,0.0,0.0
2024-05-15 03:15:00+00:00,117.0,117.0,117.0,117.0,1000,0.0,0.0
2024-05-15 03:20:00+00:00,117.0,117.0,117.0,117.0,1000,0.0,0.0
2024-05-15 03:45:00+00:00,117.0,117.0,117.0,117.0,1168,0.0,0.0
2024-05-15 05:05:00+00:00,117.0,117.0,117.0,117.0,2300,0.0,0.0
2024-05-16 01:00:00+00:00,118.5,118.5,118.5,118.5,0,0.0,0.0
2024-05-16 01:05:00+00:00,118.5,119.0,118.5,119.0,2000,0.0,0.0
2024-05-16 01:10:00+00:00,119.0,119.0,119.0,119.0,1000,0.0,0.0
2024-05-16 01:15:00+00:00,119.0,119.0,119.0,119.0,1228,0.0,0.0
2024-05-16 02:20:00+00:00,118.5,118.5,118.5,118.5,1000,0.0,0.0
2024-05-16 02:25:00+00:00,118.5,118.5,118.5,118.5,1000,0.0,0.0
2024-05-16 02:50:00+00:00,118.5,118.5,118.5,118.5,1155,0.0,0.0
2024-05-16 04:00:00+00:00,118.0,118.0,118.0,118.0,1900,0.0,0.0
2024-05-16 05:00:00+00:00,118.5,118.5,118.5,118.5,1599,0.0,0.0
2024-05-16 05:15:00+00:00,118.0,118.0,118.0,118.0,2015,0.0,0.0
2024-05-17 01:30:00+00:00,118.0,118.0,118.0,118.0,1000,0.0,0.0
2024-05-17 01:40:00+00:00,118.5,118.5,118.5,118.5,2000,0.0,0.0
2024-05-17 01:45:00+00:00,118.5,118.5,118.5,118.5,5000,0.0,0.0
2024-05-17 01:50:00+00:00,118.5,118.5,118.5,118.5,1000,0.0,0.0
2024-05-17 01:55:00+00:00,118.5,118.5,118.5,118.5,1000,0.0,0.0
2024-05-17 02:00:00+00:00,119.0,119.0,118.5,118.5,2000,0.0,0.0
2024-05-17 02:10:00+00:00,119.0,119.0,119.0,119.0,4100,0.0,0.0
2024-05-17 02:15:00+00:00,119.0,119.0,119.0,119.0,2000,0.0,0.0
2024-05-17 02:20:00+00:00,119.5,119.5,119.0,119.0,2100,0.0,0.0
2024-05-17 02:25:00+00:00,119.5,119.5,119.5,119.5,3500,0.0,0.0
2024-05-17 02:30:00+00:00,120.0,120.0,120.0,120.0,1010,0.0,0.0
2024-05-17 02:35:00+00:00,119.5,119.5,119.5,119.5,3530,0.0,0.0
2024-05-17 03:55:00+00:00,119.5,119.5,119.5,119.5,6000,0.0,0.0
2024-05-17 04:00:00+00:00,119.5,119.5,119.5,119.5,2344,0.0,0.0
2024-05-17 04:20:00+00:00,119.5,119.5,119.5,119.5,2026,0.0,0.0
2024-05-17 04:55:00+00:00,119.5,119.5,119.5,119.5,1075,0.0,0.0
2024-05-17 05:05:00+00:00,120.0,120.0,120.0,120.0,3161,0.0,0.0
2024-05-17 05:20:00+00:00,120.0,120.0,119.5,119.5,5040,0.0,0.0
2024-05-20 01:00:00+00:00,119.5,119.5,119.5,119.5,0,0.0,0.0
2024-05-20 01:10:00+00:00,119.5,119.5,119.5,119.5,1000,0.0,0.0
2024-05-20 01:20:00+00:00,119.5,119.5,119.5,119.5,1000,0.0,0.0
2024-05-20 01:25:00+00:00,119.5,119.5,119.5,119.5,1000,0.0,0.0
2024-05-20 01:45:00+00:00,119.5,119.5,119.5,119.5,2000,0.0,0.0
2024-05-20 02:10:00+00:00,119.5,119.5,119.5,119.5,1012,0.0,0.0
2024-05-20 02:15:00+00:00,119.5,119.5,119.5,119.5,1000,0.0,0.0
2024-05-20 02:40:00+00:00,120.0,120.0,120.0,120.0,2018,0.0,0.0
2024-05-20 02:45:00+00:00,120.0,120.5,120.0,120.5,3000,0.0,0.0
2024-05-20 03:00:00+00:00,120.5,120.5,120.5,120.5,1000,0.0,0.0
2024-05-20 03:15:00+00:00,121.0,121.0,121.0,121.0,1000,0.0,0.0
2024-05-20 03:20:00+00:00,121.0,121.0,121.0,121.0,4000,0.0,0.0
2024-05-20 04:15:00+00:00,120.5,120.5,120.5,120.5,1000,0.0,0.0
2024-05-20 05:15:00+00:00,120.0,120.0,120.0,120.0,1000,0.0,0.0
2024-05-20 05:20:00+00:00,120.0,120.0,120.0,120.0,3000,0.0,0.0
2024-05-21 01:10:00+00:00,121.0,121.0,121.0,121.0,0,0.0,0.0
2024-05-21 01:40:00+00:00,120.5,120.5,120.0,120.0,3000,0.0,0.0
2024-05-21 01:50:00+00:00,120.0,120.0,119.5,119.5,3000,0.0,0.0
2024-05-21 02:30:00+00:00,120.0,120.0,120.0,120.0,0,0.0,0.0
2024-05-21 02:45:00+00:00,120.5,120.5,120.5,120.5,11050,0.0,0.0
2024-05-21 03:00:00+00:00,120.5,120.5,120.5,120.5,3000,0.0,0.0
2024-05-21 03:15:00+00:00,120.0,120.0,120.0,120.0,4000,0.0,0.0
2024-05-21 03:20:00+00:00,120.0,120.0,120.0,120.0,1000,0.0,0.0
2024-05-21 03:55:00+00:00,119.5,119.5,119.5,119.5,1000,0.0,0.0
2024-05-22 01:00:00+00:00,121.5,121.5,121.5,121.5,0,0.0,0.0
2024-05-22 01:15:00+00:00,121.0,121.0,121.0,121.0,1200,0.0,0.0
2024-05-22 02:10:00+00:00,120.5,120.5,120.5,120.5,2000,0.0,0.0
2024-05-22 02:25:00+00:00,120.5,120.5,120.5,120.5,1855,0.0,0.0
2024-05-22 04:00:00+00:00,120.0,120.0,120.0,120.0,1000,0.0,0.0
2024-05-22 04:05:00+00:00,120.0,120.0,120.0,120.0,2000,0.0,0.0
2024-05-22 04:10:00+00:00,120.0,120.0,120.0,120.0,1530,0.0,0.0
2024-05-22 04:30:00+00:00,119.5,119.5,119.5,119.5,3035,0.0,0.0
2024-05-22 04:55:00+00:00,119.5,119.5,119.5,119.5,1150,0.0,0.0
2024-05-23 01:00:00+00:00,119.0,119.0,118.5,118.5,0,0.0,0.0
2024-05-23 01:05:00+00:00,118.0,118.0,118.0,118.0,3319,0.0,0.0
2024-05-23 01:15:00+00:00,118.0,118.0,118.0,118.0,7000,0.0,0.0
2024-05-23 01:20:00+00:00,118.0,118.0,118.0,118.0,1000,0.0,0.0
2024-05-23 01:25:00+00:00,118.0,118.0,118.0,118.0,1000,0.0,0.0
2024-05-23 01:30:00+00:00,118.5,118.5,118.5,118.5,3000,0.0,0.0
2024-05-23 01:35:00+00:00,120.0,120.0,120.0,120.0,1649,0.0,0.0
2024-05-23 01:50:00+00:00,120.0,120.0,120.0,120.0,1000,0.0,0.0
2024-05-23 02:10:00+00:00,120.0,120.0,120.0,120.0,3000,0.0,0.0
2024-05-23 02:15:00+00:00,120.5,120.5,120.5,120.5,2000,0.0,0.0
2024-05-23 02:20:00+00:00,120.5,121.0,120.5,121.0,2000,0.0,0.0
2024-05-23 02:25:00+00:00,120.5,120.5,120.5,120.5,1000,0.0,0.0
2024-05-23 02:30:00+00:00,120.0,120.0,120.0,120.0,1000,0.0,0.0
2024-05-23 02:45:00+00:00,120.5,120.5,120.5,120.5,2000,0.0,0.0
2024-05-23 02:50:00+00:00,120.0,120.0,120.0,120.0,2000,0.0,0.0
2024-05-23 03:05:00+00:00,119.5,119.5,119.5,119.5,2000,0.0,0.0
2024-05-23 03:20:00+00:00,120.0,120.0,120.0,120.0,2000,0.0,0.0
2024-05-23 03:25:00+00:00,120.0,120.0,120.0,120.0,7000,0.0,0.0
2024-05-23 03:45:00+00:00,120.0,120.0,120.0,120.0,3000,0.0,0.0
2024-05-23 03:55:00+00:00,120.0,120.0,120.0,120.0,5000,0.0,0.0
2024-05-23 04:00:00+00:00,120.0,120.0,120.0,120.0,9200,0.0,0.0
2024-05-23 04:10:00+00:00,120.5,120.5,120.5,120.5,1000,0.0,0.0
2024-05-23 04:30:00+00:00,120.5,121.0,120.5,121.0,7000,0.0,0.0
2024-05-23 04:35:00+00:00,121.5,122.5,121.5,122.5,19000,0.0,0.0
2024-05-23 04:40:00+00:00,122.0,122.0,122.0,122.0,1000,0.0,0.0
2024-05-23 04:50:00+00:00,122.0,122.0,122.0,122.0,1000,0.0,0.0
2024-05-23 04:55:00+00:00,122.0,122.0,122.0,122.0,1000,0.0,0.0
2024-05-24 01:00:00+00:00,122.5,124.0,122.5,123.5,0,0.0,0.0
2024-05-24 01:05:00+00:00,123.5,123.5,122.0,122.0,3000,0.0,0.0
2024-05-24 01:10:00+00:00,122.0,122.0,122.0,122.0,4194,0.0,0.0
2024-05-24 01:20:00+00:00,122.5,122.5,122.5,122.5,1006,0.0,0.0
2024-05-24 01:25:00+00:00,122.0,122.0,122.0,122.0,1000,0.0,0.0
2024-05-24 01:30:00+00:00,122.5,124.5,122.5,124.5,18000,0.0,0.0
2024-05-24 01:35:00+00:00,124.5,125.5,124.5,124.5,18012,0.0,0.0
2024-05-24 01:40:00+00:00,123.5,123.5,123.5,123.5,2000,0.0,0.0
2024-05-24 01:45:00+00:00,123.5,123.5,123.5,123.5,2000,0.0,0.0
2024-05-24 01:50:00+00:00,123.5,123.5,123.5,123.5,2000,0.0,0.0
2024-05-24 01:55:00+00:00,123.5,123.5,123.5,123.5,2000,0.0,0.0
2024-05-24 02:00:00+00:00,124.0,124.0,124.0,124.0,1000,0.0,0.0
2024-05-24 02:05:00+00:00,124.0,124.0,124.0,124.0,2200,0.0,0.0
2024-05-24 02:10:00+00:00,124.0,124.0,124.0,124.0,1000,0.0,0.0
2024-05-24 02:15:00+00:00,124.0,124.0,124.0,124.0,1009,0.0,0.0
2024-05-24 02:45:00+00:00,124.0,124.0,124.0,124.0,1000,0.0,0.0
2024-05-24 02:50:00+00:00,124.0,124.0,124.0,124.0,1000,0.0,0.0
2024-05-24 03:00:00+00:00,124.0,124.0,124.0,124.0,2000,0.0,0.0
2024-05-24 03:15:00+00:00,124.5,124.5,124.5,124.5,1050,0.0,0.0
2024-05-24 03:40:00+00:00,124.5,124.5,124.5,124.5,6030,0.0,0.0
2024-05-24 03:45:00+00:00,125.0,125.0,125.0,125.0,17000,0.0,0.0
2024-05-24 03:55:00+00:00,125.5,125.5,125.0,125.0,3806,0.0,0.0
2024-05-24 04:15:00+00:00,125.0,125.0,125.0,125.0,2100,0.0,0.0
2024-05-24 04:20:00+00:00,125.0,125.5,125.0,125.5,2100,0.0,0.0
2024-05-24 04:30:00+00:00,125.0,125.0,125.0,125.0,1105,0.0,0.0
2024-05-24 04:35:00+00:00,125.0,125.0,125.0,125.0,2355,0.0,0.0
2024-05-24 04:50:00+00:00,125.0,125.0,125.0,125.0,1152,0.0,0.0
2024-05-24 05:00:00+00:00,125.0,125.0,125.0,125.0,1000,0.0,0.0
2024-05-24 05:05:00+00:00,125.0,125.0,125.0,125.0,1000,0.0,0.0
2024-05-24 05:10:00+00:00,125.0,125.0,125.0,125.0,3000,0.0,0.0
2024-05-24 05:15:00+00:00,125.0,125.0,125.0,125.0,2000,0.0,0.0
2024-05-24 05:20:00+00:00,125.0,125.0,125.0,125.0,3039,0.0,0.0
2024-05-27 01:00:00+00:00,126.5,129.5,126.5,129.5,0,0.0,0.0
2024-05-27 01:05:00+00:00,129.0,129.5,129.0,129.0,5181,0.0,0.0
2024-05-27 01:10:00+00:00,128.5,128.5,128.0,128.0,6108,0.0,0.0
2024-05-27 01:15:00+00:00,128.0,128.5,128.0,128.5,3442,0.0,0.0
2024-05-27 01:20:00+00:00,128.0,128.0,128.0,128.0,7190,0.0,0.0
2024-05-27 01:30:00+00:00,128.5,128.5,128.5,128.5,1003,0.0,0.0
2024-05-27 01:40:00+00:00,127.5,127.5,125.0,125.0,21000,0.0,0.0
2024-05-27 01:45:00+00:00,127.5,127.5,127.5,127.5,1000,0.0,0.0
2024-05-27 02:30:00+00:00,126.5,126.5,126.5,126.5,1301,0.0,0.0
2024-05-27 02:40:00+00:00,126.5,126.5,126.5,126.5,1251,0.0,0.0
2024-05-27 03:00:00+00:00,126.5,126.5,126.5,126.5,1000,0.0,0.0
2024-05-27 03:05:00+00:00,126.0,126.0,125.5,125.5,6000,0.0,0.0
2024-05-27 03:10:00+00:00,125.5,125.5,125.5,125.5,1000,0.0,0.0
2024-05-27 03:15:00+00:00,125.5,125.5,125.5,125.5,1000,0.0,0.0
2024-05-27 03:20:00+00:00,125.5,125.5,125.5,125.5,1100,0.0,0.0
2024-05-27 03:35:00+00:00,126.5,126.5,126.5,126.5,1050,0.0,0.0
2024-05-27 04:15:00+00:00,126.0,126.0,126.0,126.0,1000,0.0,0.0
2024-05-27 04:20:00+00:00,126.0,126.0,126.0,126.0,1003,0.0,0.0
2024-05-27 04:25:00+00:00,126.0,126.0,126.0,126.0,2397,0.0,0.0
2024-05-27 04:50:00+00:00,125.5,125.5,125.0,125.0,9300,0.0,0.0
2024-05-27 05:00:00+00:00,125.0,125.0,125.0,125.0,2000,0.0,0.0
2024-05-27 05:20:00+00:00,126.0,126.0,126.0,126.0,1000,0.0,0.0
2024-05-28 01:30:00+00:00,125.0,125.0,124.5,124.5,4200,0.0,0.0
2024-05-28 01:35:00+00:00,124.0,124.0,124.0,124.0,8000,0.0,0.0
2024-05-28 01:40:00+00:00,124.0,124.0,124.0,124.0,1000,0.0,0.0
2024-05-28 01:45:00+00:00,125.0,125.0,125.0,125.0,2000,0.0,0.0
2024-05-28 01:50:00+00:00,124.0,124.0,124.0,124.0,3126,0.0,0.0
2024-05-28 03:00:00+00:00,125.0,125.0,125.0,125.0,1100,0.0,0.0
2024-05-28 03:50:00+00:00,124.5,124.5,124.5,124.5,2006,0.0,0.0
2024-05-28 04:05:00+00:00,124.5,124.5,124.5,124.5,1000,0.0,0.0
2024-05-28 04:50:00+00:00,125.0,125.0,125.0,125.0,1000,0.0,0.0
2024-05-28 05:05:00+00:00,125.0,125.0,125.0,125.0,1000,0.0,0.0
2024-05-28 05:10:00+00:00,124.5,124.5,124.5,124.5,1000,0.0,0.0
2024-05-29 01:00:00+00:00,124.5,125.0,124.5,125.0,2000,0.0,0.0
2024-05-29 01:10:00+00:00,124.5,124.5,124.5,124.5,1000,0.0,0.0
2024-05-29 01:30:00+00:00,124.0,124.0,124.0,124.0,1000,0.0,0.0
2024-05-29 01:35:00+00:00,124.0,124.0,124.0,124.0,1000,0.0,0.0
2024-05-29 01:40:00+00:00,124.0,124.0,124.0,124.0,1000,0.0,0.0
2024-05-29 01:45:00+00:00,124.0,124.0,124.0,124.0,2000,0.0,0.0
2024-05-29 01:50:00+00:00,124.0,124.0,124.0,124.0,1000,0.0,0.0
2024-05-29 02:30:00+00:00,124.5,124.5,124.5,124.5,1100,0.0,0.0
2024-05-29 02:35:00+00:00,124.5,124.5,124.5,124.5,1050,0.0,0.0
2024-05-29 02:40:00+00:00,124.5,124.5,124.5,124.5,1000,0.0,0.0
2024-05-29 02:45:00+00:00,124.5,124.5,124.5,124.5,6050,0.0,0.0
2024-05-29 02:50:00+00:00,124.5,124.5,124.5,124.5,2000,0.0,0.0
2024-05-29 03:05:00+00:00,124.5,124.5,124.5,124.5,1000,0.0,0.0
2024-05-29 03:20:00+00:00,124.0,124.0,124.0,124.0,1000,0.0,0.0
2024-05-29 03:30:00+00:00,124.0,124.5,124.0,124.5,9000,0.0,0.0
2024-05-29 03:35:00+00:00,124.5,124.5,124.5,124.5,2000,0.0,0.0
2024-05-29 03:45:00+00:00,124.0,124.0,124.0,124.0,1000,0.0,0.0
2024-05-29 04:10:00+00:00,124.0,124.0,124.0,124.0,3000,0.0,0.0
2024-05-29 04:40:00+00:00,124.0,124.0,124.0,124.0,1008,0.0,0.0
2024-05-29 05:05:00+00:00,124.5,124.5,124.5,124.5,1000,0.0,0.0
2024-05-29 05:15:00+00:00,124.5,125.0,124.5,125.0,5152,0.0,0.0
2024-05-30 01:40:00+00:00,124.0,124.0,124.0,124.0,0,0.0,0.0
2024-05-30 01:45:00+00:00,123.5,123.5,123.5,123.5,1000,0.0,0.0
2024-05-30 01:50:00+00:00,123.5,123.5,123.5,123.5,1037,0.0,0.0
2024-05-30 02:30:00+00:00,123.5,123.5,123.5,123.5,2004,0.0,0.0
2024-05-30 02:35:00+00:00,123.5,123.5,123.5,123.5,2000,0.0,0.0
2024-05-30 02:40:00+00:00,124.0,124.0,124.0,124.0,2400,0.0,0.0
2024-05-30 02:50:00+00:00,124.5,124.5,124.5,124.5,1000,0.0,0.0
2024-05-30 03:35:00+00:00,124.0,124.0,124.0,124.0,1000,0.0,0.0
2024-05-30 03:45:00+00:00,124.0,124.0,124.0,124.0,3000,0.0,0.0
2024-05-30 05:20:00+00:00,123.5,123.5,123.5,123.5,4026,0.0,0.0
2024-05-31 01:05:00+00:00,124.0,124.5,124.0,124.5,0,0.0,0.0
2024-05-31 01:10:00+00:00,124.5,124.5,124.5,124.5,2000,0.0,0.0
2024-05-31 01:45:00+00:00,124.5,125.0,124.5,125.0,3092,0.0,0.0
2024-05-31 02:05:00+00:00,125.0,125.5,125.0,125.5,10000,0.0,0.0
2024-05-31 02:45:00+00:00,125.5,125.5,125.5,125.5,1000,0.0,0.0
2024-05-31 02:50:00+00:00,125.0,125.0,125.0,125.0,1050,0.0,0.0
2024-05-31 03:10:00+00:00,124.5,124.5,124.5,124.5,1000,0.0,0.0
2024-05-31 03:15:00+00:00,124.5,124.5,124.5,124.5,1000,0.0,0.0
2024-05-31 03:20:00+00:00,124.5,125.0,124.5,125.0,5160,0.0,0.0
2024-05-31 05:10:00+00:00,124.5,124.5,124.5,124.5,1000,0.0,0.0
2024-06-03 01:00:00+00:00,126.0,126.0,126.0,126.0,0,0.0,0.0
2024-06-03 01:05:00+00:00,126.0,126.0,126.0,126.0,1038,0.0,0.0
2024-06-03 01:10:00+00:00,126.0,126.0,126.0,126.0,1000,0.0,0.0
2024-06-03 01:20:00+00:00,126.0,126.0,126.0,126.0,1000,0.0,0.0
2024-06-03 01:30:00+00:00,125.5,125.5,125.5,125.5,2041,0.0,0.0
2024-06-03 01:45:00+00:00,125.0,125.0,125.0,125.0,2000,0.0,0.0
2024-06-03 02:20:00+00:00,125.0,125.0,125.0,125.0,3200,0.0,0.0
2024-06-03 03:10:00+00:00,126.0,126.0,126.0,126.0,1000,0.0,0.0
2024-06-03 03:15:00+00:00,126.0,126.0,126.0,126.0,2755,0.0,0.0
2024-06-04 01:00:00+00:00,125.0,125.0,125.0,125.0,0,0.0,0.0
2024-06-04 01:15:00+00:00,125.0,125.0,125.0,125.0,2000,0.0,0.0
2024-06-04 01:30:00+00:00,124.5,124.5,124.5,124.5,2005,0.0,0.0
2024-06-04 01:35:00+00:00,124.0,124.0,124.0,124.0,6001,0.0,0.0
2024-06-04 01:40:00+00:00,124.0,124.0,124.0,124.0,1000,0.0,0.0
2024-06-04 01:45:00+00:00,124.0,124.0,124.0,124.0,1000,0.0,0.0
2024-06-04 01:55:00+00:00,124.0,124.0,124.0,124.0,5000,0.0,0.0
2024-06-04 02:20:00+00:00,124.0,124.0,124.0,124.0,1000,0.0,0.0
2024-06-04 02:30:00+00:00,124.0,124.0,124.0,124.0,3000,0.0,0.0
2024-06-04 02:35:00+00:00,124.0,124.0,124.0,124.0,1000,0.0,0.0
2024-06-04 02:40:00+00:00,124.0,124.0,124.0,124.0,1000,0.0,0.0
2024-06-04 02:50:00+00:00,124.0,124.0,124.0,124.0,1000,0.0,0.0
2024-06-04 02:55:00+00:00,124.0,124.0,124.0,124.0,2000,0.0,0.0
2024-06-04 03:10:00+00:00,124.0,125.0,124.0,125.0,3409,0.0,0.0
2024-06-04 03:55:00+00:00,124.5,124.5,124.5,124.5,1468,0.0,0.0
2024-06-04 04:05:00+00:00,124.0,124.0,124.0,124.0,8000,0.0,0.0
2024-06-04 04:10:00+00:00,124.0,124.0,124.0,124.0,1600,0.0,0.0
2024-06-04 04:35:00+00:00,124.0,124.0,124.0,124.0,1000,0.0,0.0
2024-06-04 04:40:00+00:00,124.0,124.0,124.0,124.0,1000,0.0,0.0
2024-06-04 05:00:00+00:00,124.0,124.0,124.0,124.0,3024,0.0,0.0
2024-06-04 05:20:00+00:00,124.0,124.0,124.0,124.0,1000,0.0,0.0
2024-06-05 01:25:00+00:00,124.0,124.0,124.0,124.0,0,0.0,0.0
2024-06-05 02:20:00+00:00,124.0,124.0,124.0,124.0,1000,0.0,0.0
2024-06-05 02:35:00+00:00,124.0,124.0,124.0,124.0,1001,0.0,0.0
2024-06-05 03:05:00+00:00,123.5,123.5,123.5,123.5,1000,0.0,0.0
2024-06-05 03:15:00+00:00,123.5,123.5,123.5,123.5,1000,0.0,0.0
2024-06-05 03:40:00+00:00,123.5,123.5,123.5,123.5,1000,0.0,0.0
2024-06-05 03:55:00+00:00,123.5,123.5,123.5,123.5,2000,0.0,0.0
2024-06-05 04:20:00+00:00,123.5,123.5,123.5,123.5,1313,0.0,0.0
2024-06-05 04:55:00+00:00,123.5,123.5,123.5,123.5,1000,0.0,0.0
2024-06-06 01:10:00+00:00,124.0,124.0,124.0,124.0,0,0.0,0.0
2024-06-06 02:40:00+00:00,125.0,125.0,125.0,125.0,1000,0.0,0.0
2024-06-06 03:05:00+00:00,124.0,124.0,124.0,124.0,5391,0.0,0.0
2024-06-06 03:10:00+00:00,124.0,124.0,124.0,124.0,1000,0.0,0.0
2024-06-06 03:20:00+00:00,124.0,124.0,124.0,124.0,4025,0.0,0.0
2024-06-06 04:05:00+00:00,124.0,124.0,124.0,124.0,1300,0.0,0.0
2024-06-06 04:20:00+00:00,124.0,124.0,124.0,124.0,1000,0.0,0.0
2024-06-06 04:50:00+00:00,124.0,124.0,124.0,124.0,2000,0.0,0.0
2024-06-07 01:30:00+00:00,125.0,125.0,125.0,125.0,0,0.0,0.0
2024-06-07 01:45:00+00:00,124.0,124.0,124.0,124.0,3176,0.0,0.0
2024-06-07 02:35:00+00:00,124.0,124.0,124.0,124.0,5100,0.0,0.0
2024-06-07 05:20:00+00:00,124.0,124.0,124.0,124.0,2000,0.0,0.0
2024-06-11 01:10:00+00:00,124.5,124.5,124.5,124.5,0,0.0,0.0
2024-06-11 01:35:00+00:00,125.0,125.0,125.0,125.0,1000,0.0,0.0
2024-06-11 01:45:00+00:00,125.0,125.0,125.0,125.0,1050,0.0,0.0
2024-06-11 02:20:00+00:00,125.0,125.5,125.0,125.5,2400,0.0,0.0
2024-06-11 04:15:00+00:00,124.5,124.5,124.5,124.5,5000,0.0,0.0
2024-06-11 04:40:00+00:00,125.0,125.0,125.0,125.0,1000,0.0,0.0
2024-06-12 01:00:00+00:00,126.0,126.0,126.0,126.0,0,0.0,0.0
2024-06-12 01:05:00+00:00,126.0,126.0,126.0,126.0,2044,0.0,0.0
2024-06-12 01:10:00+00:00,125.5,125.5,125.5,125.5,0,0.0,0.0
2024-06-12 01:20:00+00:00,125.5,125.5,125.5,125.5,6044,0.0,0.0
2024-06-12 01:55:00+00:00,125.0,125.0,125.0,125.0,1008,0.0,0.0
2024-06-12 02:40:00+00:00,124.5,124.5,124.5,124.5,1000,0.0,0.0
2024-06-12 02:50:00+00:00,124.5,124.5,124.5,124.5,2938,0.0,0.0
2024-06-12 04:35:00+00:00,124.5,124.5,124.5,124.5,2000,0.0,0.0
2024-06-12 04:55:00+00:00,124.5,124.5,124.5,124.5,4000,0.0,0.0
2024-06-12 05:00:00+00:00,124.5,124.5,124.5,124.5,1000,0.0,0.0
2024-06-13 01:00:00+00:00,125.5,125.5,125.0,125.0,0,0.0,0.0
2024-06-13 01:05:00+00:00,125.5,125.5,125.5,125.5,2000,0.0,0.0
2024-06-13 01:15:00+00:00,125.5,125.5,125.5,125.5,0,0.0,0.0
2024-06-13 01:25:00+00:00,125.0,125.0,125.0,125.0,11000,0.0,0.0
2024-06-13 01:50:00+00:00,124.5,124.5,124.5,124.5,8268,0.0,0.0
2024-06-13 02:05:00+00:00,124.5,124.5,124.5,124.5,4000,0.0,0.0
2024-06-13 02:15:00+00:00,124.5,124.5,124.5,124.5,4012,0.0,0.0
2024-06-13 03:15:00+00:00,124.5,124.5,124.5,124.5,2000,0.0,0.0
2024-06-13 03:40:00+00:00,124.5,124.5,124.5,124.5,2212,0.0,0.0
2024-06-13 04:25:00+00:00,125.0,125.0,125.0,125.0,1000,0.0,0.0
2024-06-13 04:45:00+00:00,124.5,124.5,124.5,124.5,1188,0.0,0.0
2024-06-13 04:50:00+00:00,124.5,124.5,124.5,124.5,1000,0.0,0.0
2024-06-13 05:05:00+00:00,124.0,124.0,124.0,124.0,1000,0.0,0.0
2024-06-14 01:30:00+00:00,124.0,124.0,124.0,124.0,0,0.0,0.0
2024-06-14 01:40:00+00:00,125.0,125.0,125.0,125.0,1048,0.0,0.0
2024-06-17 01:00:00+00:00,124.5,124.5,124.5,124.5,0,0.0,0.0
2024-06-17 01:05:00+00:00,124.5,124.5,124.0,124.0,5200,0.0,0.0
2024-06-17 01:35:00+00:00,124.0,124.0,123.5,124.0,3000,0.0,0.0
2024-06-17 01:55:00+00:00,124.0,124.0,124.0,124.0,1000,0.0,0.0
2024-06-17 02:10:00+00:00,124.0,124.0,124.0,124.0,3400,0.0,0.0
2024-06-17 02:40:00+00:00,124.0,124.0,124.0,124.0,1000,0.0,0.0
2024-06-17 02:55:00+00:00,124.0,124.0,124.0,124.0,1000,0.0,0.0
2024-06-17 03:00:00+00:00,124.0,124.0,124.0,124.0,2000,0.0,0.0
2024-06-17 03:05:00+00:00,124.0,124.0,124.0,124.0,6000,0.0,0.0
2024-06-17 03:15:00+00:00,124.0,124.0,124.0,124.0,1000,0.0,0.0
2024-06-17 03:30:00+00:00,124.0,124.0,124.0,124.0,1000,0.0,0.0
2024-06-17 03:45:00+00:00,124.0,124.0,124.0,124.0,2000,0.0,0.0
2024-06-17 04:05:00+00:00,124.0,124.0,124.0,124.0,3100,0.0,0.0
2024-06-17 04:10:00+00:00,124.0,124.0,124.0,124.0,1000,0.0,0.0
2024-06-17 04:15:00+00:00,124.0,124.0,124.0,124.0,1000,0.0,0.0
2024-06-17 04:20:00+00:00,124.0,124.0,124.0,124.0,1000,0.0,0.0
2024-06-18 01:10:00+00:00,124.0,124.0,124.0,124.0,1025,0.0,0.0
2024-06-18 02:20:00+00:00,123.5,123.5,123.5,123.5,2000,0.0,0.0
2024-06-18 02:25:00+00:00,123.5,123.5,123.5,123.5,2047,0.0,0.0
2024-06-18 03:35:00+00:00,123.5,123.5,123.5,123.5,1000,0.0,0.0
2024-06-18 04:00:00+00:00,123.5,123.5,123.5,123.5,1211,0.0,0.0
2024-06-18 04:35:00+00:00,123.5,123.5,123.5,123.5,1025,0.0,0.0
2024-06-18 04:55:00+00:00,123.5,123.5,123.5,123.5,1000,0.0,0.0
2024-06-18 05:20:00+00:00,123.5,123.5,123.5,123.5,1000,0.0,0.0
2024-06-19 01:20:00+00:00,123.0,123.0,123.0,123.0,4000,0.0,0.0
2024-06-19 01:35:00+00:00,123.0,123.0,123.0,123.0,1050,0.0,0.0
2024-06-19 01:40:00+00:00,123.0,123.0,123.0,123.0,1000,0.0,0.0
2024-06-19 01:50:00+00:00,123.5,123.5,123.5,123.5,1155,0.0,0.0
2024-06-19 02:30:00+00:00,123.5,124.0,123.5,124.0,3645,0.0,0.0
2024-06-19 02:45:00+00:00,123.5,123.5,123.0,123.0,6000,0.0,0.0
2024-06-19 03:40:00+00:00,124.0,124.0,124.0,124.0,1150,0.0,0.0
2024-06-19 03:55:00+00:00,124.0,124.0,124.0,124.0,1635,0.0,0.0
2024-06-19 04:20:00+00:00,124.0,124.0,124.0,124.0,2252,0.0,0.0
2024-06-19 04:30:00+00:00,124.0,124.0,124.0,124.0,1000,0.0,0.0
2024-06-19 04:35:00+00:00,123.5,123.5,123.5,123.5,1400,0.0,0.0
2024-06-20 01:10:00+00:00,124.0,124.0,124.0,124.0,0,0.0,0.0
2024-06-20 02:00:00+00:00,123.5,123.5,123.5,123.5,1000,0.0,0.0
2024-06-20 02:25:00+00:00,123.0,123.0,123.0,123.0,1010,0.0,0.0
2024-06-20 02:50:00+00:00,123.0,123.0,123.0,123.0,1300,0.0,0.0
2024-06-20 02:55:00+00:00,123.5,123.5,123.5,123.5,1000,0.0,0.0
2024-06-20 03:00:00+00:00,123.5,123.5,123.5,123.5,1000,0.0,0.0
2024-06-20 04:15:00+00:00,123.5,123.5,123.5,123.5,1000,0.0,0.0
2024-06-20 04:20:00+00:00,123.5,123.5,123.5,123.5,2400,0.0,0.0
2024-06-20 04:45:00+00:00,124.0,124.0,124.0,124.0,1000,0.0,0.0
2024-06-21 01:15:00+00:00,123.5,123.5,123.5,123.5,0,0.0,0.0
2024-06-21 02:00:00+00:00,123.0,124.0,123.0,124.0,4775,0.0,0.0
2024-06-21 03:00:00+00:00,124.0,124.0,124.0,124.0,1000,0.0,0.0
2024-06-21 04:05:00+00:00,124.0,124.0,124.0,124.0,1000,0.0,0.0
2024-06-21 04:30:00+00:00,123.0,123.0,123.0,123.0,1020,0.0,0.0
2024-06-21 05:10:00+00:00,123.5,123.5,123.5,123.5,2000,0.0,0.0
2024-06-24 01:00:00+00:00,124.0,124.0,124.0,124.0,0,0.0,0.0
2024-06-24 01:10:00+00:00,124.0,124.0,124.0,124.0,1256,0.0,0.0
2024-06-24 01:25:00+00:00,123.5,123.5,123.5,123.5,1000,0.0,0.0
2024-06-24 01:30:00+00:00,124.5,124.5,124.5,124.5,1000,0.0,0.0
2024-06-24 01:50:00+00:00,124.0,124.0,124.0,124.0,1000,0.0,0.0
2024-06-24 02:05:00+00:00,123.5,123.5,123.5,123.5,1001,0.0,0.0
2024-06-24 02:35:00+00:00,123.5,123.5,123.5,123.5,3200,0.0,0.0
2024-06-24 03:00:00+00:00,123.5,123.5,123.0,123.0,2000,0.0,0.0
2024-06-24 03:05:00+00:00,123.0,123.0,123.0,123.0,3124,0.0,0.0
2024-06-24 04:10:00+00:00,123.5,123.5,123.5,123.5,2000,0.0,0.0
2024-06-24 05:20:00+00:00,123.0,123.0,123.0,123.0,7000,0.0,0.0
2024-06-25 01:00:00+00:00,124.5,124.5,124.5,124.5,0,0.0,0.0
2024-06-25 01:05:00+00:00,124.0,124.0,124.0,124.0,1000,0.0,0.0
2024-06-25 02:05:00+00:00,123.5,123.5,123.5,123.5,2000,0.0,0.0
2024-06-25 02:20:00+00:00,123.5,123.5,123.5,123.5,1016,0.0,0.0
2024-06-25 02:25:00+00:00,124.0,124.0,124.0,124.0,1204,0.0,0.0
2024-06-25 02:40:00+00:00,124.0,124.0,124.0,124.0,2001,0.0,0.0
2024-06-25 02:45:00+00:00,124.0,124.0,124.0,124.0,2000,0.0,0.0
2024-06-25 02:50:00+00:00,123.5,123.5,123.5,123.5,6401,0.0,0.0
2024-06-25 05:10:00+00:00,123.5,123.5,123.5,123.5,1150,0.0,0.0
2024-06-26 01:00:00+00:00,124.5,124.5,124.5,124.5,0,0.0,0.0
2024-06-26 01:20:00+00:00,123.5,124.0,123.5,124.0,2000,0.0,0.0
2024-06-26 01:55:00+00:00,124.0,124.0,124.0,124.0,0,0.0,0.0
2024-06-26 03:25:00+00:00,123.5,123.5,123.5,123.5,12258,0.0,0.0
2024-06-26 04:10:00+00:00,123.5,123.5,123.5,123.5,1002,0.0,0.0
2024-06-26 04:20:00+00:00,123.5,123.5,123.5,123.5,2000,0.0,0.0
2024-06-26 05:20:00+00:00,123.5,123.5,123.5,123.5,1000,0.0,0.0
2024-06-27 01:00:00+00:00,123.5,123.5,123.5,123.5,0,0.0,0.0
2024-06-27 01:40:00+00:00,123.5,123.5,123.5,123.5,2000,0.0,0.0
2024-06-27 01:55:00+00:00,123.0,123.0,123.0,123.0,7030,0.0,0.0
2024-06-27 02:45:00+00:00,123.0,123.0,123.0,123.0,2000,0.0,0.0
2024-06-27 03:15:00+00:00,123.0,123.0,123.0,123.0,1000,0.0,0.0
2024-06-27 04:15:00+00:00,123.5,123.5,123.5,123.5,1270,0.0,0.0
2024-06-27 05:10:00+00:00,123.5,123.5,123.5,123.5,1000,0.0,0.0
2024-06-28 01:00:00+00:00,123.0,123.0,123.0,123.0,0,0.0,0.0
2024-06-28 02:15:00+00:00,124.0,124.0,124.0,124.0,2506,0.0,0.0
2024-06-28 02:20:00+00:00,124.0,124.0,124.0,124.0,1235,0.0,0.0
2024-06-28 03:10:00+00:00,124.0,124.0,124.0,124.0,2000,0.0,0.0
2024-06-28 03:35:00+00:00,124.0,124.0,124.0,124.0,2000,0.0,0.0
2024-06-28 04:50:00+00:00,124.0,124.0,124.0,124.0,3000,0.0,0.0
2024-06-28 04:55:00+00:00,124.0,124.0,124.0,124.0,7000,0.0,0.0
2024-07-01 01:00:00+00:00,124.0,124.0,124.0,124.0,0,0.0,0.0
2024-07-01 02:10:00+00:00,124.0,124.0,124.0,124.0,5036,0.0,0.0
2024-07-01 02:55:00+00:00,124.0,124.5,124.0,124.5,2339,0.0,0.0
2024-07-01 03:10:00+00:00,125.0,125.0,125.0,125.0,1025,0.0,0.0
2024-07-01 03:25:00+00:00,125.0,125.0,125.0,125.0,1000,0.0,0.0
2024-07-01 04:50:00+00:00,124.5,124.5,124.5,124.5,1087,0.0,0.0
2024-07-01 05:20:00+00:00,124.5,124.5,124.5,124.5,1000,0.0,0.0
2024-07-02 01:45:00+00:00,124.5,124.5,124.5,124.5,2000,0.0,0.0
2024-07-02 01:55:00+00:00,125.0,125.0,125.0,125.0,1000,0.0,0.0
2024-07-02 02:20:00+00:00,125.0,125.0,125.0,125.0,1200,0.0,0.0
2024-07-02 02:25:00+00:00,124.5,124.5,124.5,124.5,1011,0.0,0.0
2024-07-02 02:50:00+00:00,124.5,124.5,124.5,124.5,1590,0.0,0.0
2024-07-02 04:20:00+00:00,124.5,124.5,124.5,124.5,1001,0.0,0.0
2024-07-02 05:20:00+00:00,124.5,124.5,124.5,124.5,1100,0.0,0.0
2024-07-03 01:30:00+00:00,124.5,124.5,124.5,124.5,4025,0.0,0.0
2024-07-03 01:40:00+00:00,125.0,125.0,125.0,125.0,3155,0.0,0.0
2024-07-03 02:10:00+00:00,124.0,124.0,124.0,124.0,17000,0.0,0.0
2024-07-03 02:35:00+00:00,124.5,124.5,124.5,124.5,1000,0.0,0.0
2024-07-03 02:55:00+00:00,124.0,124.0,124.0,124.0,2000,0.0,0.0
2024-07-03 03:15:00+00:00,125.0,125.0,125.0,125.0,1001,0.0,0.0
2024-07-03 03:30:00+00:00,124.5,124.5,124.5,124.5,1000,0.0,0.0
2024-07-03 03:35:00+00:00,124.5,124.5,124.5,124.5,2131,0.0,0.0
2024-07-03 04:00:00+00:00,124.5,124.5,124.5,124.5,2415,0.0,0.0
2024-07-03 04:20:00+00:00,124.5,124.5,124.5,124.5,3385,0.0,0.0
2024-07-03 05:00:00+00:00,124.5,124.5,124.5,124.5,2000,0.0,0.0
2024-07-03 05:05:00+00:00,124.5,124.5,124.5,124.5,1000,0.0,0.0
2024-07-03 05:10:00+00:00,124.5,124.5,124.5,124.5,2000,0.0,0.0
2024-07-04 01:00:00+00:00,122.0,122.0,122.0,122.0,0,0.0,0.0
2024-07-04 01:25:00+00:00,120.5,120.5,120.5,120.5,1080,0.0,0.0
2024-07-04 01:40:00+00:00,121.0,121.0,121.0,121.0,1000,0.0,0.0
2024-07-04 01:45:00+00:00,121.0,121.0,121.0,121.0,1000,0.0,0.0
2024-07-04 01:55:00+00:00,121.5,121.5,121.5,121.5,1002,0.0,0.0
2024-07-04 02:10:00+00:00,121.0,121.0,121.0,121.0,1000,0.0,0.0
2024-07-04 02:40:00+00:00,121.0,121.0,121.0,121.0,1000,0.0,0.0
2024-07-04 02:45:00+00:00,121.0,121.0,121.0,121.0,1032,0.0,0.0
2024-07-04 03:00:00+00:00,121.0,121.0,121.0,121.0,1010,0.0,0.0
2024-07-04 03:45:00+00:00,121.5,121.5,121.5,121.5,1029,0.0,0.0
2024-07-04 03:50:00+00:00,121.0,121.0,121.0,121.0,1071,0.0,0.0
2024-07-04 04:05:00+00:00,121.0,121.0,121.0,121.0,1000,0.0,0.0
2024-07-04 04:40:00+00:00,121.0,121.0,121.0,121.0,1000,0.0,0.0
2024-07-04 05:15:00+00:00,121.0,121.0,121.0,121.0,1000,0.0,0.0
2024-07-04 05:20:00+00:00,121.0,121.0,121.0,121.0,1000,0.0,0.0
2024-07-05 01:00:00+00:00,120.5,121.5,120.5,121.5,0,0.0,0.0
2024-07-05 01:05:00+00:00,121.5,121.5,121.5,121.5,2008,0.0,0.0
2024-07-05 01:10:00+00:00,121.5,121.5,121.5,121.5,3000,0.0,0.0
2024-07-05 01:30:00+00:00,121.0,121.0,121.0,121.0,3000,0.0,0.0
2024-07-05 01:40:00+00:00,121.5,121.5,121.5,121.5,1040,0.0,0.0
2024-07-05 03:15:00+00:00,121.0,121.0,121.0,121.0,0,0.0,0.0
2024-07-05 03:35:00+00:00,121.0,121.0,121.0,121.0,23501,0.0,0.0
2024-07-05 03:50:00+00:00,121.5,121.5,121.0,121.0,10397,0.0,0.0
2024-07-05 04:10:00+00:00,121.0,121.0,121.0,121.0,7010,0.0,0.0
2024-07-05 05:15:00+00:00,121.0,121.0,121.0,121.0,1000,0.0,0.0
2024-07-08 01:35:00+00:00,121.0,121.0,121.0,121.0,0,0.0,0.0
2024-07-08 01:50:00+00:00,121.0,121.5,121.0,121.5,4000,0.0,0.0
2024-07-08 02:00:00+00:00,121.0,121.0,121.0,121.0,21070,0.0,0.0
2024-07-08 02:05:00+00:00,121.0,121.0,121.0,121.0,1000,0.0,0.0
2024-07-08 02:25:00+00:00,120.5,120.5,120.5,120.5,1600,0.0,0.0
2024-07-08 03:40:00+00:00,120.5,120.5,120.5,120.5,1000,0.0,0.0
2024-07-08 05:20:00+00:00,121.0,121.0,121.0,121.0,6000,0.0,0.0
2024-07-09 02:05:00+00:00,121.0,121.0,121.0,121.0,5000,0.0,0.0
2024-07-09 02:15:00+00:00,120.5,120.5,120.5,120.5,1001,0.0,0.0
2024-07-09 02:30:00+00:00,120.5,120.5,120.5,120.5,1061,0.0,0.0
2024-07-09 02:45:00+00:00,120.5,120.5,120.5,120.5,1039,0.0,0.0
2024-07-09 03:00:00+00:00,120.5,120.5,120.5,120.5,1300,0.0,0.0
2024-07-09 03:30:00+00:00,120.5,120.5,120.5,120.5,4081,0.0,0.0
2024-07-10 01:00:00+00:00,121.0,121.0,121.0,121.0,0,0.0,0.0
2024-07-10 01:50:00+00:00,121.0,121.0,121.0,121.0,1000,0.0,0.0
2024-07-10 02:10:00+00:00,121.5,121.5,121.5,121.5,5000,0.0,0.0
2024-07-10 02:50:00+00:00,121.5,121.5,121.5,121.5,1025,0.0,0.0
2024-07-10 03:40:00+00:00,121.5,121.5,121.0,121.0,3000,0.0,0.0
2024-07-10 04:10:00+00:00,121.5,121.5,121.5,121.5,2000,0.0,0.0
2024-07-10 04:15:00+00:00,121.5,121.5,121.5,121.5,3017,0.0,0.0
2024-07-11 01:00:00+00:00,121.0,121.0,121.0,121.0,0,0.0,0.0
2024-07-11 01:05:00+00:00,121.0,121.5,121.0,121.5,9000,0.0,0.0
2024-07-11 01:15:00+00:00,121.0,121.0,121.0,121.0,11005,0.0,0.0
2024-07-11 01:30:00+00:00,120.5,120.5,120.5,120.5,1000,0.0,0.0
2024-07-11 01:35:00+00:00,121.0,121.0,121.0,121.0,1000,0.0,0.0
2024-07-11 01:40:00+00:00,121.0,121.0,121.0,121.0,2000,0.0,0.0
2024-07-11 01:45:00+00:00,121.0,121.0,121.0,121.0,1000,0.0,0.0
2024-07-11 02:20:00+00:00,121.0,121.0,121.0,121.0,1200,0.0,0.0
2024-07-11 02:50:00+00:00,121.0,121.0,121.0,121.0,2859,0.0,0.0
2024-07-12 01:00:00+00:00,120.5,121.0,120.5,121.0,0,0.0,0.0
2024-07-12 01:05:00+00:00,121.0,121.0,121.0,121.0,1006,0.0,0.0
2024-07-12 01:10:00+00:00,121.5,121.5,121.0,121.0,2000,0.0,0.0
2024-07-12 01:55:00+00:00,120.5,120.5,120.5,120.5,6000,0.0,0.0
2024-07-12 02:00:00+00:00,120.5,120.5,120.5,120.5,1002,0.0,0.0
2024-07-12 02:10:00+00:00,120.5,120.5,120.5,120.5,1000,0.0,0.0
2024-07-12 02:15:00+00:00,120.5,120.5,120.5,120.5,1000,0.0,0.0
2024-07-12 02:55:00+00:00,120.5,120.5,120.5,120.5,2042,0.0,0.0
2024-07-12 04:15:00+00:00,120.0,120.0,120.0,120.0,1000,0.0,0.0
2024-07-12 04:20:00+00:00,120.0,120.0,120.0,120.0,1002,0.0,0.0
2024-07-12 04:25:00+00:00,120.0,120.0,120.0,120.0,1000,0.0,0.0
2024-07-12 04:30:00+00:00,120.0,120.0,120.0,120.0,8006,0.0,0.0
2024-07-12 04:45:00+00:00,119.5,120.0,119.5,120.0,2320,0.0,0.0
2024-07-12 05:10:00+00:00,120.0,120.0,120.0,120.0,1004,0.0,0.0
2024-07-12 05:20:00+00:00,119.5,119.5,119.5,119.5,1817,0.0,0.0
2024-07-15 01:05:00+00:00,120.5,120.5,120.5,120.5,0,0.0,0.0
2024-07-15 01:10:00+00:00,120.5,120.5,120.5,120.5,9082,0.0,0.0
2024-07-15 02:30:00+00:00,120.5,120.5,120.5,120.5,3000,0.0,0.0
2024-07-15 02:40:00+00:00,120.5,120.5,120.5,120.5,2000,0.0,0.0
2024-07-15 03:25:00+00:00,121.0,121.0,121.0,121.0,1025,0.0,0.0
2024-07-15 04:20:00+00:00,120.5,120.5,120.5,120.5,1000,0.0,0.0
2024-07-16 01:00:00+00:00,121.0,121.0,121.0,121.0,0,0.0,0.0
2024-07-16 01:30:00+00:00,120.5,120.5,120.5,120.5,2018,0.0,0.0
2024-07-16 02:10:00+00:00,120.5,120.5,120.5,120.5,1000,0.0,0.0
2024-07-16 02:20:00+00:00,120.5,120.5,120.5,120.5,1000,0.0,0.0
2024-07-16 02:30:00+00:00,120.5,120.5,120.5,120.5,1000,0.0,0.0
2024-07-16 02:40:00+00:00,120.5,120.5,120.5,120.5,1000,0.0,0.0
2024-07-16 02:50:00+00:00,120.5,120.5,120.5,120.5,1000,0.0,0.0
2024-07-16 04:20:00+00:00,120.0,120.0,120.0,120.0,1000,0.0,0.0
2024-07-17 01:00:00+00:00,121.0,121.0,121.0,121.0,0,0.0,0.0
2024-07-17 01:10:00+00:00,120.5,120.5,120.5,120.5,10000,0.0,0.0
2024-07-17 01:15:00+00:00,121.0,121.0,121.0,121.0,2050,0.0,0.0
2024-07-17 02:05:00+00:00,120.5,120.5,120.5,120.5,4000,0.0,0.0
2024-07-17 02:30:00+00:00,120.5,120.5,120.5,120.5,1194,0.0,0.0
2024-07-17 03:40:00+00:00,120.5,120.5,120.5,120.5,1025,0.0,0.0
2024-07-18 01:00:00+00:00,120.5,120.5,120.5,120.5,0,0.0,0.0
2024-07-18 01:20:00+00:00,119.5,119.5,119.5,119.5,4000,0.0,0.0
2024-07-18 01:25:00+00:00,119.0,119.0,119.0,119.0,11000,0.0,0.0
2024-07-18 01:30:00+00:00,119.0,119.0,119.0,119.0,1000,0.0,0.0
2024-07-18 01:40:00+00:00,119.5,119.5,119.5,119.5,1000,0.0,0.0
2024-07-18 01:45:00+00:00,120.0,120.0,120.0,120.0,2000,0.0,0.0
2024-07-18 02:00:00+00:00,120.0,120.0,120.0,120.0,3000,0.0,0.0
2024-07-18 02:15:00+00:00,119.5,119.5,119.5,119.5,2000,0.0,0.0
2024-07-18 02:25:00+00:00,120.0,120.0,120.0,120.0,2000,0.0,0.0
2024-07-18 02:55:00+00:00,120.0,120.0,119.0,119.0,2100,0.0,0.0
2024-07-18 04:00:00+00:00,119.5,120.0,119.5,120.0,2048,0.0,0.0
2024-07-18 05:20:00+00:00,119.5,119.5,119.5,119.5,1000,0.0,0.0
2024-07-19 02:00:00+00:00,119.0,119.0,119.0,119.0,0,0.0,0.0
2024-07-19 02:05:00+00:00,119.0,119.0,119.0,119.0,3610,0.0,0.0
2024-07-19 02:25:00+00:00,119.0,119.0,119.0,119.0,2000,0.0,0.0
2024-07-19 03:25:00+00:00,119.0,119.0,119.0,119.0,1000,0.0,0.0
2024-07-19 03:50:00+00:00,119.0,119.0,119.0,119.0,1000,0.0,0.0
2024-07-19 03:55:00+00:00,119.0,119.0,119.0,119.0,1200,0.0,0.0
2024-07-19 04:15:00+00:00,119.0,119.0,119.0,119.0,1300,0.0,0.0
2024-07-19 05:05:00+00:00,119.0,119.0,119.0,119.0,13000,0.0,0.0
2024-07-19 05:15:00+00:00,118.5,118.5,118.5,118.5,2000,0.0,0.0
2024-07-19 05:20:00+00:00,119.0,119.0,119.0,119.0,1000,0.0,0.0
2024-07-22 01:15:00+00:00,118.5,118.5,118.5,118.5,0,0.0,0.0
2024-07-22 03:05:00+00:00,118.0,118.0,118.0,118.0,8060,0.0,0.0
2024-07-22 03:45:00+00:00,118.5,118.5,118.5,118.5,1000,0.0,0.0
2024-07-23 03:50:00+00:00,118.5,118.5,118.5,118.5,0,0.0,0.0
2024-07-26 01:40:00+00:00,118.0,118.0,118.0,118.0,0,0.0,0.0
2024-07-26 01:55:00+00:00,117.0,117.0,117.0,117.0,1000,0.0,0.0
2024-07-26 02:05:00+00:00,116.5,116.5,116.5,116.5,2000,0.0,0.0
2024-07-26 02:25:00+00:00,116.5,116.5,116.5,116.5,3000,0.0,0.0
2024-07-26 02:30:00+00:00,116.5,116.5,116.5,116.5,1000,0.0,0.0
2024-07-26 02:35:00+00:00,116.5,116.5,116.5,116.5,1111,0.0,0.0
2024-07-26 03:10:00+00:00,116.5,116.5,116.5,116.5,1021,0.0,0.0
2024-07-26 04:40:00+00:00,117.0,117.0,117.0,117.0,2000,0.0,0.0
2024-07-26 05:00:00+00:00,117.0,117.0,117.0,117.0,1000,0.0,0.0
2024-07-26 05:10:00+00:00,117.0,117.0,117.0,117.0,1000,0.0,0.0
2024-07-26 05:20:00+00:00,117.0,117.0,117.0,117.0,1000,0.0,0.0
2024-07-29 02:35:00+00:00,117.5,117.5,117.5,117.5,0,0.0,0.0
2024-07-29 02:40:00+00:00,117.5,117.5,117.5,117.5,2053,0.0,0.0
2024-07-29 05:10:00+00:00,117.5,117.5,117.5,117.5,1000,0.0,0.0
2024-07-29 05:20:00+00:00,118.0,118.5,118.0,118.5,2000,0.0,0.0
2024-07-30 01:05:00+00:00,117.5,117.5,117.5,117.5,0,0.0,0.0
2024-07-30 01:10:00+00:00,117.5,117.5,117.5,117.5,1002,0.0,0.0
2024-07-30 02:50:00+00:00,117.0,117.0,117.0,117.0,9003,0.0,0.0
2024-07-30 02:55:00+00:00,117.0,117.0,117.0,117.0,1000,0.0,0.0
2024-07-30 03:10:00+00:00,117.0,117.0,117.0,117.0,4000,0.0,0.0
2024-07-30 03:30:00+00:00,117.0,117.0,117.0,117.0,3260,0.0,0.0
2024-07-30 03:45:00+00:00,117.0,117.0,117.0,117.0,7000,0.0,0.0
2024-07-30 03:50:00+00:00,117.0,117.0,117.0,117.0,5000,0.0,0.0
2024-07-31 02:00:00+00:00,117.5,117.5,117.5,117.5,0,0.0,0.0
2024-07-31 02:05:00+00:00,117.5,117.5,117.5,117.5,1000,0.0,0.0
2024-07-31 02:15:00+00:00,117.5,117.5,117.5,117.5,5000,0.0,0.0
2024-07-31 02:30:00+00:00,117.5,118.0,117.5,118.0,7000,0.0,0.0
2024-07-31 02:45:00+00:00,118.5,118.5,118.5,118.5,2880,0.0,0.0
2024-08-01 01:20:00+00:00,119.0,119.0,119.0,119.0,0,0.0,0.0
2024-08-01 01:30:00+00:00,119.5,119.5,119.5,119.5,2000,0.0,0.0
2024-08-01 01:55:00+00:00,119.5,119.5,119.5,119.5,2150,0.0,0.0
2024-08-01 02:00:00+00:00,119.5,119.5,119.5,119.5,1000,0.0,0.0
2024-08-01 02:20:00+00:00,119.0,119.0,119.0,119.0,4195,0.0,0.0
2024-08-01 03:00:00+00:00,119.0,119.0,119.0,119.0,1320,0.0,0.0
2024-08-01 03:10:00+00:00,119.5,119.5,119.5,119.5,1000,0.0,0.0
2024-08-01 03:20:00+00:00,119.0,119.0,119.0,119.0,1005,0.0,0.0
2024-08-02 02:05:00+00:00,118.5,118.5,118.5,118.5,0,0.0,0.0
2024-08-02 02:15:00+00:00,118.5,118.5,118.5,118.5,1000,0.0,0.0
2024-08-02 02:50:00+00:00,118.0,118.0,118.0,118.0,1000,0.0,0.0
2024-08-02 03:10:00+00:00,118.0,118.0,118.0,118.0,1100,0.0,0.0
2024-08-02 04:55:00+00:00,117.5,117.5,117.5,117.5,1000,0.0,0.0
2024-08-05 01:00:00+00:00,114.5,114.5,114.5,114.5,0,0.0,0.0
2024-08-05 01:10:00+00:00,114.5,114.5,113.5,113.5,9000,0.0,0.0
2024-08-05 01:15:00+00:00,114.0,114.0,114.0,114.0,1178,0.0,0.0
2024-08-05 01:35:00+00:00,114.5,114.5,114.5,114.5,1000,0.0,0.0
2024-08-05 01:40:00+00:00,115.0,115.0,114.5,114.5,4000,0.0,0.0
2024-08-05 01:45:00+00:00,114.5,114.5,114.5,114.5,1003,0.0,0.0
2024-08-05 01:50:00+00:00,115.0,115.0,114.5,114.5,4212,0.0,0.0
2024-08-05 02:05:00+00:00,114.0,114.0,114.0,114.0,5025,0.0,0.0
2024-08-05 02:20:00+00:00,114.0,114.0,114.0,114.0,3219,0.0,0.0
2024-08-05 03:00:00+00:00,114.0,114.0,114.0,114.0,2000,0.0,0.0
2024-08-05 03:10:00+00:00,114.5,114.5,114.5,114.5,1000,0.0,0.0
2024-08-05 03:25:00+00:00,114.0,114.0,114.0,114.0,1000,0.0,0.0
2024-08-05 03:35:00+00:00,113.5,113.5,113.5,113.5,1054,0.0,0.0
2024-08-05 03:50:00+00:00,113.5,113.5,113.5,113.5,2000,0.0,0.0
2024-08-05 04:00:00+00:00,113.5,113.5,113.5,113.5,1000,0.0,0.0
2024-08-05 04:05:00+00:00,113.5,113.5,113.0,113.0,3000,0.0,0.0
2024-08-05 04:10:00+00:00,113.0,113.0,113.0,113.0,3176,0.0,0.0
2024-08-05 04:20:00+00:00,113.0,113.0,113.0,113.0,2000,0.0,0.0
2024-08-05 04:25:00+00:00,113.0,113.0,112.5,112.5,3000,0.0,0.0
2024-08-05 04:40:00+00:00,113.0,113.0,113.0,113.0,1000,0.0,0.0
2024-08-05 04:45:00+00:00,113.0,113.0,113.0,113.0,1000,0.0,0.0
2024-08-06 01:00:00+00:00,113.0,113.0,113.0,113.0,0,0.0,0.0
2024-08-06 01:10:00+00:00,113.0,113.0,113.0,113.0,2000,0.0,0.0
2024-08-06 01:15:00+00:00,112.5,112.5,112.5,112.5,1000,0.0,0.0
2024-08-06 01:35:00+00:00,111.0,111.0,111.0,111.0,1000,0.0,0.0
2024-08-06 01:40:00+00:00,110.5,110.5,110.5,110.5,2021,0.0,0.0
2024-08-06 02:15:00+00:00,111.0,111.0,111.0,111.0,1000,0.0,0.0
2024-08-06 02:30:00+00:00,111.0,111.0,111.0,111.0,3000,0.0,0.0
2024-08-06 02:35:00+00:00,111.0,111.0,111.0,111.0,1000,0.0,0.0
2024-08-06 02:50:00+00:00,111.0,111.0,111.0,111.0,1000,0.0,0.0
2024-08-06 03:20:00+00:00,112.0,112.0,112.0,112.0,1000,0.0,0.0
2024-08-06 03:25:00+00:00,112.5,112.5,112.5,112.5,2000,0.0,0.0
2024-08-06 04:00:00+00:00,112.5,112.5,112.5,112.5,2000,0.0,0.0
2024-08-06 04:30:00+00:00,112.0,112.0,111.0,111.0,10000,0.0,0.0
2024-08-06 04:40:00+00:00,111.5,111.5,111.5,111.5,1013,0.0,0.0
2024-08-06 05:00:00+00:00,111.5,112.0,111.5,112.0,4000,0.0,0.0
2024-08-06 05:05:00+00:00,112.0,112.0,111.0,111.0,2000,0.0,0.0
2024-08-07 01:15:00+00:00,114.0,114.0,114.0,114.0,0,0.0,0.0
2024-08-07 01:20:00+00:00,114.0,114.0,114.0,114.0,3137,0.0,0.0
2024-08-07 02:15:00+00:00,114.0,114.0,114.0,114.0,1000,0.0,0.0
2024-08-07 02:45:00+00:00,113.5,114.5,113.5,114.5,3000,0.0,0.0
2024-08-07 02:50:00+00:00,114.5,114.5,114.5,114.5,2128,0.0,0.0
2024-08-07 02:55:00+00:00,114.5,114.5,114.5,114.5,1087,0.0,0.0
2024-08-07 03:30:00+00:00,114.0,114.0,114.0,114.0,1000,0.0,0.0
2024-08-07 04:10:00+00:00,114.0,114.0,114.0,114.0,2000,0.0,0.0
2024-08-07 04:25:00+00:00,115.0,115.0,115.0,115.0,1143,0.0,0.0
2024-08-07 04:50:00+00:00,115.0,115.0,115.0,115.0,3001,0.0,0.0
2024-08-07 05:00:00+00:00,115.5,115.5,115.5,115.5,3000,0.0,0.0
2024-08-08 01:15:00+00:00,114.0,114.0,114.0,114.0,0,0.0,0.0
2024-08-08 01:20:00+00:00,114.5,114.5,114.5,114.5,1000,0.0,0.0
2024-08-08 01:35:00+00:00,114.0,114.0,114.0,114.0,1027,0.0,0.0
2024-08-08 03:20:00+00:00,114.5,114.5,114.5,114.5,2106,0.0,0.0
2024-08-08 03:55:00+00:00,115.0,115.0,115.0,115.0,1000,0.0,0.0
2024-08-08 04:20:00+00:00,115.0,115.0,115.0,115.0,2088,0.0,0.0
2024-08-08 05:10:00+00:00,114.5,114.5,114.5,114.5,2000,0.0,0.0
2024-08-09 01:00:00+00:00,116.5,116.5,116.5,116.5,0,0.0,0.0
2024-08-09 01:30:00+00:00,116.0,116.0,116.0,116.0,2006,0.0,0.0
2024-08-09 01:45:00+00:00,116.5,116.5,116.5,116.5,1004,0.0,0.0
2024-08-09 02:30:00+00:00,116.0,116.0,116.0,116.0,3009,0.0,0.0
2024-08-09 03:10:00+00:00,116.0,116.0,116.0,116.0,1000,0.0,0.0
2024-08-12 01:00:00+00:00,117.5,117.5,117.5,117.5,0,0.0,0.0
2024-08-12 01:10:00+00:00,117.5,117.5,117.5,117.5,2145,0.0,0.0
2024-08-12 01:55:00+00:00,117.5,117.5,117.5,117.5,3000,0.0,0.0
2024-08-12 02:35:00+00:00,118.0,118.0,118.0,118.0,1003,0.0,0.0
2024-08-13 01:45:00+00:00,118.0,118.0,118.0,118.0,0,0.0,0.0
2024-08-13 01:55:00+00:00,118.0,118.0,118.0,118.0,1000,0.0,0.0
2024-08-13 02:20:00+00:00,118.0,118.0,118.0,118.0,1000,0.0,0.0
2024-08-13 02:35:00+00:00,118.0,118.0,118.0,118.0,1000,0.0,0.0
2024-08-13 03:10:00+00:00,118.5,118.5,118.5,118.5,2000,0.0,0.0
2024-08-13 03:40:00+00:00,119.0,119.0,119.0,119.0,1232,0.0,0.0
2024-08-13 04:35:00+00:00,118.5,118.5,118.5,118.5,1049,0.0,0.0
2024-08-14 01:00:00+00:00,120.0,120.0,120.0,120.0,0,0.0,0.0
2024-08-14 04:20:00+00:00,119.0,119.0,119.0,119.0,1000,0.0,0.0
2024-08-15 01:00:00+00:00,118.0,118.0,118.0,118.0,0,0.0,0.0
2024-08-15 01:10:00+00:00,118.0,118.0,118.0,118.0,1000,0.0,0.0
2024-08-15 01:50:00+00:00,117.5,117.5,117.5,117.5,1000,0.0,0.0
2024-08-15 02:00:00+00:00,117.5,117.5,117.5,117.5,1000,0.0,0.0
2024-08-15 02:05:00+00:00,117.5,117.5,117.5,117.5,1000,0.0,0.0
2024-08-15 02:10:00+00:00,117.0,117.0,117.0,117.0,1000,0.0,0.0
2024-08-15 02:15:00+00:00,117.0,117.0,117.0,117.0,1000,0.0,0.0
2024-08-15 02:20:00+00:00,117.0,117.0,117.0,117.0,1000,0.0,0.0
2024-08-15 02:25:00+00:00,117.0,117.0,117.0,117.0,1000,0.0,0.0
2024-08-15 02:30:00+00:00,117.0,117.0,117.0,117.0,1000,0.0,0.0
2024-08-15 02:35:00+00:00,117.0,117.0,117.0,117.0,1000,0.0,0.0
2024-08-15 02:45:00+00:00,117.0,117.0,117.0,117.0,1000,0.0,0.0
2024-08-15 02:50:00+00:00,117.0,117.0,117.0,117.0,1000,0.0,0.0
2024-08-15 02:55:00+00:00,117.0,117.0,117.0,117.0,1000,0.0,0.0
2024-08-15 03:00:00+00:00,117.0,117.0,117.0,117.0,1000,0.0,0.0
2024-08-15 03:05:00+00:00,117.0,117.0,117.0,117.0,1000,0.0,0.0
2024-08-15 03:10:00+00:00,117.0,117.0,117.0,117.0,1000,0.0,0.0
2024-08-15 03:15:00+00:00,117.0,117.0,117.0,117.0,1000,0.0,0.0
2024-08-15 03:25:00+00:00,117.0,117.0,117.0,117.0,1000,0.0,0.0
2024-08-15 03:30:00+00:00,117.0,117.0,117.0,117.0,1000,0.0,0.0
2024-08-15 03:35:00+00:00,117.0,117.0,117.0,117.0,1000,0.0,0.0
2024-08-15 03:40:00+00:00,116.5,116.5,116.5,116.5,1000,0.0,0.0
2024-08-15 03:45:00+00:00,117.0,117.0,117.0,117.0,1000,0.0,0.0
2024-08-15 03:50:00+00:00,117.0,117.0,117.0,117.0,2000,0.0,0.0
2024-08-15 04:00:00+00:00,116.5,116.5,116.5,116.5,1062,0.0,0.0
2024-08-15 04:30:00+00:00,117.0,117.0,117.0,117.0,4557,0.0,0.0
2024-08-16 01:00:00+00:00,118.0,118.0,118.0,118.0,0,0.0,0.0
2024-08-16 01:30:00+00:00,117.5,117.5,117.5,117.5,1000,0.0,0.0
2024-08-16 01:35:00+00:00,117.5,117.5,117.5,117.5,1000,0.0,0.0
2024-08-16 01:45:00+00:00,117.0,117.0,117.0,117.0,5000,0.0,0.0
2024-08-16 02:15:00+00:00,117.5,117.5,117.5,117.5,1000,0.0,0.0
2024-08-16 02:25:00+00:00,117.5,117.5,117.5,117.5,6001,0.0,0.0
2024-08-16 02:45:00+00:00,117.5,117.5,117.5,117.5,1026,0.0,0.0
2024-08-16 03:10:00+00:00,117.5,117.5,117.5,117.5,1000,0.0,0.0
2024-08-16 03:35:00+00:00,117.5,117.5,117.5,117.5,2034,0.0,0.0
2024-08-16 03:55:00+00:00,117.5,117.5,117.5,117.5,1015,0.0,0.0
2024-08-19 01:00:00+00:00,118.0,118.0,118.0,118.0,0,0.0,0.0
2024-08-19 01:15:00+00:00,118.0,118.0,118.0,118.0,1000,0.0,0.0
2024-08-19 03:20:00+00:00,118.0,118.0,118.0,118.0,2009,0.0,0.0
2024-08-19 03:50:00+00:00,118.0,118.0,118.0,118.0,1000,0.0,0.0
2024-08-19 03:55:00+00:00,118.0,118.0,118.0,118.0,2000,0.0,0.0
2024-08-19 04:20:00+00:00,118.0,118.0,118.0,118.0,2000,0.0,0.0
2024-08-19 04:30:00+00:00,118.0,118.0,118.0,118.0,2029,0.0,0.0
2024-08-19 04:50:00+00:00,118.0,118.0,118.0,118.0,3002,0.0,0.0
2024-08-20 04:30:00+00:00,118.0,118.0,118.0,118.0,1000,0.0,0.0
2024-08-20 05:20:00+00:00,118.0,118.0,118.0,118.0,1038,0.0,0.0
2024-08-21 02:20:00+00:00,118.0,118.0,118.0,118.0,0,0.0,0.0
2024-08-21 03:45:00+00:00,118.0,118.0,118.0,118.0,1000,0.0,0.0
2024-08-21 04:20:00+00:00,118.5,118.5,118.5,118.5,4032,0.0,0.0
2024-08-21 05:10:00+00:00,118.0,118.0,118.0,118.0,1000,0.0,0.0
2024-08-22 01:25:00+00:00,118.0,119.0,118.0,119.0,1071,0.0,0.0
2024-08-22 02:35:00+00:00,119.0,119.0,119.0,119.0,5000,0.0,0.0
2024-08-22 03:05:00+00:00,119.0,119.5,119.0,119.5,4000,0.0,0.0
2024-08-22 03:45:00+00:00,119.0,119.0,119.0,119.0,1000,0.0,0.0
2024-08-23 02:05:00+00:00,118.0,118.0,118.0,118.0,0,0.0,0.0
2024-08-23 02:35:00+00:00,118.0,118.0,118.0,118.0,2000,0.0,0.0
2024-08-23 04:55:00+00:00,118.5,118.5,118.5,118.5,3000,0.0,0.0
2024-08-26 01:00:00+00:00,121.5,122.0,121.5,122.0,0,0.0,0.0
2024-08-26 01:05:00+00:00,122.0,122.0,122.0,122.0,3200,0.0,0.0
2024-08-26 01:15:00+00:00,122.0,122.0,122.0,122.0,1000,0.0,0.0
2024-08-26 01:20:00+00:00,121.0,121.0,121.0,121.0,1000,0.0,0.0
2024-08-26 01:30:00+00:00,121.5,121.5,121.5,121.5,1000,0.0,0.0
2024-08-26 01:35:00+00:00,121.5,122.0,121.5,122.0,7022,0.0,0.0
2024-08-26 01:50:00+00:00,122.0,122.5,122.0,122.5,5445,0.0,0.0
2024-08-26 02:10:00+00:00,122.0,122.0,122.0,122.0,6463,0.0,0.0
2024-08-26 02:15:00+00:00,122.0,122.0,122.0,122.0,2000,0.0,0.0
2024-08-26 02:25:00+00:00,122.5,122.5,122.5,122.5,4000,0.0,0.0
2024-08-26 02:30:00+00:00,122.5,122.5,122.5,122.5,1000,0.0,0.0
2024-08-26 02:35:00+00:00,122.5,122.5,122.5,122.5,1000,0.0,0.0
2024-08-26 02:45:00+00:00,123.0,123.0,123.0,123.0,5000,0.0,0.0
2024-08-26 02:50:00+00:00,123.5,123.5,123.5,123.5,3816,0.0,0.0
2024-08-26 03:15:00+00:00,123.0,123.0,123.0,123.0,1400,0.0,0.0
2024-08-26 04:10:00+00:00,122.5,122.5,122.5,122.5,1040,0.0,0.0
2024-08-26 05:00:00+00:00,122.5,122.5,122.5,122.5,1071,0.0,0.0
2024-08-27 01:00:00+00:00,123.0,123.0,123.0,123.0,0,0.0,0.0
2024-08-27 01:05:00+00:00,123.5,123.5,123.5,123.5,1000,0.0,0.0
2024-08-27 01:10:00+00:00,122.5,122.5,122.5,122.5,2048,0.0,0.0
2024-08-27 01:15:00+00:00,123.0,123.0,123.0,123.0,1000,0.0,0.0
2024-08-27 01:45:00+00:00,123.0,123.0,123.0,123.0,1000,0.0,0.0
2024-08-27 02:05:00+00:00,123.0,123.0,123.0,123.0,1070,0.0,0.0
2024-08-27 02:10:00+00:00,123.5,123.5,123.5,123.5,1800,0.0,0.0
2024-08-27 02:45:00+00:00,123.5,124.0,123.5,124.0,13769,0.0,0.0
2024-08-27 02:50:00+00:00,124.0,124.0,124.0,124.0,1690,0.0,0.0
2024-08-27 02:55:00+00:00,124.0,124.0,124.0,124.0,1000,0.0,0.0
2024-08-27 03:00:00+00:00,124.0,124.0,124.0,124.0,1000,0.0,0.0
2024-08-27 03:50:00+00:00,123.5,123.5,123.5,123.5,1000,0.0,0.0
2024-08-27 03:55:00+00:00,123.5,123.5,123.5,123.5,1003,0.0,0.0
2024-08-27 04:10:00+00:00,123.5,123.5,123.5,123.5,1500,0.0,0.0
2024-08-27 04:30:00+00:00,123.0,123.0,123.0,123.0,1000,0.0,0.0
2024-08-28 01:00:00+00:00,123.0,123.0,122.5,122.5,0,0.0,0.0
2024-08-28 01:10:00+00:00,122.5,122.5,122.5,122.5,1003,0.0,0.0
2024-08-28 01:25:00+00:00,123.0,123.0,123.0,123.0,1000,0.0,0.0
2024-08-28 01:50:00+00:00,123.0,123.0,123.0,123.0,1000,0.0,0.0
2024-08-28 01:55:00+00:00,123.5,124.0,123.5,124.0,10197,0.0,0.0
2024-08-28 02:00:00+00:00,124.0,124.0,124.0,124.0,1073,0.0,0.0
2024-08-28 03:20:00+00:00,123.0,123.0,123.0,123.0,2231,0.0,0.0
2024-08-28 03:35:00+00:00,122.5,122.5,122.5,122.5,2000,0.0,0.0
2024-08-28 03:50:00+00:00,122.5,122.5,122.5,122.5,3000,0.0,0.0
2024-08-28 03:55:00+00:00,122.5,122.5,122.5,122.5,1000,0.0,0.0
2024-08-28 04:05:00+00:00,123.0,123.0,123.0,123.0,1000,0.0,0.0
2024-08-28 04:25:00+00:00,122.5,122.5,122.5,122.5,1000,0.0,0.0
2024-08-28 04:40:00+00:00,123.0,123.0,123.0,123.0,6000,0.0,0.0
2024-08-28 04:45:00+00:00,123.0,123.0,123.0,123.0,3000,0.0,0.0
2024-08-28 04:50:00+00:00,123.0,123.0,123.0,123.0,3000,0.0,0.0
2024-08-29 01:00:00+00:00,116.0,117.0,114.5,117.0,0,0.0,0.0
2024-08-29 01:05:00+00:00,117.0,117.0,116.5,116.5,3000,0.0,0.0
2024-08-29 01:10:00+00:00,116.5,116.5,116.5,116.5,3132,0.0,0.0
2024-08-29 01:35:00+00:00,117.0,117.0,117.0,117.0,4554,0.0,0.0
2024-08-29 01:45:00+00:00,117.5,118.0,117.5,118.0,3000,0.0,0.0
2024-08-29 02:00:00+00:00,118.0,118.0,118.0,118.0,1000,0.0,0.0
2024-08-29 02:15:00+00:00,118.0,118.0,118.0,118.0,1024,0.0,0.0
2024-08-29 02:35:00+00:00,117.5,117.5,117.5,117.5,1000,0.0,0.0
2024-08-29 03:25:00+00:00,117.5,117.5,117.5,117.5,4143,0.0,0.0
2024-08-29 03:30:00+00:00,117.0,117.0,117.0,117.0,3160,0.0,0.0
2024-08-29 03:45:00+00:00,117.5,117.5,117.5,117.5,1000,0.0,0.0
2024-08-29 03:50:00+00:00,117.5,117.5,117.5,117.5,4005,0.0,0.0
2024-08-29 04:15:00+00:00,118.0,118.0,118.0,118.0,2010,0.0,0.0
2024-08-29 04:45:00+00:00,118.0,118.0,118.0,118.0,3000,0.0,0.0
2024-08-29 04:55:00+00:00,117.5,117.5,117.5,117.5,2513,0.0,0.0
2024-08-29 05:15:00+00:00,117.5,117.5,117.5,117.5,3000,0.0,0.0
2024-08-29 05:20:00+00:00,118.0,118.0,118.0,118.0,3001,0.0,0.0
2024-08-30 01:30:00+00:00,117.5,117.5,117.5,117.5,0,0.0,0.0
2024-08-30 02:45:00+00:00,118.0,118.0,118.0,118.0,3000,0.0,0.0
2024-08-30 03:10:00+00:00,118.0,118.0,118.0,118.0,2000,0.0,0.0
2024-08-30 03:15:00+00:00,118.0,118.5,118.0,118.5,2000,0.0,0.0
2024-08-30 03:35:00+00:00,118.0,118.0,118.0,118.0,3000,0.0,0.0
2024-08-30 04:35:00+00:00,118.0,118.0,118.0,118.0,1000,0.0,0.0
2024-08-30 04:55:00+00:00,118.5,118.5,118.5,118.5,3000,0.0,0.0
2024-09-02 01:20:00+00:00,118.0,118.0,118.0,118.0,0,0.0,0.0
2024-09-02 01:25:00+00:00,118.0,118.0,118.0,118.0,1000,0.0,0.0
2024-09-02 01:35:00+00:00,117.5,117.5,117.5,117.5,9000,0.0,0.0
2024-09-02 01:45:00+00:00,117.5,117.5,117.5,117.5,2000,0.0,0.0
2024-09-02 02:55:00+00:00,119.0,119.0,119.0,119.0,1000,0.0,0.0
2024-09-02 04:35:00+00:00,118.5,118.5,118.5,118.5,1000,0.0,0.0
2024-09-03 02:10:00+00:00,118.0,118.0,118.0,118.0,0,0.0,0.0
2024-09-03 02:55:00+00:00,118.0,118.0,118.0,118.0,1000,0.0,0.0
2024-09-03 03:00:00+00:00,118.5,118.5,118.5,118.5,2000,0.0,0.0
2024-09-03 03:20:00+00:00,118.5,118.5,118.5,118.5,1000,0.0,0.0
2024-09-03 04:30:00+00:00,119.0,119.0,119.0,119.0,1000,0.0,0.0
2024-09-04 01:00:00+00:00,115.5,115.5,115.5,115.5,0,0.0,0.0
2024-09-04 01:05:00+00:00,117.5,117.5,117.5,117.5,1000,0.0,0.0
2024-09-04 01:35:00+00:00,116.5,116.5,116.5,116.5,2260,0.0,0.0
2024-09-04 02:00:00+00:00,116.0,116.5,116.0,116.5,5000,0.0,0.0
2024-09-04 02:25:00+00:00,116.5,116.5,116.5,116.5,2018,0.0,0.0
2024-09-04 02:35:00+00:00,116.5,116.5,116.5,116.5,1100,0.0,0.0
2024-09-04 02:40:00+00:00,116.5,116.5,116.5,116.5,4000,0.0,0.0
2024-09-04 02:45:00+00:00,116.5,116.5,116.5,116.5,2100,0.0,0.0
2024-09-04 02:55:00+00:00,116.5,116.5,116.5,116.5,2000,0.0,0.0
2024-09-04 03:00:00+00:00,116.5,116.5,116.5,116.5,3000,0.0,0.0
2024-09-04 03:20:00+00:00,116.0,116.0,116.0,116.0,1000,0.0,0.0
2024-09-04 03:30:00+00:00,116.0,116.5,116.0,116.5,4000,0.0,0.0
2024-09-04 03:35:00+00:00,115.5,115.5,115.5,115.5,1045,0.0,0.0
2024-09-04 04:00:00+00:00,115.5,116.5,115.5,116.5,5000,0.0,0.0
2024-09-04 04:35:00+00:00,116.0,116.5,116.0,116.5,8500,0.0,0.0
2024-09-04 05:00:00+00:00,116.0,116.0,116.0,116.0,0,0.0,0.0
2024-09-04 05:05:00+00:00,116.0,116.0,116.0,116.0,46023,0.0,0.0
2024-09-04 05:10:00+00:00,115.5,115.5,115.5,115.5,1000,0.0,0.0
2024-09-05 01:00:00+00:00,117.0,117.0,117.0,117.0,0,0.0,0.0
2024-09-05 01:40:00+00:00,116.5,116.5,116.5,116.5,1000,0.0,0.0
2024-09-05 01:45:00+00:00,116.5,116.5,116.5,116.5,2100,0.0,0.0
2024-09-05 02:00:00+00:00,116.5,116.5,116.5,116.5,1000,0.0,0.0
2024-09-05 02:05:00+00:00,116.5,116.5,116.5,116.5,1308,0.0,0.0
2024-09-05 03:55:00+00:00,116.0,116.0,116.0,116.0,1250,0.0,0.0
2024-09-05 04:35:00+00:00,116.0,116.0,116.0,116.0,2000,0.0,0.0
2024-09-06 01:00:00+00:00,116.5,116.5,116.5,116.5,0,0.0,0.0
2024-09-06 03:05:00+00:00,115.5,115.5,115.5,115.5,1000,0.0,0.0
2024-09-06 03:55:00+00:00,115.5,115.5,115.5,115.5,2000,0.0,0.0
2024-09-06 04:15:00+00:00,116.0,116.0,116.0,116.0,3001,0.0,0.0
2024-09-06 04:25:00+00:00,116.0,116.0,116.0,116.0,1000,0.0,0.0
2024-09-06 04:50:00+00:00,116.5,116.5,116.5,116.5,4000,0.0,0.0
2024-09-09 01:15:00+00:00,115.0,115.0,115.0,115.0,0,0.0,0.0
2024-09-09 01:25:00+00:00,115.0,115.0,115.0,115.0,2000,0.0,0.0
2024-09-09 01:35:00+00:00,114.0,114.0,114.0,114.0,1000,0.0,0.0
2024-09-09 01:45:00+00:00,114.5,114.5,114.5,114.5,2042,0.0,0.0
2024-09-09 02:45:00+00:00,115.0,115.0,115.0,115.0,1002,0.0,0.0
2024-09-09 03:15:00+00:00,115.5,116.0,115.5,116.0,5000,0.0,0.0
2024-09-09 03:30:00+00:00,116.5,116.5,116.5,116.5,1004,0.0,0.0
2024-09-09 04:50:00+00:00,116.5,116.5,116.5,116.5,3000,0.0,0.0
2024-09-09 05:05:00+00:00,116.5,116.5,116.5,116.5,4000,0.0,0.0
2024-09-10 01:00:00+00:00,116.5,116.5,116.5,116.5,0,0.0,0.0
2024-09-10 01:10:00+00:00,116.5,116.5,116.5,116.5,2000,0.0,0.0
2024-09-10 01:25:00+00:00,116.5,116.5,116.5,116.5,1000,0.0,0.0
2024-09-10 01:50:00+00:00,116.5,116.5,116.5,116.5,1000,0.0,0.0
2024-09-10 02:05:00+00:00,116.5,116.5,116.5,116.5,1010,0.0,0.0
2024-09-10 03:35:00+00:00,116.0,116.0,116.0,116.0,2000,0.0,0.0
2024-09-10 03:45:00+00:00,116.0,116.0,116.0,116.0,1110,0.0,0.0
2024-09-10 04:30:00+00:00,116.0,116.0,116.0,116.0,3000,0.0,0.0
2024-09-11 01:00:00+00:00,116.5,116.5,116.5,116.5,0,0.0,0.0
2024-09-11 01:40:00+00:00,116.5,116.5,116.5,116.5,1000,0.0,0.0
2024-09-11 02:20:00+00:00,116.5,116.5,116.5,116.5,1025,0.0,0.0
2024-09-11 03:45:00+00:00,116.5,116.5,116.5,116.5,1000,0.0,0.0
2024-09-11 03:50:00+00:00,116.0,116.0,116.0,116.0,1000,0.0,0.0
2024-09-11 03:55:00+00:00,116.0,116.0,116.0,116.0,1008,0.0,0.0
2024-09-11 05:00:00+00:00,116.0,116.0,116.0,116.0,1000,0.0,0.0
2024-09-11 05:20:00+00:00,115.5,116.0,115.5,116.0,2000,0.0,0.0
2024-09-12 01:00:00+00:00,116.0,116.0,116.0,116.0,0,0.0,0.0
2024-09-12 01:40:00+00:00,116.0,116.0,116.0,116.0,1272,0.0,0.0
2024-09-12 03:45:00+00:00,115.5,115.5,115.5,115.5,2000,0.0,0.0
2024-09-12 03:50:00+00:00,116.0,116.0,116.0,116.0,1060,0.0,0.0
2024-09-12 04:35:00+00:00,116.0,116.0,116.0,116.0,1000,0.0,0.0
2024-09-13 01:00:00+00:00,115.0,116.0,115.0,116.0,0,0.0,0.0
2024-09-13 05:00:00+00:00,115.5,115.5,115.5,115.5,1000,0.0,0.0
2024-09-16 01:00:00+00:00,116.0,116.0,116.0,116.0,0,0.0,0.0
2024-09-16 01:10:00+00:00,116.0,116.5,116.0,116.5,3020,0.0,0.0
2024-09-18 01:00:00+00:00,116.0,116.0,116.0,116.0,0,0.0,0.0
2024-09-18 01:50:00+00:00,115.5,115.5,115.5,115.5,1060,0.0,0.0
2024-09-18 02:15:00+00:00,115.0,115.0,115.0,115.0,1050,0.0,0.0
2024-09-18 02:35:00+00:00,115.5,115.5,115.5,115.5,1000,0.0,0.0
2024-09-18 02:45:00+00:00,115.5,115.5,115.5,115.5,2000,0.0,0.0
2024-09-18 02:55:00+00:00,115.5,115.5,115.5,115.5,1000,0.0,0.0
2024-09-18 03:00:00+00:00,115.5,115.5,115.5,115.5,1000,0.0,0.0
2024-09-18 03:15:00+00:00,115.0,115.0,115.0,115.0,3000,0.0,0.0
2024-09-18 04:00:00+00:00,115.0,115.0,115.0,115.0,2000,0.0,0.0
2024-09-18 04:10:00+00:00,114.5,114.5,114.5,114.5,1200,0.0,0.0
2024-09-18 04:20:00+00:00,114.5,114.5,114.5,114.5,1005,0.0,0.0
2024-09-18 04:45:00+00:00,115.0,115.0,115.0,115.0,1012,0.0,0.0
2024-09-19 02:35:00+00:00,115.5,115.5,115.5,115.5,0,0.0,0.0
2024-09-19 03:00:00+00:00,115.5,115.5,115.5,115.5,3000,0.0,0.0
2024-09-19 03:10:00+00:00,115.5,115.5,115.5,115.5,1000,0.0,0.0
2024-09-19 03:50:00+00:00,115.5,116.0,115.5,116.0,2000,0.0,0.0
2024-09-20 01:00:00+00:00,116.0,116.0,116.0,116.0,0,0.0,0.0
2024-09-20 01:45:00+00:00,116.0,116.0,116.0,116.0,1000,0.0,0.0
2024-09-20 02:05:00+00:00,116.0,116.0,116.0,116.0,2000,0.0,0.0
2024-09-20 02:30:00+00:00,115.5,115.5,115.5,115.5,2000,0.0,0.0
2024-09-20 02:40:00+00:00,115.5,115.5,115.5,115.5,1000,0.0,0.0
2024-09-20 03:25:00+00:00,115.5,115.5,115.5,115.5,1000,0.0,0.0
2024-09-20 03:30:00+00:00,115.5,115.5,115.5,115.5,1004,0.0,0.0
2024-09-20 04:10:00+00:00,115.5,115.5,115.5,115.5,1000,0.0,0.0
2024-09-20 04:15:00+00:00,115.5,115.5,115.5,115.5,1000,0.0,0.0
2024-09-20 04:25:00+00:00,115.5,115.5,115.5,115.5,1050,0.0,0.0
2024-09-20 04:35:00+00:00,115.0,115.0,115.0,115.0,5000,0.0,0.0
2024-09-20 04:45:00+00:00,115.0,115.0,115.0,115.0,2000,0.0,0.0
2024-09-23 01:00:00+00:00,115.0,115.5,115.0,115.5,0,0.0,0.0
2024-09-23 02:40:00+00:00,115.5,115.5,115.5,115.5,1328,0.0,0.0
2024-09-23 04:30:00+00:00,115.0,115.0,115.0,115.0,1000,0.0,0.0
2024-09-23 04:50:00+00:00,115.0,115.0,115.0,115.0,4000,0.0,0.0
2024-09-24 01:00:00+00:00,115.5,116.0,115.5,116.0,0,0.0,0.0
2024-09-24 01:20:00+00:00,115.0,115.0,115.0,115.0,5001,0.0,0.0
2024-09-24 01:45:00+00:00,115.5,115.5,115.5,115.5,3000,0.0,0.0
2024-09-24 02:05:00+00:00,115.5,115.5,115.5,115.5,1000,0.0,0.0
2024-09-24 02:10:00+00:00,115.0,115.0,115.0,115.0,4000,0.0,0.0
2024-09-24 02:20:00+00:00,115.0,115.0,115.0,115.0,1000,0.0,0.0
2024-09-24 02:30:00+00:00,115.0,115.0,115.0,115.0,1000,0.0,0.0
2024-09-24 04:00:00+00:00,115.5,115.5,115.5,115.5,2713,0.0,0.0
2024-09-24 04:25:00+00:00,115.5,115.5,115.5,115.5,1000,0.0,0.0
2024-09-24 05:20:00+00:00,115.0,115.0,115.0,115.0,1051,0.0,0.0
2024-09-25 01:00:00+00:00,115.5,115.5,115.5,115.5,0,0.0,0.0
2024-09-25 01:15:00+00:00,115.5,115.5,115.5,115.5,1000,0.0,0.0
2024-09-25 01:20:00+00:00,115.0,115.0,115.0,115.0,1000,0.0,0.0
2024-09-25 01:45:00+00:00,115.5,116.0,115.5,116.0,2000,0.0,0.0
2024-09-25 01:55:00+00:00,115.5,115.5,115.5,115.5,1000,0.0,0.0
2024-09-25 02:05:00+00:00,115.5,115.5,115.5,115.5,1000,0.0,0.0
2024-09-25 02:50:00+00:00,115.5,115.5,115.5,115.5,3000,0.0,0.0
2024-09-25 04:00:00+00:00,115.5,115.5,115.5,115.5,1009,0.0,0.0
2024-09-25 05:00:00+00:00,115.5,115.5,115.5,115.5,1000,0.0,0.0
2024-09-26 01:00:00+00:00,116.5,116.5,116.5,116.5,0,0.0,0.0
2024-09-26 02:05:00+00:00,116.0,116.0,116.0,116.0,1026,0.0,0.0
2024-09-26 05:05:00+00:00,115.5,115.5,115.5,115.5,2000,0.0,0.0
2024-09-27 01:00:00+00:00,116.5,116.5,116.5,116.5,0,0.0,0.0
2024-09-27 01:25:00+00:00,116.0,116.0,116.0,116.0,3000,0.0,0.0
2024-09-27 01:30:00+00:00,115.5,115.5,115.5,115.5,8000,0.0,0.0
2024-09-27 01:55:00+00:00,116.0,117.0,116.0,117.0,5010,0.0,0.0
2024-09-27 02:35:00+00:00,117.0,117.0,117.0,117.0,1035,0.0,0.0
2024-09-27 03:40:00+00:00,116.5,116.5,116.5,116.5,2000,0.0,0.0
2024-09-27 03:45:00+00:00,116.5,116.5,116.5,116.5,1190,0.0,0.0
2024-09-27 03:50:00+00:00,116.5,116.5,116.5,116.5,3000,0.0,0.0
2024-09-27 04:40:00+00:00,116.5,116.5,116.5,116.5,1558,0.0,0.0
2024-09-27 05:00:00+00:00,116.0,116.0,116.0,116.0,1000,0.0,0.0
2024-09-30 01:00:00+00:00,117.0,117.0,117.0,117.0,0,0.0,0.0
2024-09-30 01:15:00+00:00,117.0,117.0,117.0,117.0,2000,0.0,0.0
2024-09-30 01:25:00+00:00,116.5,116.5,116.0,116.5,3000,0.0,0.0
2024-09-30 01:30:00+00:00,116.5,116.5,116.0,116.0,4000,0.0,0.0
2024-09-30 02:15:00+00:00,116.0,116.0,116.0,116.0,2000,0.0,0.0
2024-09-30 02:35:00+00:00,116.5,116.5,116.5,116.5,1000,0.0,0.0
2024-09-30 03:40:00+00:00,117.0,117.0,117.0,117.0,1021,0.0,0.0
2024-09-30 04:00:00+00:00,117.0,117.0,117.0,117.0,1000,0.0,0.0
2024-09-30 04:20:00+00:00,117.0,117.0,117.0,117.0,2010,0.0,0.0
2024-09-30 04:45:00+00:00,117.0,117.0,117.0,117.0,1000,0.0,0.0
2024-09-30 05:00:00+00:00,116.5,116.5,116.5,116.5,1000,0.0,0.0
2024-09-30 05:10:00+00:00,116.5,116.5,116.5,116.5,1000,0.0,0.0
2024-09-30 05:15:00+00:00,116.5,116.5,116.5,116.5,1000,0.0,0.0
2024-09-30 05:20:00+00:00,116.0,116.5,116.0,116.5,6000,0.0,0.0
2024-10-01 01:00:00+00:00,117.0,117.0,117.0,117.0,0,0.0,0.0
2024-10-01 01:55:00+00:00,116.5,116.5,116.5,116.5,1000,0.0,0.0
2024-10-01 02:00:00+00:00,116.0,116.0,116.0,116.0,2000,0.0,0.0
2024-10-01 02:20:00+00:00,116.0,116.0,116.0,116.0,1000,0.0,0.0
2024-10-01 03:30:00+00:00,116.0,116.0,116.0,116.0,3000,0.0,0.0
2024-10-01 05:05:00+00:00,116.0,116.0,116.0,116.0,1000,0.0,0.0
2024-10-01 05:20:00+00:00,116.5,116.5,116.5,116.5,1000,0.0,0.0
2024-10-04 01:00:00+00:00,119.5,120.0,116.5,120.0,0,0.0,0.0
2024-10-04 01:05:00+00:00,120.0,120.0,117.5,117.5,4010,0.0,0.0
2024-10-04 01:20:00+00:00,117.0,117.0,117.0,117.0,2000,0.0,0.0
2024-10-04 02:00:00+00:00,117.0,117.0,117.0,117.0,1000,0.0,0.0
2024-10-04 03:30:00+00:00,117.0,117.0,117.0,117.0,0,0.0,0.0
2024-10-04 04:45:00+00:00,117.0,117.0,117.0,117.0,21010,0.0,0.0
2024-10-04 04:55:00+00:00,116.5,116.5,116.5,116.5,1000,0.0,0.0
2024-10-04 05:00:00+00:00,116.0,116.0,116.0,116.0,3010,0.0,0.0
2024-10-04 05:10:00+00:00,116.0,116.0,116.0,116.0,1000,0.0,0.0
2024-10-07 01:00:00+00:00,118.5,120.0,118.5,120.0,0,0.0,0.0
2024-10-07 01:05:00+00:00,119.5,119.5,118.5,118.5,3731,0.0,0.0
2024-10-07 01:25:00+00:00,118.5,118.5,118.5,118.5,1000,0.0,0.0
2024-10-07 01:40:00+00:00,118.5,118.5,118.5,118.5,1000,0.0,0.0
2024-10-07 02:05:00+00:00,118.0,119.0,118.0,119.0,6192,0.0,0.0
2024-10-07 03:55:00+00:00,118.0,118.0,118.0,118.0,1392,0.0,0.0
2024-10-07 04:15:00+00:00,117.5,117.5,117.5,117.5,4000,0.0,0.0
2024-10-07 04:20:00+00:00,117.5,117.5,117.5,117.5,1000,0.0,0.0
2024-10-07 04:25:00+00:00,117.5,117.5,117.5,117.5,1000,0.0,0.0
2024-10-07 04:55:00+00:00,117.5,117.5,117.5,117.5,1000,0.0,0.0
2024-10-07 05:15:00+00:00,117.5,117.5,117.5,117.5,1010,0.0,0.0
2024-10-07 05:20:00+00:00,117.5,117.5,117.5,117.5,1000,0.0,0.0
2024-10-08 01:00:00+00:00,118.0,118.0,118.0,118.0,0,0.0,0.0
2024-10-08 01:30:00+00:00,117.5,117.5,117.5,117.5,1000,0.0,0.0
2024-10-08 01:35:00+00:00,116.5,116.5,116.5,116.5,3001,0.0,0.0
2024-10-08 02:10:00+00:00,116.5,116.5,116.5,116.5,1000,0.0,0.0
2024-10-08 02:15:00+00:00,116.5,117.5,116.5,117.5,2000,0.0,0.0
2024-10-08 02:30:00+00:00,116.5,116.5,116.5,116.5,2000,0.0,0.0
2024-10-08 03:15:00+00:00,116.5,116.5,116.0,116.0,7000,0.0,0.0
2024-10-08 03:20:00+00:00,116.0,116.0,116.0,116.0,1000,0.0,0.0
2024-10-08 03:25:00+00:00,116.0,116.0,116.0,116.0,1000,0.0,0.0
2024-10-08 03:30:00+00:00,116.0,117.5,116.0,117.5,3000,0.0,0.0
2024-10-08 03:50:00+00:00,116.5,116.5,116.5,116.5,1049,0.0,0.0
2024-10-09 01:00:00+00:00,117.5,117.5,117.5,117.5,0,0.0,0.0
2024-10-09 01:20:00+00:00,117.0,117.0,117.0,117.0,1000,0.0,0.0
2024-10-09 01:35:00+00:00,116.0,116.0,116.0,116.0,1000,0.0,0.0
2024-10-09 02:20:00+00:00,116.0,116.0,116.0,116.0,3000,0.0,0.0
2024-10-09 03:20:00+00:00,116.0,116.0,116.0,116.0,2000,0.0,0.0
2024-10-09 04:25:00+00:00,116.0,116.5,116.0,116.5,5005,0.0,0.0
2024-10-11 01:00:00+00:00,116.5,116.5,116.5,116.5,0,0.0,0.0
2024-10-11 04:30:00+00:00,116.5,116.5,116.5,116.5,1000,0.0,0.0
2024-10-11 04:45:00+00:00,115.0,115.0,115.0,115.0,3000,0.0,0.0
2024-10-11 05:10:00+00:00,115.0,115.0,115.0,115.0,2000,0.0,0.0
2024-10-14 01:00:00+00:00,116.5,116.5,116.5,116.5,0,0.0,0.0
2024-10-14 01:05:00+00:00,115.0,115.0,115.0,115.0,1000,0.0,0.0
2024-10-14 01:25:00+00:00,115.0,115.0,115.0,115.0,2032,0.0,0.0
2024-10-14 03:50:00+00:00,115.0,115.0,115.0,115.0,3004,0.0,0.0
2024-10-14 04:30:00+00:00,115.5,116.0,115.5,116.0,2400,0.0,0.0
2024-10-15 01:00:00+00:00,115.5,115.5,115.5,115.5,0,0.0,0.0
2024-10-15 01:05:00+00:00,115.0,115.0,115.0,115.0,3000,0.0,0.0
2024-10-15 01:10:00+00:00,115.0,115.0,115.0,115.0,1000,0.0,0.0
2024-10-15 01:35:00+00:00,115.0,115.0,115.0,115.0,3000,0.0,0.0
2024-10-15 02:10:00+00:00,115.0,115.0,115.0,115.0,5005,0.0,0.0
2024-10-16 01:05:00+00:00,116.0,116.0,116.0,116.0,0,0.0,0.0
2024-10-16 02:50:00+00:00,115.5,115.5,115.5,115.5,3000,0.0,0.0
2024-10-16 03:30:00+00:00,115.0,115.0,115.0,115.0,0,0.0,0.0
2024-10-16 03:40:00+00:00,115.0,115.0,115.0,115.0,6100,0.0,0.0
2024-10-16 04:20:00+00:00,115.0,115.0,115.0,115.0,1000,0.0,0.0
2024-10-16 04:30:00+00:00,115.0,115.0,115.0,115.0,1000,0.0,0.0
2024-10-16 05:00:00+00:00,115.0,115.0,115.0,115.0,1000,0.0,0.0
2024-10-16 05:10:00+00:00,115.5,115.5,115.5,115.5,1000,0.0,0.0
2024-10-17 01:05:00+00:00,115.0,115.0,115.0,115.0,0,0.0,0.0
2024-10-17 02:10:00+00:00,115.0,115.0,115.0,115.0,2000,0.0,0.0
2024-10-17 04:15:00+00:00,115.0,115.0,115.0,115.0,4578,0.0,0.0
2024-10-17 05:00:00+00:00,115.0,115.0,115.0,115.0,1008,0.0,0.0
2024-10-18 01:50:00+00:00,115.5,115.5,115.5,115.5,0,0.0,0.0
2024-10-18 02:05:00+00:00,115.5,115.5,115.0,115.0,5000,0.0,0.0
2024-10-18 02:45:00+00:00,115.0,115.0,115.0,115.0,1016,0.0,0.0
2024-10-21 01:00:00+00:00,115.0,116.0,115.0,116.0,0,0.0,0.0
2024-10-21 02:05:00+00:00,115.5,115.5,115.5,115.5,1037,0.0,0.0
2024-10-21 03:00:00+00:00,116.0,116.0,116.0,116.0,1006,0.0,0.0
2024-10-21 04:25:00+00:00,115.5,115.5,115.5,115.5,2000,0.0,0.0
2024-10-21 04:40:00+00:00,115.5,115.5,115.5,115.5,1000,0.0,0.0
2024-10-21 04:45:00+00:00,115.5,115.5,115.5,115.5,1500,0.0,0.0
2024-10-21 05:15:00+00:00,115.5,115.5,115.5,115.5,2229,0.0,0.0
2024-10-21 05:20:00+00:00,115.5,115.5,115.5,115.5,1000,0.0,0.0
2024-10-22 01:20:00+00:00,114.0,114.0,114.0,114.0,0,0.0,0.0
2024-10-22 01:35:00+00:00,115.5,115.5,115.5,115.5,1000,0.0,0.0
2024-10-22 01:45:00+00:00,116.0,116.0,116.0,116.0,2012,0.0,0.0
2024-10-22 03:15:00+00:00,115.5,115.5,115.5,115.5,2000,0.0,0.0
2024-10-22 03:35:00+00:00,115.5,115.5,115.5,115.5,2000,0.0,0.0
2024-10-22 04:10:00+00:00,115.0,115.0,115.0,115.0,2016,0.0,0.0
2024-10-22 05:00:00+00:00,115.5,115.5,115.5,115.5,1000,0.0,0.0
2024-10-23 01:00:00+00:00,116.0,116.0,116.0,116.0,0,0.0,0.0
2024-10-23 01:20:00+00:00,115.0,115.0,115.0,115.0,1184,0.0,0.0
2024-10-23 03:15:00+00:00,115.0,115.0,115.0,115.0,5394,0.0,0.0
2024-10-24 01:00:00+00:00,116.0,116.0,116.0,116.0,0,0.0,0.0
2024-10-24 02:35:00+00:00,114.5,114.5,114.5,114.5,1000,0.0,0.0
2024-10-24 02:40:00+00:00,114.5,114.5,114.5,114.5,1059,0.0,0.0
2024-10-24 03:45:00+00:00,115.0,115.0,115.0,115.0,1000,0.0,0.0
2024-10-24 03:50:00+00:00,114.5,114.5,114.5,114.5,1000,0.0,0.0
2024-10-25 03:55:00+00:00,114.5,114.5,114.5,114.5,0,0.0,0.0
2024-10-25 04:00:00+00:00,114.0,114.0,114.0,114.0,0,0.0,0.0
2024-10-25 04:05:00+00:00,114.0,114.0,114.0,114.0,8200,0.0,0.0
2024-10-25 04:20:00+00:00,114.0,114.0,114.0,114.0,3000,0.0,0.0
2024-10-25 04:50:00+00:00,114.0,114.0,114.0,114.0,1000,0.0,0.0
2024-10-25 05:00:00+00:00,114.0,114.0,114.0,114.0,2194,0.0,0.0
2024-10-25 05:05:00+00:00,114.5,115.0,114.0,114.0,7000,0.0,0.0
2024-10-28 01:00:00+00:00,115.0,115.0,115.0,115.0,0,0.0,0.0
2024-10-28 01:20:00+00:00,115.0,115.0,115.0,115.0,1000,0.0,0.0
2024-10-28 02:10:00+00:00,115.0,115.0,115.0,115.0,3000,0.0,0.0
2024-10-28 02:20:00+00:00,115.0,115.0,115.0,115.0,1015,0.0,0.0
2024-10-28 03:15:00+00:00,115.5,115.5,115.5,115.5,1000,0.0,0.0
2024-10-28 03:35:00+00:00,114.5,114.5,114.5,114.5,1000,0.0,0.0
2024-10-29 03:15:00+00:00,114.5,114.5,114.5,114.5,0,0.0,0.0
2024-10-29 04:30:00+00:00,114.0,114.0,114.0,114.0,2000,0.0,0.0
2024-10-30 01:00:00+00:00,115.0,115.0,115.0,115.0,0,0.0,0.0
2024-10-30 01:10:00+00:00,114.5,114.5,114.5,114.5,2000,0.0,0.0
2024-10-30 01:15:00+00:00,114.0,114.0,114.0,114.0,1000,0.0,0.0
2024-10-30 02:00:00+00:00,115.0,115.0,115.0,115.0,1000,0.0,0.0
2024-10-30 02:30:00+00:00,115.5,115.5,115.5,115.5,1000,0.0,0.0
2024-10-30 03:45:00+00:00,114.5,114.5,114.5,114.5,2000,0.0,0.0
2024-11-01 01:00:00+00:00,115.5,115.5,115.5,115.5,0,0.0,0.0
2024-11-01 01:10:00+00:00,114.0,114.0,114.0,114.0,2000,0.0,0.0
2024-11-01 01:15:00+00:00,114.0,114.0,114.0,114.0,1000,0.0,0.0
2024-11-01 01:20:00+00:00,113.5,113.5,113.5,113.5,3000,0.0,0.0
2024-11-01 01:30:00+00:00,113.5,113.5,113.0,113.0,7000,0.0,0.0
2024-11-01 01:35:00+00:00,113.0,113.0,113.0,113.0,2000,0.0,0.0
2024-11-01 01:40:00+00:00,113.5,113.5,113.5,113.5,5000,0.0,0.0
2024-11-01 01:45:00+00:00,114.0,114.0,114.0,114.0,2000,0.0,0.0
2024-11-01 05:20:00+00:00,114.5,114.5,114.5,114.5,2700,0.0,0.0
2024-11-04 01:00:00+00:00,115.0,115.0,115.0,115.0,0,0.0,0.0
2024-11-04 01:20:00+00:00,115.0,115.0,115.0,115.0,1000,0.0,0.0
2024-11-04 01:30:00+00:00,115.0,115.5,115.0,115.5,3000,0.0,0.0
2024-11-04 01:40:00+00:00,115.5,118.5,115.5,118.5,10215,0.0,0.0
2024-11-04 02:00:00+00:00,117.5,117.5,117.5,117.5,1000,0.0,0.0
2024-11-04 02:15:00+00:00,116.0,116.0,116.0,116.0,1003,0.0,0.0
2024-11-04 02:35:00+00:00,116.0,116.0,116.0,116.0,1000,0.0,0.0
2024-11-04 02:50:00+00:00,116.0,116.0,116.0,116.0,1000,0.0,0.0
2024-11-04 03:05:00+00:00,115.5,115.5,115.5,115.5,1000,0.0,0.0
2024-11-04 03:20:00+00:00,115.5,115.5,115.5,115.5,1000,0.0,0.0
2024-11-04 03:30:00+00:00,115.5,115.5,115.5,115.5,1000,0.0,0.0
2024-11-04 04:10:00+00:00,116.0,116.0,116.0,116.0,1000,0.0,0.0
2024-11-04 04:45:00+00:00,116.0,116.0,116.0,116.0,1000,0.0,0.0
2024-11-05 01:00:00+00:00,116.0,116.5,116.0,116.5,0,0.0,0.0
2024-11-05 01:10:00+00:00,116.5,116.5,116.5,116.5,2000,0.0,0.0
2024-11-05 01:20:00+00:00,115.5,116.5,115.5,116.5,3000,0.0,0.0
2024-11-05 01:50:00+00:00,116.5,116.5,116.5,116.5,1000,0.0,0.0
2024-11-05 01:55:00+00:00,116.5,116.5,116.5,116.5,5015,0.0,0.0
2024-11-05 02:45:00+00:00,117.0,117.0,117.0,117.0,1000,0.0,0.0
2024-11-05 03:35:00+00:00,116.5,116.5,116.5,116.5,1020,0.0,0.0
2024-11-05 04:30:00+00:00,116.5,116.5,116.5,116.5,1000,0.0,0.0
2024-11-06 01:10:00+00:00,116.0,116.0,116.0,116.0,0,0.0,0.0
2024-11-07 01:00:00+00:00,115.0,116.0,115.0,116.0,0,0.0,0.0
2024-11-07 01:55:00+00:00,115.5,115.5,115.0,115.0,4000,0.0,0.0
2024-11-07 02:05:00+00:00,115.5,115.5,115.5,115.5,1600,0.0,0.0
2024-11-07 02:35:00+00:00,115.0,115.0,115.0,115.0,1012,0.0,0.0
2024-11-07 03:40:00+00:00,115.0,115.0,114.5,114.5,2810,0.0,0.0
2024-11-07 04:00:00+00:00,115.0,115.0,115.0,115.0,1000,0.0,0.0
2024-11-07 04:20:00+00:00,115.0,115.0,115.0,115.0,1000,0.0,0.0
2024-11-07 04:35:00+00:00,115.0,115.0,115.0,115.0,2000,0.0,0.0
2024-11-07 04:50:00+00:00,115.0,115.0,115.0,115.0,2000,0.0,0.0
2024-11-08 01:00:00+00:00,116.0,116.0,116.0,116.0,0,0.0,0.0
2024-11-08 02:10:00+00:00,115.5,115.5,115.5,115.5,2000,0.0,0.0
2024-11-08 02:15:00+00:00,115.5,115.5,115.5,115.5,1000,0.0,0.0
2024-11-08 02:20:00+00:00,116.0,116.0,116.0,116.0,1036,0.0,0.0
2024-11-11 01:00:00+00:00,115.5,115.5,115.5,115.5,0,0.0,0.0
2024-11-11 01:25:00+00:00,115.0,115.0,115.0,115.0,1000,0.0,0.0
2024-11-11 02:10:00+00:00,115.5,115.5,115.5,115.5,3000,0.0,0.0
2024-11-11 02:20:00+00:00,115.5,115.5,115.5,115.5,3429,0.0,0.0
2024-11-12 01:00:00+00:00,114.5,114.5,114.5,114.5,0,0.0,0.0
2024-11-12 01:25:00+00:00,114.5,114.5,114.5,114.5,3000,0.0,0.0
2024-11-12 01:55:00+00:00,114.0,114.0,114.0,114.0,1000,0.0,0.0
2024-11-12 02:35:00+00:00,114.5,114.5,114.5,114.5,1146,0.0,0.0
2024-11-12 03:25:00+00:00,114.5,114.5,114.5,114.5,1000,0.0,0.0
2024-11-12 03:30:00+00:00,114.5,114.5,114.5,114.5,0,0.0,0.0
2024-11-12 03:35:00+00:00,114.5,114.5,114.5,114.5,10146,0.0,0.0
2024-11-12 04:00:00+00:00,114.5,114.5,114.5,114.5,1000,0.0,0.0
2024-11-14 01:00:00+00:00,119.0,119.0,117.0,117.0,5469,0.0,0.0
2024-11-14 01:20:00+00:00,116.5,116.5,116.5,116.5,1067,0.0,0.0
2024-11-14 02:15:00+00:00,115.5,115.5,115.0,115.0,4035,0.0,0.0
2024-11-14 02:20:00+00:00,115.5,115.5,115.5,115.5,1086,0.0,0.0
2024-11-14 02:45:00+00:00,115.0,115.0,115.0,115.0,1000,0.0,0.0
2024-11-14 02:50:00+00:00,115.0,115.0,115.0,115.0,1021,0.0,0.0
2024-11-14 03:15:00+00:00,115.0,115.0,115.0,115.0,4000,0.0,0.0
2024-11-14 05:20:00+00:00,115.5,115.5,115.5,115.5,0,0.0,0.0
2024-11-15 01:00:00+00:00,115.5,115.5,115.5,115.5,0,0.0,0.0
2024-11-15 01:25:00+00:00,115.0,115.0,115.0,115.0,1000,0.0,0.0
2024-11-15 02:05:00+00:00,115.0,115.0,115.0,115.0,1000,0.0,0.0
2024-11-15 02:10:00+00:00,114.5,114.5,114.5,114.5,2000,0.0,0.0
2024-11-15 02:20:00+00:00,114.5,114.5,114.5,114.5,1000,0.0,0.0
2024-11-15 03:00:00+00:00,114.0,114.0,114.0,114.0,1000,0.0,0.0
2024-11-15 03:05:00+00:00,114.0,114.0,114.0,114.0,1010,0.0,0.0
2024-11-15 03:45:00+00:00,114.5,114.5,114.5,114.5,2070,0.0,0.0
2024-11-18 01:00:00+00:00,115.0,115.0,115.0,115.0,0,0.0,0.0
2024-11-18 01:50:00+00:00,115.0,115.0,115.0,115.0,1000,0.0,0.0
2024-11-18 02:05:00+00:00,113.5,115.5,113.5,115.5,2000,0.0,0.0
2024-11-18 02:10:00+00:00,115.5,115.5,115.5,115.5,4031,0.0,0.0
2024-11-18 02:35:00+00:00,115.0,115.0,115.0,115.0,1000,0.0,0.0
2024-11-18 03:10:00+00:00,115.0,115.0,115.0,115.0,1000,0.0,0.0
2024-11-18 03:25:00+00:00,115.0,115.0,115.0,115.0,1000,0.0,0.0
2024-11-18 03:45:00+00:00,115.0,115.0,115.0,115.0,1025,0.0,0.0
2024-11-18 04:20:00+00:00,115.0,115.0,115.0,115.0,1016,0.0,0.0
2024-11-18 05:20:00+00:00,115.0,115.0,115.0,115.0,1000,0.0,0.0
2024-11-19 01:00:00+00:00,118.0,118.0,118.0,118.0,2927,0.0,0.0
2024-11-19 01:20:00+00:00,116.0,116.0,116.0,116.0,1090,0.0,0.0
2024-11-19 02:00:00+00:00,116.5,116.5,116.5,116.5,1000,0.0,0.0
2024-11-19 02:20:00+00:00,116.5,116.5,116.5,116.5,2029,0.0,0.0
2024-11-19 02:30:00+00:00,116.5,116.5,116.5,116.5,1000,0.0,0.0
2024-11-19 03:45:00+00:00,116.0,116.0,116.0,116.0,3000,0.0,0.0
2024-11-19 04:00:00+00:00,116.0,116.0,116.0,116.0,1000,0.0,0.0
2024-11-19 04:10:00+00:00,116.5,116.5,116.5,116.5,1000,0.0,0.0
2024-11-19 04:50:00+00:00,116.5,116.5,116.5,116.5,1131,0.0,0.0
2024-11-20 01:00:00+00:00,117.0,117.0,117.0,117.0,0,0.0,0.0
2024-11-20 01:10:00+00:00,116.0,116.0,116.0,116.0,2000,0.0,0.0
2024-11-20 01:25:00+00:00,115.5,115.5,115.5,115.5,2000,0.0,0.0
2024-11-20 01:30:00+00:00,116.0,116.0,116.0,116.0,1000,0.0,0.0
2024-11-20 02:10:00+00:00,115.5,115.5,115.5,115.5,2016,0.0,0.0
2024-11-20 04:15:00+00:00,115.5,115.5,115.5,115.5,1000,0.0,0.0
2024-11-20 05:05:00+00:00,116.0,116.0,116.0,116.0,1000,0.0,0.0
2024-11-20 05:15:00+00:00,116.0,116.0,116.0,116.0,1004,0.0,0.0
2024-11-21 01:00:00+00:00,116.0,116.5,116.0,116.5,0,0.0,0.0
2024-11-22 01:35:00+00:00,116.0,116.0,116.0,116.0,1000,0.0,0.0
2024-11-22 01:50:00+00:00,116.0,116.0,116.0,116.0,1022,0.0,0.0
2024-11-22 03:10:00+00:00,115.5,115.5,115.5,115.5,2000,0.0,0.0
2024-11-22 04:15:00+00:00,115.5,115.5,115.5,115.5,1200,0.0,0.0
2024-11-22 04:45:00+00:00,116.0,116.0,116.0,116.0,2000,0.0,0.0
2024-11-22 05:05:00+00:00,116.5,116.5,116.5,116.5,1000,0.0,0.0
2024-11-22 05:10:00+00:00,116.5,116.5,116.5,116.5,1000,0.0,0.0
2024-11-25 01:30:00+00:00,116.0,116.0,116.0,116.0,0,0.0,0.0
2024-11-25 02:15:00+00:00,116.0,116.0,116.0,116.0,1004,0.0,0.0
2024-11-25 04:25:00+00:00,116.0,116.0,116.0,116.0,1022,0.0,0.0
2024-11-25 04:55:00+00:00,116.0,116.0,116.0,116.0,3000,0.0,0.0
2024-11-25 05:20:00+00:00,115.0,115.0,115.0,115.0,2000,0.0,0.0
2024-11-26 01:20:00+00:00,115.5,115.5,115.5,115.5,0,0.0,0.0
2024-11-26 02:15:00+00:00,115.5,115.5,115.5,115.5,1004,0.0,0.0
2024-11-26 02:30:00+00:00,115.5,115.5,115.5,115.5,1051,0.0,0.0
2024-11-26 05:00:00+00:00,116.0,116.0,116.0,116.0,2000,0.0,0.0
2024-11-26 05:10:00+00:00,116.0,116.0,116.0,116.0,3000,0.0,0.0
2024-11-27 01:00:00+00:00,115.5,117.5,115.5,116.5,4385,0.0,0.0
2024-11-27 01:15:00+00:00,116.0,116.0,116.0,116.0,3000,0.0,0.0
2024-11-27 01:20:00+00:00,116.0,116.0,116.0,116.0,1000,0.0,0.0
2024-11-27 01:25:00+00:00,116.0,116.0,116.0,116.0,1000,0.0,0.0
2024-11-27 01:30:00+00:00,116.0,116.0,116.0,116.0,2000,0.0,0.0
2024-11-27 01:35:00+00:00,116.0,116.0,116.0,116.0,1000,0.0,0.0
2024-11-27 01:40:00+00:00,116.0,117.0,116.0,117.0,11219,0.0,0.0
2024-11-27 02:00:00+00:00,117.0,117.0,117.0,117.0,3000,0.0,0.0
2024-11-27 02:05:00+00:00,117.0,117.0,117.0,117.0,1036,0.0,0.0
2024-11-27 02:10:00+00:00,117.0,117.0,117.0,117.0,1000,0.0,0.0
2024-11-27 02:20:00+00:00,117.5,118.0,117.5,118.0,18889,0.0,0.0
2024-11-27 02:25:00+00:00,118.0,118.5,118.0,118.0,29024,0.0,0.0
2024-11-27 02:35:00+00:00,118.0,118.0,118.0,118.0,1000,0.0,0.0
2024-11-27 02:45:00+00:00,118.0,119.0,118.0,119.0,17350,0.0,0.0
2024-11-27 02:50:00+00:00,119.0,119.0,119.0,119.0,2000,0.0,0.0
2024-11-27 03:00:00+00:00,119.0,119.0,119.0,119.0,4221,0.0,0.0
2024-11-27 03:15:00+00:00,119.0,119.0,119.0,119.0,1400,0.0,0.0
2024-11-27 03:25:00+00:00,119.0,119.0,119.0,119.0,3100,0.0,0.0
2024-11-27 03:30:00+00:00,119.0,119.0,119.0,119.0,1308,0.0,0.0
2024-11-27 03:35:00+00:00,119.0,119.0,119.0,119.0,2008,0.0,0.0
2024-11-27 04:00:00+00:00,119.0,119.0,117.0,117.0,13542,0.0,0.0
2024-11-27 04:05:00+00:00,118.5,118.5,118.5,118.5,1000,0.0,0.0
2024-11-27 04:30:00+00:00,118.5,118.5,118.5,118.5,1050,0.0,0.0
2024-11-27 04:50:00+00:00,118.0,118.0,118.0,118.0,1000,0.0,0.0
2024-11-27 04:55:00+00:00,118.0,118.0,118.0,118.0,1000,0.0,0.0
2024-11-27 05:00:00+00:00,118.0,118.0,118.0,118.0,1050,0.0,0.0
2024-11-27 05:20:00+00:00,118.0,118.0,118.0,118.0,1000,0.0,0.0
2024-11-28 01:00:00+00:00,118.5,118.5,118.5,118.5,0,0.0,0.0
2024-11-28 01:15:00+00:00,118.5,118.5,118.5,118.5,2000,0.0,0.0
2024-11-28 01:20:00+00:00,118.0,118.0,118.0,118.0,1000,0.0,0.0
2024-11-28 01:35:00+00:00,117.5,117.5,117.5,117.5,1000,0.0,0.0
2024-11-28 01:45:00+00:00,117.5,117.5,117.0,117.0,5000,0.0,0.0
2024-11-28 01:50:00+00:00,118.0,118.5,118.0,118.5,10000,0.0,0.0
2024-11-28 02:40:00+00:00,118.0,118.0,118.0,118.0,1000,0.0,0.0
2024-11-28 02:55:00+00:00,118.0,118.0,118.0,118.0,2000,0.0,0.0
2024-11-28 04:00:00+00:00,118.5,118.5,118.5,118.5,11000,0.0,0.0
2024-11-28 04:05:00+00:00,118.5,118.5,118.5,118.5,1000,0.0,0.0
2024-11-28 04:10:00+00:00,118.5,118.5,118.5,118.5,1000,0.0,0.0
2024-11-28 05:10:00+00:00,118.5,119.0,118.5,119.0,5000,0.0,0.0
2024-11-28 05:15:00+00:00,119.0,119.0,119.0,119.0,1000,0.0,0.0
2024-11-29 01:00:00+00:00,118.5,118.5,118.5,118.5,0,0.0,0.0
2024-11-29 01:05:00+00:00,119.0,119.0,119.0,119.0,2140,0.0,0.0
2024-11-29 01:10:00+00:00,119.0,120.0,119.0,119.0,7620,0.0,0.0
2024-11-29 01:20:00+00:00,120.5,120.5,120.5,120.5,1168,0.0,0.0
2024-11-29 01:25:00+00:00,121.0,121.0,121.0,121.0,2050,0.0,0.0
2024-11-29 01:35:00+00:00,121.0,121.0,121.0,121.0,5000,0.0,0.0
2024-11-29 01:40:00+00:00,121.5,121.5,121.5,121.5,3065,0.0,0.0
2024-11-29 01:45:00+00:00,121.5,122.0,121.5,122.0,5000,0.0,0.0
2024-11-29 01:50:00+00:00,121.5,121.5,121.5,121.5,2000,0.0,0.0
2024-11-29 01:55:00+00:00,121.5,121.5,121.5,121.5,2000,0.0,0.0
2024-11-29 02:00:00+00:00,121.5,121.5,121.5,121.5,1000,0.0,0.0
2024-11-29 02:10:00+00:00,122.0,122.5,122.0,122.5,8030,0.0,0.0
2024-11-29 02:15:00+00:00,122.5,122.5,122.5,122.5,3031,0.0,0.0
2024-11-29 02:30:00+00:00,122.0,122.0,122.0,122.0,1008,0.0,0.0
2024-11-29 02:50:00+00:00,121.5,121.5,121.5,121.5,3200,0.0,0.0
2024-11-29 03:05:00+00:00,122.0,122.0,122.0,122.0,1050,0.0,0.0
2024-11-29 03:15:00+00:00,122.0,122.0,122.0,122.0,4025,0.0,0.0
2024-11-29 03:25:00+00:00,121.5,121.5,121.5,121.5,1000,0.0,0.0
2024-11-29 03:30:00+00:00,121.5,121.5,121.5,121.5,1000,0.0,0.0
2024-11-29 03:35:00+00:00,121.5,121.5,121.5,121.5,1042,0.0,0.0
2024-11-29 04:00:00+00:00,121.5,121.5,121.5,121.5,1201,0.0,0.0
2024-11-29 04:50:00+00:00,121.0,121.0,121.0,121.0,5000,0.0,0.0
2024-11-29 05:20:00+00:00,121.0,121.0,121.0,121.0,1000,0.0,0.0
2024-12-02 01:00:00+00:00,121.5,122.5,121.5,122.0,0,0.0,0.0
2024-12-02 01:05:00+00:00,121.5,121.5,121.5,121.5,1000,0.0,0.0
2024-12-02 01:10:00+00:00,121.5,121.5,121.5,121.5,3229,0.0,0.0
2024-12-02 01:20:00+00:00,121.5,121.5,121.5,121.5,3082,0.0,0.0
2024-12-02 01:30:00+00:00,121.5,121.5,121.5,121.5,1000,0.0,0.0
2024-12-02 01:45:00+00:00,121.5,121.5,121.5,121.5,1000,0.0,0.0
2024-12-02 02:05:00+00:00,122.0,122.0,122.0,122.0,1011,0.0,0.0
2024-12-02 02:10:00+00:00,122.0,122.0,122.0,122.0,5000,0.0,0.0
2024-12-02 02:15:00+00:00,122.0,122.0,122.0,122.0,1000,0.0,0.0
2024-12-02 02:20:00+00:00,122.0,122.0,122.0,122.0,2000,0.0,0.0
2024-12-02 02:25:00+00:00,122.0,122.0,122.0,122.0,1000,0.0,0.0
2024-12-02 03:05:00+00:00,122.0,122.0,122.0,122.0,1000,0.0,0.0
2024-12-02 03:10:00+00:00,122.0,122.0,122.0,122.0,1000,0.0,0.0
2024-12-02 03:25:00+00:00,122.5,122.5,122.5,122.5,1006,0.0,0.0
2024-12-02 04:15:00+00:00,122.5,122.5,122.5,122.5,1131,0.0,0.0
2024-12-02 05:20:00+00:00,122.0,122.0,122.0,122.0,1000,0.0,0.0
2024-12-03 01:00:00+00:00,121.5,121.5,121.5,121.5,0,0.0,0.0
2024-12-03 01:30:00+00:00,122.0,122.0,122.0,122.0,2000,0.0,0.0
2024-12-03 02:10:00+00:00,122.0,122.0,122.0,122.0,2004,0.0,0.0
2024-12-03 03:25:00+00:00,122.0,122.0,122.0,122.0,1000,0.0,0.0
2024-12-03 03:55:00+00:00,122.0,122.0,122.0,122.0,1000,0.0,0.0
2024-12-03 04:35:00+00:00,122.5,122.5,122.5,122.5,1066,0.0,0.0
2024-12-03 05:10:00+00:00,122.5,122.5,122.5,122.5,1006,0.0,0.0
2024-12-03 05:20:00+00:00,122.5,122.5,122.0,122.0,2000,0.0,0.0
2024-12-04 01:00:00+00:00,121.0,122.5,121.0,122.5,0,0.0,0.0
2024-12-04 01:20:00+00:00,122.0,122.0,122.0,122.0,1000,0.0,0.0
2024-12-04 01:25:00+00:00,122.0,122.0,122.0,122.0,1000,0.0,0.0
2024-12-04 01:30:00+00:00,122.0,122.0,122.0,122.0,1000,0.0,0.0
2024-12-04 01:40:00+00:00,122.0,122.0,122.0,122.0,1001,0.0,0.0
2024-12-04 01:50:00+00:00,121.5,121.5,121.5,121.5,1033,0.0,0.0
2024-12-04 02:30:00+00:00,122.0,122.0,122.0,122.0,2000,0.0,0.0
2024-12-04 02:45:00+00:00,122.0,122.0,122.0,122.0,1000,0.0,0.0
2024-12-04 03:20:00+00:00,122.0,122.0,122.0,122.0,1000,0.0,0.0
2024-12-04 03:35:00+00:00,122.0,122.0,121.5,121.5,2000,0.0,0.0
2024-12-04 04:20:00+00:00,121.5,121.5,121.5,121.5,3000,0.0,0.0
2024-12-04 04:30:00+00:00,121.0,121.0,121.0,121.0,1004,0.0,0.0
2024-12-04 04:50:00+00:00,121.5,121.5,121.5,121.5,1000,0.0,0.0
2024-12-04 05:20:00+00:00,121.0,122.0,121.0,122.0,3000,0.0,0.0
2024-12-05 03:30:00+00:00,121.0,121.0,121.0,121.0,2000,0.0,0.0
2024-12-05 03:40:00+00:00,121.0,121.0,121.0,121.0,1420,0.0,0.0
2024-12-05 04:00:00+00:00,121.0,121.0,121.0,121.0,1025,0.0,0.0
2024-12-05 04:45:00+00:00,121.0,121.0,121.0,121.0,1000,0.0,0.0
2024-12-05 05:05:00+00:00,121.0,121.0,121.0,121.0,1000,0.0,0.0
2024-12-05 05:10:00+00:00,120.5,120.5,120.5,120.5,0,0.0,0.0
2024-12-06 01:15:00+00:00,120.0,120.0,119.0,119.0,11000,0.0,0.0
2024-12-06 01:50:00+00:00,119.5,119.5,119.5,119.5,2076,0.0,0.0
2024-12-06 03:15:00+00:00,119.5,119.5,119.5,119.5,1010,0.0,0.0
2024-12-06 03:40:00+00:00,119.0,119.0,119.0,119.0,2000,0.0,0.0
2024-12-06 03:50:00+00:00,119.5,119.5,119.5,119.5,1000,0.0,0.0
2024-12-06 05:20:00+00:00,120.5,120.5,120.5,120.5,1000,0.0,0.0
2024-12-09 01:00:00+00:00,120.0,121.0,120.0,121.0,0,0.0,0.0
2024-12-09 02:40:00+00:00,120.0,120.0,120.0,120.0,1025,0.0,0.0
2024-12-10 01:00:00+00:00,120.0,120.0,120.0,120.0,0,0.0,0.0
2024-12-10 01:05:00+00:00,120.0,120.5,120.0,120.5,4000,0.0,0.0
2024-12-10 01:40:00+00:00,120.5,120.5,120.5,120.5,1000,0.0,0.0
2024-12-10 01:50:00+00:00,121.0,122.5,121.0,122.5,12132,0.0,0.0
2024-12-10 02:25:00+00:00,121.0,121.0,121.0,121.0,1000,0.0,0.0
2024-12-10 03:30:00+00:00,121.0,121.0,121.0,121.0,1000,0.0,0.0
2024-12-10 04:00:00+00:00,121.0,121.0,121.0,121.0,1300,0.0,0.0
2024-12-10 04:25:00+00:00,121.0,121.0,121.0,121.0,1000,0.0,0.0
2024-12-10 04:50:00+00:00,121.0,121.0,121.0,121.0,1000,0.0,0.0
2024-12-10 05:10:00+00:00,121.0,121.0,121.0,121.0,1000,0.0,0.0
2024-12-10 05:20:00+00:00,121.0,121.0,121.0,121.0,3000,0.0,0.0
2024-12-11 01:00:00+00:00,120.0,120.0,120.0,120.0,0,0.0,0.0
2024-12-11 01:25:00+00:00,119.5,119.5,119.5,119.5,2000,0.0,0.0
2024-12-11 01:30:00+00:00,119.5,119.5,119.5,119.5,1000,0.0,0.0
2024-12-11 01:35:00+00:00,119.5,119.5,119.5,119.5,1000,0.0,0.0
2024-12-11 01:50:00+00:00,119.5,119.5,119.5,119.5,1606,0.0,0.0
2024-12-11 02:20:00+00:00,119.5,120.0,119.5,120.0,2017,0.0,0.0
2024-12-11 02:55:00+00:00,120.0,120.0,120.0,120.0,4000,0.0,0.0
2024-12-11 03:05:00+00:00,119.5,119.5,119.5,119.5,1000,0.0,0.0
2024-12-11 04:35:00+00:00,119.0,119.0,119.0,119.0,3000,0.0,0.0
2024-12-11 04:40:00+00:00,119.0,119.0,119.0,119.0,1000,0.0,0.0
2024-12-11 04:50:00+00:00,119.0,119.0,119.0,119.0,1100,0.0,0.0
2024-12-11 05:10:00+00:00,118.5,118.5,118.5,118.5,1010,0.0,0.0
2024-12-11 05:20:00+00:00,119.0,119.0,119.0,119.0,2010,0.0,0.0
2024-12-12 01:05:00+00:00,119.0,119.0,119.0,119.0,0,0.0,0.0
2024-12-12 02:10:00+00:00,119.0,119.0,119.0,119.0,1000,0.0,0.0
2024-12-12 02:25:00+00:00,119.5,119.5,119.5,119.5,1000,0.0,0.0
2024-12-12 02:45:00+00:00,119.5,119.5,119.5,119.5,1000,0.0,0.0
2024-12-12 04:05:00+00:00,119.0,119.0,119.0,119.0,1000,0.0,0.0
2024-12-12 04:15:00+00:00,118.5,118.5,118.5,118.5,3000,0.0,0.0
2024-12-13 01:00:00+00:00,119.5,119.5,119.5,119.5,0,0.0,0.0
2024-12-13 02:10:00+00:00,118.0,118.0,117.5,117.5,5167,0.0,0.0
2024-12-13 03:05:00+00:00,118.0,118.0,118.0,118.0,1000,0.0,0.0
2024-12-13 03:10:00+00:00,118.0,118.0,118.0,118.0,2101,0.0,0.0
2024-12-13 04:05:00+00:00,119.0,119.0,119.0,119.0,1003,0.0,0.0
2024-12-16 01:00:00+00:00,119.5,119.5,119.5,119.5,0,0.0,0.0
2024-12-16 02:05:00+00:00,119.5,120.0,119.5,120.0,5000,0.0,0.0
2024-12-16 03:40:00+00:00,119.5,120.0,119.5,120.0,5020,0.0,0.0
2024-12-17 01:05:00+00:00,118.5,118.5,118.0,118.0,2123,0.0,0.0
2024-12-17 01:50:00+00:00,118.5,118.5,118.5,118.5,1088,0.0,0.0
2024-12-17 03:05:00+00:00,119.0,119.0,119.0,119.0,2271,0.0,0.0
2024-12-17 03:15:00+00:00,119.0,119.0,119.0,119.0,1200,0.0,0.0
2024-12-17 03:25:00+00:00,118.5,118.5,118.5,118.5,2183,0.0,0.0
2024-12-17 05:05:00+00:00,118.5,118.5,118.5,118.5,0,0.0,0.0
2024-12-18 02:35:00+00:00,119.0,119.0,119.0,119.0,2000,0.0,0.0
2024-12-18 02:50:00+00:00,118.5,118.5,118.5,118.5,1000,0.0,0.0
2024-12-18 04:05:00+00:00,118.5,118.5,118.5,118.5,1000,0.0,0.0
2024-12-18 04:10:00+00:00,118.5,118.5,118.5,118.5,1000,0.0,0.0
2024-12-18 04:25:00+00:00,118.5,118.5,118.5,118.5,1000,0.0,0.0
2024-12-18 05:15:00+00:00,118.0,118.0,118.0,118.0,5000,0.0,0.0
2024-12-19 01:00:00+00:00,117.5,118.0,117.5,118.0,0,0.0,0.0
2024-12-19 01:35:00+00:00,117.0,117.0,117.0,117.0,1000,0.0,0.0
2024-12-19 02:55:00+00:00,117.0,117.0,117.0,117.0,1000,0.0,0.0
2024-12-19 03:20:00+00:00,117.0,117.0,117.0,117.0,5000,0.0,0.0
2024-12-19 03:55:00+00:00,117.0,117.0,117.0,117.0,1000,0.0,0.0
2024-12-19 04:05:00+00:00,117.0,117.0,117.0,117.0,1089,0.0,0.0
2024-12-19 04:40:00+00:00,117.0,117.0,117.0,117.0,1000,0.0,0.0
2024-12-19 04:55:00+00:00,117.0,117.0,117.0,117.0,1059,0.0,0.0
2024-12-19 05:20:00+00:00,117.5,117.5,117.5,117.5,1000,0.0,0.0
2024-12-20 01:00:00+00:00,118.0,118.0,118.0,118.0,0,0.0,0.0
2024-12-20 01:50:00+00:00,117.0,118.0,117.0,118.0,2001,0.0,0.0
2024-12-20 03:30:00+00:00,118.0,118.0,118.0,118.0,1000,0.0,0.0
2024-12-20 03:45:00+00:00,118.0,118.0,118.0,118.0,10000,0.0,0.0
2024-12-20 04:15:00+00:00,117.0,117.0,117.0,117.0,1001,0.0,0.0
2024-12-20 05:20:00+00:00,117.0,117.0,117.0,117.0,2000,0.0,0.0
2024-12-23 01:55:00+00:00,117.5,117.5,117.5,117.5,0,0.0,0.0
2024-12-23 02:15:00+00:00,117.0,117.0,117.0,117.0,6000,0.0,0.0
2024-12-23 02:25:00+00:00,117.5,117.5,117.5,117.5,3783,0.0,0.0
2024-12-23 05:00:00+00:00,118.0,118.0,118.0,118.0,1000,0.0,0.0
2024-12-24 01:00:00+00:00,118.0,118.0,118.0,118.0,0,0.0,0.0
2024-12-24 01:20:00+00:00,117.0,117.0,116.0,116.0,20000,0.0,0.0
2024-12-24 01:50:00+00:00,116.5,116.5,116.5,116.5,2000,0.0,0.0
2024-12-24 02:55:00+00:00,116.5,116.5,116.0,116.0,11100,0.0,0.0
2024-12-24 03:05:00+00:00,116.5,116.5,116.5,116.5,1000,0.0,0.0
2024-12-24 03:30:00+00:00,116.5,116.5,116.5,116.5,1000,0.0,0.0
2024-12-24 04:10:00+00:00,116.5,116.5,116.5,116.5,1009,0.0,0.0
2024-12-24 05:05:00+00:00,116.5,116.5,116.5,116.5,1030,0.0,0.0
2024-12-25 01:00:00+00:00,117.0,117.0,117.0,117.0,0,0.0,0.0
2024-12-25 02:55:00+00:00,116.5,116.5,116.5,116.5,1972,0.0,0.0
2024-12-25 05:00:00+00:00,116.0,116.0,116.0,116.0,3000,0.0,0.0
2024-12-25 05:05:00+00:00,116.5,116.5,116.5,116.5,1000,0.0,0.0
2024-12-25 05:20:00+00:00,116.5,116.5,116.5,116.5,2000,0.0,0.0
2024-12-26 01:00:00+00:00,117.0,117.0,117.0,117.0,0,0.0,0.0
2024-12-26 01:15:00+00:00,117.0,117.0,117.0,117.0,2000,0.0,0.0
2024-12-26 02:00:00+00:00,117.0,117.0,117.0,117.0,1036,0.0,0.0
2024-12-26 05:05:00+00:00,116.5,116.5,116.5,116.5,1008,0.0,0.0
2024-12-27 01:05:00+00:00,117.0,117.0,117.0,117.0,0,0.0,0.0
2024-12-27 03:10:00+00:00,117.0,117.0,117.0,117.0,1014,0.0,0.0
2024-12-27 03:20:00+00:00,117.0,117.5,117.0,117.5,4000,0.0,0.0
2024-12-27 04:05:00+00:00,117.0,117.0,117.0,117.0,2036,0.0,0.0
2024-12-27 04:25:00+00:00,117.0,117.0,117.0,117.0,1200,0.0,0.0
2024-12-27 04:55:00+00:00,117.0,117.0,117.0,117.0,1000,0.0,0.0
2024-12-27 05:00:00+00:00,116.5,116.5,116.5,116.5,1091,0.0,0.0
2024-12-30 01:00:00+00:00,118.0,118.0,118.0,118.0,0,0.0,0.0
2024-12-30 01:05:00+00:00,118.0,118.0,118.0,118.0,1000,0.0,0.0
2024-12-30 01:15:00+00:00,118.0,118.0,118.0,118.0,1002,0.0,0.0
2024-12-31 01:00:00+00:00,117.0,117.0,117.0,117.0,0,0.0,0.0
2024-12-31 02:20:00+00:00,117.0,117.0,117.0,117.0,1000,0.0,0.0
2024-12-31 03:20:00+00:00,116.5,116.5,116.5,116.5,1058,0.0,0.0
2024-12-31 05:20:00+00:00,116.5,116.5,116.5,116.5,1000,0.0,0.0
2025-01-02 01:00:00+00:00,116.0,116.0,116.0,116.0,2842,0.0,0.0
2025-01-02 01:05:00+00:00,116.5,116.5,116.5,116.5,1200,0.0,0.0
2025-01-02 01:50:00+00:00,116.5,116.5,116.5,116.5,2000,0.0,0.0
2025-01-02 02:05:00+00:00,116.5,116.5,116.5,116.5,1000,0.0,0.0
2025-01-02 02:10:00+00:00,116.5,116.5,116.5,116.5,1000,0.0,0.0
2025-01-02 02:55:00+00:00,116.5,116.5,116.5,116.5,1000,0.0,0.0
2025-01-02 03:10:00+00:00,116.5,116.5,116.5,116.5,1082,0.0,0.0
2025-01-02 03:55:00+00:00,116.5,116.5,116.5,116.5,1000,0.0,0.0
2025-01-02 04:15:00+00:00,116.5,116.5,116.5,116.5,1000,0.0,0.0
2025-01-02 05:00:00+00:00,116.5,116.5,116.5,116.5,1000,0.0,0.0
2025-01-02 05:05:00+00:00,116.5,116.5,116.5,116.5,1000,0.0,0.0
2025-01-02 05:10:00+00:00,116.5,116.5,116.5,116.5,1000,0.0,0.0
2025-01-02 05:20:00+00:00,116.5,116.5,116.5,116.5,1000,0.0,0.0
2025-01-03 01:00:00+00:00,117.0,117.0,117.0,117.0,0,0.0,0.0
2025-01-03 03:55:00+00:00,116.5,116.5,116.5,116.5,1000,0.0,0.0
2025-01-03 04:10:00+00:00,116.5,116.5,116.5,116.5,1000,0.0,0.0
2025-01-03 04:40:00+00:00,116.5,116.5,116.0,116.0,8000,0.0,0.0
2025-01-03 04:45:00+00:00,116.0,116.0,116.0,116.0,1000,0.0,0.0
2025-01-03 05:20:00+00:00,116.0,116.0,116.0,116.0,1000,0.0,0.0
2025-01-06 01:00:00+00:00,116.5,116.5,116.5,116.5,0,0.0,0.0
2025-01-06 01:05:00+00:00,117.0,117.0,117.0,117.0,1468,0.0,0.0
2025-01-06 01:20:00+00:00,116.5,116.5,116.5,116.5,1000,0.0,0.0
2025-01-06 02:15:00+00:00,116.5,116.5,116.5,116.5,1009,0.0,0.0
2025-01-06 03:10:00+00:00,116.5,116.5,116.5,116.5,2000,0.0,0.0
2025-01-06 04:00:00+00:00,117.0,117.0,117.0,117.0,2010,0.0,0.0
2025-01-06 04:25:00+00:00,116.5,116.5,116.5,116.5,3000,0.0,0.0
2025-01-06 04:35:00+00:00,116.5,116.5,116.5,116.5,4000,0.0,0.0
2025-01-06 04:40:00+00:00,116.5,116.5,116.5,116.5,3000,0.0,0.0
2025-01-06 05:20:00+00:00,117.0,117.0,117.0,117.0,1010,0.0,0.0
2025-01-07 01:00:00+00:00,117.5,117.5,117.5,117.5,0,0.0,0.0
2025-01-07 01:30:00+00:00,116.5,116.5,116.5,116.5,1380,0.0,0.0
2025-01-07 04:10:00+00:00,116.5,116.5,116.5,116.5,1000,0.0,0.0
2025-01-07 05:05:00+00:00,116.5,116.5,116.5,116.5,1000,0.0,0.0
2025-01-07 05:20:00+00:00,116.5,116.5,116.5,116.5,1000,0.0,0.0
2025-01-08 04:35:00+00:00,116.5,116.5,116.5,116.5,0,0.0,0.0
2025-01-08 05:05:00+00:00,116.0,116.0,116.0,116.0,2000,0.0,0.0
2025-01-08 05:10:00+00:00,115.5,115.5,115.5,115.5,1050,0.0,0.0
2025-01-08 05:20:00+00:00,116.0,116.5,116.0,116.5,2000,0.0,0.0
2025-01-09 04:45:00+00:00,116.0,116.0,116.0,116.0,2000,0.0,0.0
2025-01-09 04:50:00+00:00,116.0,116.0,116.0,116.0,2000,0.0,0.0
2025-01-09 05:00:00+00:00,116.0,116.0,116.0,116.0,3000,0.0,0.0
2025-01-09 05:05:00+00:00,115.5,115.5,115.5,115.5,2010,0.0,0.0
2025-01-10 03:00:00+00:00,116.0,116.0,116.0,116.0,0,0.0,0.0
2025-01-10 03:10:00+00:00,117.0,120.0,117.0,120.0,19637,0.0,0.0
2025-01-10 03:15:00+00:00,120.0,120.0,120.0,120.0,1000,0.0,0.0
2025-01-10 03:25:00+00:00,118.0,118.0,117.5,117.5,3010,0.0,0.0
2025-01-10 03:35:00+00:00,117.5,117.5,117.5,117.5,1005,0.0,0.0
2025-01-10 03:55:00+00:00,118.0,118.0,118.0,118.0,1000,0.0,0.0
2025-01-10 04:00:00+00:00,118.5,119.0,117.0,117.0,11006,0.0,0.0
2025-01-10 05:15:00+00:00,117.0,117.0,117.0,117.0,3100,0.0,0.0
2025-01-13 01:10:00+00:00,117.0,117.0,116.5,116.5,3000,0.0,0.0
2025-01-13 01:30:00+00:00,116.5,116.5,115.0,115.0,26074,0.0,0.0
2025-01-13 01:50:00+00:00,115.5,115.5,115.5,115.5,5012,0.0,0.0
2025-01-13 02:45:00+00:00,115.5,115.5,115.5,115.5,1000,0.0,0.0
2025-01-13 02:55:00+00:00,115.5,115.5,115.5,115.5,2000,0.0,0.0
2025-01-13 03:55:00+00:00,115.5,115.5,115.5,115.5,2543,0.0,0.0
2025-01-13 04:45:00+00:00,115.5,115.5,115.5,115.5,1000,0.0,0.0
2025-01-13 05:00:00+00:00,115.5,115.5,115.0,115.0,10000,0.0,0.0
2025-01-13 05:05:00+00:00,115.0,115.0,115.0,115.0,2000,0.0,0.0
2025-01-13 05:15:00+00:00,115.0,115.0,115.0,115.0,1000,0.0,0.0
2025-01-13 05:20:00+00:00,115.0,115.0,115.0,115.0,1001,0.0,0.0
2025-01-14 01:00:00+00:00,113.5,114.0,113.5,114.0,0,0.0,0.0
2025-01-14 01:10:00+00:00,114.5,114.5,114.5,114.5,1000,0.0,0.0
2025-01-14 01:30:00+00:00,115.5,115.5,115.5,115.5,1000,0.0,0.0
2025-01-14 02:20:00+00:00,115.5,115.5,115.5,115.5,2000,0.0,0.0
2025-01-14 02:35:00+00:00,115.5,115.5,115.5,115.5,2000,0.0,0.0
2025-01-14 03:10:00+00:00,116.0,116.0,116.0,116.0,2000,0.0,0.0
2025-01-14 03:20:00+00:00,116.0,116.0,116.0,116.0,2000,0.0,0.0
2025-01-14 04:05:00+00:00,116.0,116.0,116.0,116.0,1000,0.0,0.0
2025-01-14 04:10:00+00:00,116.0,116.0,116.0,116.0,1000,0.0,0.0
2025-01-14 04:20:00+00:00,116.5,116.5,116.5,116.5,1000,0.0,0.0
2025-01-14 04:25:00+00:00,116.0,116.0,116.0,116.0,1000,0.0,0.0
2025-01-14 04:45:00+00:00,116.5,116.5,116.5,116.5,2000,0.0,0.0
2025-01-14 05:10:00+00:00,117.0,117.0,117.0,117.0,1000,0.0,0.0
2025-01-14 05:20:00+00:00,117.0,117.0,117.0,117.0,0,0.0,0.0
2025-01-15 01:05:00+00:00,116.0,116.0,116.0,116.0,1000,0.0,0.0
2025-01-15 01:20:00+00:00,117.5,117.5,117.5,117.5,1800,0.0,0.0
2025-01-15 03:00:00+00:00,117.0,117.0,117.0,117.0,1000,0.0,0.0
2025-01-15 03:10:00+00:00,117.0,117.0,117.0,117.0,1000,0.0,0.0
2025-01-15 04:30:00+00:00,117.5,117.5,117.5,117.5,1392,0.0,0.0
2025-01-15 05:15:00+00:00,117.0,117.0,117.0,117.0,1130,0.0,0.0
2025-01-16 01:00:00+00:00,118.0,118.0,118.0,118.0,0,0.0,0.0
2025-01-16 03:10:00+00:00,118.0,118.0,118.0,118.0,1000,0.0,0.0
2025-01-16 03:30:00+00:00,118.5,118.5,118.5,118.5,1475,0.0,0.0
2025-01-16 05:05:00+00:00,118.0,118.0,118.0,118.0,1000,0.0,0.0
2025-01-16 05:20:00+00:00,118.0,118.0,118.0,118.0,2020,0.0,0.0
2025-01-17 01:00:00+00:00,118.5,118.5,118.5,118.5,0,0.0,0.0
2025-01-17 01:10:00+00:00,118.0,118.0,118.0,118.0,2150,0.0,0.0
2025-01-20 01:00:00+00:00,118.0,118.0,118.0,118.0,0,0.0,0.0
2025-01-20 01:15:00+00:00,118.5,118.5,118.5,118.5,1000,0.0,0.0
2025-01-20 01:45:00+00:00,118.0,118.0,118.0,118.0,1000,0.0,0.0
2025-01-20 02:45:00+00:00,118.0,118.0,118.0,118.0,1000,0.0,0.0
2025-01-20 03:45:00+00:00,118.0,118.0,118.0,118.0,1042,0.0,0.0
2025-01-20 04:40:00+00:00,118.0,118.0,118.0,118.0,1600,0.0,0.0
2025-01-21 01:00:00+00:00,118.0,118.0,118.0,118.0,0,0.0,0.0
2025-01-21 01:15:00+00:00,118.0,118.0,118.0,118.0,1000,0.0,0.0
2025-01-21 01:35:00+00:00,118.0,118.0,118.0,118.0,1000,0.0,0.0
2025-01-21 03:15:00+00:00,118.0,118.0,118.0,118.0,1000,0.0,0.0
2025-01-21 03:25:00+00:00,118.0,118.0,118.0,118.0,1000,0.0,0.0
2025-01-22 01:20:00+00:00,119.5,120.0,119.5,120.0,0,0.0,0.0
2025-01-22 01:25:00+00:00,121.0,121.0,121.0,121.0,4007,0.0,0.0
2025-01-22 01:30:00+00:00,121.0,121.0,121.0,121.0,1000,0.0,0.0
2025-01-22 01:45:00+00:00,121.0,121.5,121.0,121.0,10143,0.0,0.0
2025-01-22 01:55:00+00:00,122.0,124.0,122.0,124.0,2020,0.0,0.0
2025-01-22 02:00:00+00:00,122.5,122.5,122.5,122.5,1000,0.0,0.0
2025-01-22 02:15:00+00:00,122.5,123.0,122.5,123.0,2211,0.0,0.0
2025-01-22 02:25:00+00:00,123.0,123.0,123.0,123.0,1000,0.0,0.0
2025-01-22 02:35:00+00:00,123.0,123.0,123.0,123.0,1150,0.0,0.0
2025-01-22 02:40:00+00:00,123.0,123.0,123.0,123.0,1000,0.0,0.0
2025-01-22 02:50:00+00:00,123.0,123.0,123.0,123.0,1100,0.0,0.0
2025-01-22 02:55:00+00:00,123.0,123.0,123.0,123.0,1005,0.0,0.0
2025-01-22 03:10:00+00:00,122.5,122.5,122.5,122.5,4000,0.0,0.0
2025-01-22 03:15:00+00:00,122.0,122.0,122.0,122.0,2001,0.0,0.0
2025-01-22 03:40:00+00:00,122.0,122.0,122.0,122.0,2291,0.0,0.0
2025-01-22 04:20:00+00:00,122.0,122.0,122.0,122.0,1000,0.0,0.0
2025-01-22 05:05:00+00:00,122.0,122.0,122.0,122.0,1150,0.0,0.0
2025-01-22 05:15:00+00:00,122.0,122.0,122.0,122.0,1020,0.0,0.0
2025-02-03 01:00:00+00:00,122.5,123.5,122.5,123.5,0,0.0,0.0
2025-02-03 01:05:00+00:00,119.5,119.5,119.5,119.5,1833,0.0,0.0
2025-02-03 01:15:00+00:00,121.5,121.5,121.5,121.5,1000,0.0,0.0
2025-02-03 02:25:00+00:00,121.0,121.0,121.0,121.0,10000,0.0,0.0
2025-02-03 02:35:00+00:00,120.5,120.5,120.5,120.5,1000,0.0,0.0
2025-02-03 03:10:00+00:00,122.0,122.5,122.0,122.5,6000,0.0,0.0
2025-02-03 03:35:00+00:00,122.5,122.5,122.5,122.5,1000,0.0,0.0
2025-02-03 04:35:00+00:00,123.0,123.0,123.0,123.0,1040,0.0,0.0
2025-02-03 04:50:00+00:00,123.0,123.0,123.0,123.0,1000,0.0,0.0
2025-02-03 05:05:00+00:00,123.0,123.0,123.0,123.0,2001,0.0,0.0
2025-02-04 01:00:00+00:00,123.5,123.5,123.5,123.5,0,0.0,0.0
2025-02-04 01:30:00+00:00,122.5,122.5,122.5,122.5,1070,0.0,0.0
2025-02-04 02:10:00+00:00,123.0,123.0,123.0,123.0,1800,0.0,0.0
2025-02-04 03:00:00+00:00,123.5,123.5,123.5,123.5,3000,0.0,0.0
2025-02-04 03:05:00+00:00,123.5,123.5,123.5,123.5,2000,0.0,0.0
2025-02-04 03:15:00+00:00,123.5,124.5,123.5,124.5,11000,0.0,0.0
2025-02-04 03:20:00+00:00,124.5,124.5,124.5,124.5,1000,0.0,0.0
2025-02-04 03:25:00+00:00,124.5,124.5,124.5,124.5,2214,0.0,0.0
2025-02-04 03:35:00+00:00,124.0,124.0,123.5,123.5,2000,0.0,0.0
2025-02-04 03:50:00+00:00,124.0,124.0,124.0,124.0,1100,0.0,0.0
2025-02-04 04:10:00+00:00,124.0,124.0,124.0,124.0,1000,0.0,0.0
2025-02-04 04:35:00+00:00,124.5,124.5,124.5,124.5,1160,0.0,0.0
2025-02-04 04:40:00+00:00,124.5,124.5,124.0,124.0,2020,0.0,0.0
2025-02-04 05:10:00+00:00,124.0,124.0,124.0,124.0,2000,0.0,0.0
2025-02-04 05:15:00+00:00,124.5,124.5,124.5,124.5,5000,0.0,0.0
2025-02-05 01:00:00+00:00,124.5,125.0,124.5,125.0,0,0.0,0.0
2025-02-05 01:10:00+00:00,124.0,124.0,124.0,124.0,1000,0.0,0.0
2025-02-05 01:15:00+00:00,125.0,125.0,125.0,125.0,2105,0.0,0.0
2025-02-05 01:45:00+00:00,125.0,125.0,125.0,125.0,1000,0.0,0.0
2025-02-05 01:50:00+00:00,124.0,124.0,124.0,124.0,3502,0.0,0.0
2025-02-05 02:40:00+00:00,124.5,124.5,124.5,124.5,2005,0.0,0.0
2025-02-05 02:50:00+00:00,124.5,124.5,124.5,124.5,1002,0.0,0.0
2025-02-05 03:05:00+00:00,125.0,125.0,125.0,125.0,1002,0.0,0.0
2025-02-05 03:30:00+00:00,125.0,125.0,125.0,125.0,1000,0.0,0.0
2025-02-05 04:00:00+00:00,125.0,125.0,125.0,125.0,1002,0.0,0.0
2025-02-05 04:25:00+00:00,125.0,125.0,125.0,125.0,1008,0.0,0.0
2025-02-05 04:40:00+00:00,125.0,125.0,125.0,125.0,2544,0.0,0.0
2025-02-05 05:20:00+00:00,125.0,125.0,125.0,125.0,2000,0.0,0.0
2025-02-06 01:40:00+00:00,125.5,125.5,125.5,125.5,0,0.0,0.0
2025-02-06 02:35:00+00:00,125.5,125.5,125.5,125.5,1100,0.0,0.0
2025-02-06 03:05:00+00:00,125.5,125.5,125.5,125.5,1000,0.0,0.0
2025-02-06 03:10:00+00:00,125.5,125.5,125.5,125.5,1209,0.0,0.0
2025-02-06 03:30:00+00:00,126.0,126.0,126.0,126.0,2000,0.0,0.0
2025-02-06 03:35:00+00:00,126.0,126.0,126.0,126.0,6000,0.0,0.0
2025-02-06 03:55:00+00:00,126.5,126.5,126.5,126.5,1000,0.0,0.0
2025-02-06 04:00:00+00:00,126.5,126.5,126.5,126.5,1005,0.0,0.0
2025-02-06 04:10:00+00:00,126.0,126.0,126.0,126.0,1000,0.0,0.0
2025-02-06 04:15:00+00:00,126.0,126.0,126.0,126.0,1000,0.0,0.0
2025-02-06 04:25:00+00:00,126.5,126.5,126.5,126.5,1000,0.0,0.0
2025-02-06 04:50:00+00:00,126.0,126.0,126.0,126.0,1089,0.0,0.0
2025-02-06 05:20:00+00:00,125.5,125.5,125.5,125.5,1279,0.0,0.0
2025-02-07 02:15:00+00:00,125.5,125.5,125.5,125.5,0,0.0,0.0
2025-02-07 02:40:00+00:00,126.0,126.0,126.0,126.0,1000,0.0,0.0
2025-02-07 02:50:00+00:00,126.0,126.0,126.0,126.0,2000,0.0,0.0
2025-02-07 03:05:00+00:00,126.5,126.5,126.0,126.0,2000,0.0,0.0
2025-02-07 03:25:00+00:00,126.0,126.0,126.0,126.0,1000,0.0,0.0
2025-02-07 03:50:00+00:00,126.5,126.5,126.5,126.5,1120,0.0,0.0
2025-02-07 03:55:00+00:00,127.0,127.0,127.0,127.0,2005,0.0,0.0
2025-02-07 04:10:00+00:00,127.0,127.0,127.0,127.0,1018,0.0,0.0
2025-02-07 04:30:00+00:00,127.0,127.0,127.0,127.0,1298,0.0,0.0
2025-02-07 05:05:00+00:00,126.5,126.5,126.5,126.5,1058,0.0,0.0
2025-02-07 05:15:00+00:00,127.0,127.0,127.0,127.0,1021,0.0,0.0
2025-02-10 01:05:00+00:00,127.0,127.0,127.0,127.0,0,0.0,0.0
2025-02-10 01:10:00+00:00,127.0,127.0,127.0,127.0,2422,0.0,0.0
2025-02-10 01:20:00+00:00,127.0,127.0,127.0,127.0,1100,0.0,0.0
2025-02-10 01:30:00+00:00,127.0,127.0,127.0,127.0,7000,0.0,0.0
2025-02-10 01:40:00+00:00,127.0,127.0,127.0,127.0,1000,0.0,0.0
2025-02-10 02:00:00+00:00,127.0,127.0,127.0,127.0,5000,0.0,0.0
2025-02-10 02:05:00+00:00,127.0,127.0,127.0,127.0,6000,0.0,0.0
2025-02-10 02:15:00+00:00,127.0,127.0,127.0,127.0,3000,0.0,0.0
2025-02-10 03:00:00+00:00,127.0,127.0,127.0,127.0,1000,0.0,0.0
2025-02-10 03:30:00+00:00,127.0,127.0,127.0,127.0,2024,0.0,0.0
2025-02-10 03:50:00+00:00,127.0,127.0,127.0,127.0,3087,0.0,0.0
2025-02-10 05:00:00+00:00,127.0,128.5,127.0,128.5,19101,0.0,0.0
2025-02-10 05:10:00+00:00,129.0,129.0,128.5,128.5,4557,0.0,0.0
2025-02-11 01:00:00+00:00,129.5,130.0,129.5,130.0,0,0.0,0.0
2025-02-11 01:20:00+00:00,130.0,130.0,130.0,130.0,4000,0.0,0.0
2025-02-11 01:25:00+00:00,130.0,130.0,130.0,130.0,1007,0.0,0.0
2025-02-11 01:30:00+00:00,129.5,129.5,129.0,129.0,8407,0.0,0.0
2025-02-11 01:55:00+00:00,128.5,128.5,128.5,128.5,1035,0.0,0.0
2025-02-11 02:25:00+00:00,128.0,128.0,128.0,128.0,1032,0.0,0.0
2025-02-11 03:55:00+00:00,128.0,128.0,128.0,128.0,1000,0.0,0.0
2025-02-11 04:00:00+00:00,128.0,128.0,126.0,126.0,24115,0.0,0.0
2025-02-11 04:10:00+00:00,126.5,126.5,126.5,126.5,1134,0.0,0.0
2025-02-11 04:55:00+00:00,127.0,127.0,127.0,127.0,4000,0.0,0.0
2025-02-11 05:10:00+00:00,126.5,126.5,126.5,126.5,2000,0.0,0.0
2025-02-11 05:15:00+00:00,127.0,127.0,126.5,126.5,5000,0.0,0.0
2025-02-11 05:20:00+00:00,127.0,127.0,127.0,127.0,2257,0.0,0.0
2025-02-12 01:00:00+00:00,128.0,128.0,128.0,128.0,0,0.0,0.0
2025-02-12 02:20:00+00:00,127.0,127.0,126.0,126.0,4004,0.0,0.0
2025-02-12 02:45:00+00:00,125.5,126.0,125.5,126.0,2004,0.0,0.0
2025-02-12 03:10:00+00:00,126.0,126.0,126.0,126.0,1084,0.0,0.0
2025-02-12 05:00:00+00:00,126.0,126.0,126.0,126.0,2290,0.0,0.0
2025-02-12 05:20:00+00:00,126.0,126.0,126.0,126.0,1002,0.0,0.0
2025-02-13 01:00:00+00:00,127.0,127.0,127.0,127.0,0,0.0,0.0
2025-02-13 01:25:00+00:00,127.0,127.0,127.0,127.0,1000,0.0,0.0
2025-02-13 01:35:00+00:00,127.0,127.0,127.0,127.0,1006,0.0,0.0
2025-02-13 04:05:00+00:00,126.0,126.0,126.0,126.0,1007,0.0,0.0
2025-02-13 04:30:00+00:00,127.0,127.0,127.0,127.0,1000,0.0,0.0
2025-02-13 05:00:00+00:00,127.0,127.0,127.0,127.0,1100,0.0,0.0
2025-02-13 05:05:00+00:00,127.0,127.0,127.0,127.0,2000,0.0,0.0
2025-02-13 05:20:00+00:00,127.0,127.0,127.0,127.0,1000,0.0,0.0
2025-02-14 01:40:00+00:00,127.0,127.0,127.0,127.0,0,0.0,0.0
2025-02-14 02:35:00+00:00,127.0,127.0,127.0,127.0,1000,0.0,0.0
2025-02-14 02:40:00+00:00,127.0,127.0,127.0,127.0,1000,0.0,0.0
2025-02-14 03:10:00+00:00,127.0,127.0,127.0,127.0,1191,0.0,0.0
2025-02-17 01:25:00+00:00,127.0,127.0,127.0,127.0,0,0.0,0.0
2025-02-17 01:50:00+00:00,127.0,127.0,127.0,127.0,1000,0.0,0.0
2025-02-17 02:20:00+00:00,127.5,127.5,127.5,127.5,1000,0.0,0.0
2025-02-17 02:40:00+00:00,127.0,127.0,127.0,127.0,1000,0.0,0.0
2025-02-17 02:45:00+00:00,127.0,127.0,127.0,127.0,1008,0.0,0.0
2025-02-17 03:05:00+00:00,127.0,127.0,127.0,127.0,1000,0.0,0.0
2025-02-17 03:25:00+00:00,127.0,127.0,127.0,127.0,2000,0.0,0.0
2025-02-17 03:30:00+00:00,127.0,127.0,127.0,127.0,1040,0.0,0.0
2025-02-17 04:10:00+00:00,126.5,126.5,126.5,126.5,3000,0.0,0.0
2025-02-17 04:50:00+00:00,127.0,127.0,127.0,127.0,2026,0.0,0.0
2025-02-17 05:15:00+00:00,127.0,127.0,127.0,127.0,2115,0.0,0.0
2025-02-18 01:10:00+00:00,126.5,126.5,126.5,126.5,1000,0.0,0.0
2025-02-18 01:15:00+00:00,126.5,127.0,126.5,127.0,6000,0.0,0.0
2025-02-18 01:20:00+00:00,127.5,129.0,127.5,129.0,4400,0.0,0.0
2025-02-18 01:35:00+00:00,129.5,129.5,129.5,129.5,2000,0.0,0.0
2025-02-18 01:40:00+00:00,130.0,130.0,130.0,130.0,1000,0.0,0.0
2025-02-18 01:45:00+00:00,130.0,130.0,130.0,130.0,1000,0.0,0.0
2025-02-18 01:55:00+00:00,129.0,129.0,129.0,129.0,2015,0.0,0.0
2025-02-18 02:20:00+00:00,128.5,128.5,128.5,128.5,2050,0.0,0.0
2025-02-18 02:55:00+00:00,128.5,128.5,128.0,128.0,2000,0.0,0.0
2025-02-18 04:30:00+00:00,128.0,128.0,128.0,128.0,1000,0.0,0.0
2025-02-18 05:10:00+00:00,128.0,128.0,128.0,128.0,4000,0.0,0.0
2025-02-18 05:15:00+00:00,128.0,128.0,128.0,128.0,2000,0.0,0.0
2025-02-18 05:20:00+00:00,128.5,128.5,128.5,128.5,2299,0.0,0.0
2025-02-19 01:00:00+00:00,128.0,128.0,128.0,128.0,0,0.0,0.0
2025-02-19 02:10:00+00:00,128.0,128.0,128.0,128.0,1390,0.0,0.0
2025-02-19 02:15:00+00:00,128.0,128.0,128.0,128.0,1656,0.0,0.0
2025-02-19 05:00:00+00:00,128.0,128.0,128.0,128.0,4000,0.0,0.0
2025-02-19 05:10:00+00:00,128.5,128.5,128.5,128.5,3500,0.0,0.0
2025-02-19 05:15:00+00:00,128.5,128.5,128.5,128.5,3109,0.0,0.0
2025-02-20 01:00:00+00:00,129.5,130.0,129.5,130.0,0,0.0,0.0
2025-02-20 01:05:00+00:00,132.0,132.5,132.0,132.0,3254,0.0,0.0
2025-02-20 01:10:00+00:00,132.0,132.0,132.0,132.0,1000,0.0,0.0
2025-02-20 01:15:00+00:00,132.0,132.0,132.0,132.0,4104,0.0,0.0
2025-02-20 01:20:00+00:00,131.5,132.0,131.5,132.0,4000,0.0,0.0
2025-02-20 01:25:00+00:00,131.0,131.0,131.0,131.0,2000,0.0,0.0
2025-02-20 01:30:00+00:00,131.5,131.5,131.5,131.5,1601,0.0,0.0
2025-02-20 01:35:00+00:00,131.5,131.5,131.5,131.5,2000,0.0,0.0
2025-02-20 01:40:00+00:00,131.5,131.5,131.5,131.5,1010,0.0,0.0
2025-02-20 01:50:00+00:00,131.0,131.0,131.0,131.0,2001,0.0,0.0
2025-02-20 02:10:00+00:00,130.5,130.5,130.5,130.5,3000,0.0,0.0
2025-02-20 02:40:00+00:00,130.0,130.5,130.0,130.5,4000,0.0,0.0
2025-02-20 02:50:00+00:00,130.5,130.5,130.5,130.5,2000,0.0,0.0
2025-02-20 02:55:00+00:00,130.5,130.5,130.5,130.5,1004,0.0,0.0
2025-02-20 03:05:00+00:00,130.5,130.5,130.5,130.5,1100,0.0,0.0
2025-02-20 03:45:00+00:00,130.5,130.5,130.5,130.5,1006,0.0,0.0
2025-02-20 04:00:00+00:00,130.5,130.5,130.5,130.5,1000,0.0,0.0
2025-02-20 04:05:00+00:00,130.5,130.5,130.5,130.5,1000,0.0,0.0
2025-02-20 04:15:00+00:00,130.5,130.5,130.5,130.5,1000,0.0,0.0
2025-02-20 04:30:00+00:00,131.0,134.0,131.0,134.0,41572,0.0,0.0
2025-02-20 04:35:00+00:00,134.0,134.0,132.5,132.5,8013,0.0,0.0
2025-02-20 04:55:00+00:00,133.0,133.0,133.0,133.0,1370,0.0,0.0
2025-02-20 05:15:00+00:00,133.0,133.0,133.0,133.0,2400,0.0,0.0
2025-02-20 05:20:00+00:00,133.0,133.0,133.0,133.0,1297,0.0,0.0
2025-02-21 01:00:00+00:00,134.0,134.0,134.0,134.0,0,0.0,0.0
2025-02-21 01:15:00+00:00,133.5,133.5,133.5,133.5,1006,0.0,0.0
2025-02-21 01:40:00+00:00,133.0,133.0,133.0,133.0,1075,0.0,0.0
2025-02-21 01:55:00+00:00,133.5,134.5,133.5,134.5,8223,0.0,0.0
2025-02-21 02:05:00+00:00,135.0,137.5,135.0,137.5,16880,0.0,0.0
2025-02-21 02:10:00+00:00,137.0,137.0,136.0,136.0,8000,0.0,0.0
2025-02-21 02:20:00+00:00,136.5,138.0,136.5,138.0,30004,0.0,0.0
2025-02-21 02:25:00+00:00,138.0,138.0,138.0,138.0,1817,0.0,0.0
2025-02-21 02:30:00+00:00,138.0,139.0,138.0,139.0,11983,0.0,0.0
2025-02-21 02:35:00+00:00,138.5,138.5,138.5,138.5,1000,0.0,0.0
2025-02-21 02:40:00+00:00,136.5,136.5,135.5,135.5,11015,0.0,0.0
2025-02-21 02:50:00+00:00,136.0,136.0,136.0,136.0,1000,0.0,0.0
2025-02-21 02:55:00+00:00,138.0,138.0,138.0,138.0,6023,0.0,0.0
2025-02-21 03:05:00+00:00,138.0,138.0,138.0,138.0,1000,0.0,0.0
2025-02-21 03:15:00+00:00,137.0,137.0,137.0,137.0,3003,0.0,0.0
2025-02-21 03:30:00+00:00,137.0,138.0,137.0,138.0,13317,0.0,0.0
2025-02-21 03:35:00+00:00,138.0,138.5,138.0,138.5,2000,0.0,0.0
2025-02-21 03:40:00+00:00,138.5,138.5,138.5,138.5,2300,0.0,0.0
2025-02-21 03:45:00+00:00,138.5,138.5,138.5,138.5,4055,0.0,0.0
2025-02-21 03:50:00+00:00,138.5,138.5,138.5,138.5,4605,0.0,0.0
2025-02-21 04:00:00+00:00,139.0,139.0,139.0,139.0,6200,0.0,0.0
2025-02-21 04:05:00+00:00,139.5,141.5,139.5,141.5,20040,0.0,0.0
2025-02-21 04:15:00+00:00,142.0,142.0,142.0,142.0,2298,0.0,0.0
2025-02-21 04:20:00+00:00,142.0,142.0,141.5,142.0,6308,0.0,0.0
2025-02-21 04:30:00+00:00,141.5,141.5,141.0,141.0,5150,0.0,0.0
2025-02-21 04:35:00+00:00,141.0,141.0,141.0,141.0,2131,0.0,0.0
2025-02-21 04:50:00+00:00,141.0,141.0,141.0,141.0,1059,0.0,0.0
2025-02-21 04:55:00+00:00,141.0,141.5,141.0,141.5,3010,0.0,0.0
2025-02-21 05:00:00+00:00,141.0,141.5,141.0,141.5,3621,0.0,0.0
2025-02-21 05:10:00+00:00,141.0,141.0,141.0,141.0,4000,0.0,0.0
2025-02-21 05:15:00+00:00,140.5,140.5,140.0,140.5,10100,0.0,0.0
2025-02-21 05:20:00+00:00,140.5,141.0,140.5,141.0,2025,0.0,0.0
2025-02-24 01:00:00+00:00,147.0,154.5,147.0,151.5,0,0.0,0.0
2025-02-24 01:05:00+00:00,151.0,151.0,148.0,150.0,37610,0.0,0.0
2025-02-24 01:10:00+00:00,149.0,150.0,149.0,150.0,11867,0.0,0.0
2025-02-24 01:15:00+00:00,149.5,149.5,149.0,149.0,3414,0.0,0.0
2025-02-24 01:20:00+00:00,149.0,150.0,148.5,149.5,8226,0.0,0.0
2025-02-24 01:30:00+00:00,149.5,151.5,149.0,151.5,14554,0.0,0.0
2025-02-24 01:35:00+00:00,151.5,152.5,151.5,151.5,11532,0.0,0.0
2025-02-24 01:40:00+00:00,151.5,152.0,151.5,152.0,5868,0.0,0.0
2025-02-24 01:45:00+00:00,151.5,152.0,151.0,151.5,7211,0.0,0.0
2025-02-24 01:50:00+00:00,151.5,151.5,150.5,150.5,2001,0.0,0.0
2025-02-24 01:55:00+00:00,150.5,150.5,149.0,149.0,14190,0.0,0.0
2025-02-24 02:00:00+00:00,148.5,148.5,148.5,148.5,1261,0.0,0.0
2025-02-24 02:05:00+00:00,150.0,150.0,149.5,149.5,2500,0.0,0.0
2025-02-24 02:10:00+00:00,148.5,148.5,148.0,148.0,3259,0.0,0.0
2025-02-24 02:15:00+00:00,149.5,149.5,149.5,149.5,1000,0.0,0.0
2025-02-24 02:20:00+00:00,149.0,149.0,149.0,149.0,1064,0.0,0.0
2025-02-24 02:25:00+00:00,149.5,149.5,149.5,149.5,1002,0.0,0.0
2025-02-24 02:30:00+00:00,148.5,148.5,147.0,147.0,8077,0.0,0.0
2025-02-24 02:40:00+00:00,147.0,148.0,147.0,148.0,12910,0.0,0.0
2025-02-24 02:50:00+00:00,147.5,147.5,147.5,147.5,1000,0.0,0.0
2025-02-24 02:55:00+00:00,147.5,147.5,147.5,147.5,2036,0.0,0.0
2025-02-24 03:05:00+00:00,147.5,147.5,147.5,147.5,1000,0.0,0.0
2025-02-24 03:10:00+00:00,147.5,147.5,147.5,147.5,1004,0.0,0.0
2025-02-24 03:20:00+00:00,147.0,147.0,147.0,147.0,3220,0.0,0.0
2025-02-24 03:25:00+00:00,146.5,146.5,146.0,146.0,14000,0.0,0.0
2025-02-24 03:30:00+00:00,146.0,146.0,145.5,145.5,17054,0.0,0.0
2025-02-24 03:35:00+00:00,145.5,145.5,145.5,145.5,1000,0.0,0.0
2025-02-24 03:40:00+00:00,146.5,148.5,146.5,148.5,8415,0.0,0.0
2025-02-24 03:45:00+00:00,149.0,149.5,149.0,149.5,7009,0.0,0.0
2025-02-24 03:50:00+00:00,149.5,149.5,149.5,149.5,1266,0.0,0.0
2025-02-24 04:00:00+00:00,149.0,149.0,148.5,149.0,6015,0.0,0.0
2025-02-24 04:05:00+00:00,149.0,149.0,149.0,149.0,1000,0.0,0.0
2025-02-24 04:25:00+00:00,149.5,149.5,149.0,149.0,6054,0.0,0.0
2025-02-24 04:35:00+00:00,149.0,149.0,149.0,149.0,6000,0.0,0.0
2025-02-24 04:40:00+00:00,149.0,149.0,149.0,149.0,2000,0.0,0.0
2025-02-24 04:45:00+00:00,149.0,149.0,149.0,149.0,1000,0.0,0.0
2025-02-24 04:50:00+00:00,149.0,149.0,149.0,149.0,5001,0.0,0.0
2025-02-24 04:55:00+00:00,149.0,149.0,149.0,149.0,1120,0.0,0.0
2025-02-24 05:00:00+00:00,149.0,149.5,149.0,149.5,3000,0.0,0.0
2025-02-24 05:05:00+00:00,149.0,149.5,149.0,149.5,3080,0.0,0.0
2025-02-24 05:10:00+00:00,149.5,149.5,149.5,149.5,1000,0.0,0.0
2025-02-24 05:15:00+00:00,149.0,149.5,149.0,149.5,4000,0.0,0.0
2025-02-24 05:20:00+00:00,149.0,149.0,149.0,149.0,12164,0.0,0.0
2025-02-25 01:00:00+00:00,146.0,148.0,146.0,147.0,0,0.0,0.0
2025-02-25 01:05:00+00:00,147.0,147.0,146.5,147.0,4863,0.0,0.0
2025-02-25 01:20:00+00:00,147.5,147.5,147.5,147.5,1113,0.0,0.0
2025-02-25 01:25:00+00:00,147.5,148.0,147.5,148.0,3178,0.0,0.0
2025-02-25 01:30:00+00:00,148.0,148.0,148.0,148.0,1122,0.0,0.0
2025-02-25 01:35:00+00:00,148.0,148.0,148.0,148.0,1020,0.0,0.0
2025-02-25 02:00:00+00:00,148.5,148.5,148.5,148.5,1000,0.0,0.0
2025-02-25 02:10:00+00:00,148.0,148.0,148.0,148.0,1000,0.0,0.0
2025-02-25 02:15:00+00:00,148.0,148.0,146.0,146.0,12000,0.0,0.0
2025-02-25 02:20:00+00:00,146.5,146.5,146.5,146.5,1050,0.0,0.0
2025-02-25 02:30:00+00:00,146.5,146.5,146.5,146.5,1354,0.0,0.0
2025-02-25 03:00:00+00:00,148.0,148.0,147.5,147.5,3030,0.0,0.0
2025-02-25 03:10:00+00:00,148.5,148.5,148.5,148.5,1503,0.0,0.0
2025-02-25 03:20:00+00:00,148.5,148.5,148.5,148.5,2000,0.0,0.0
2025-02-25 03:25:00+00:00,148.5,148.5,148.5,148.5,1015,0.0,0.0
2025-02-25 04:20:00+00:00,147.5,147.5,147.5,147.5,1009,0.0,0.0
2025-02-25 04:30:00+00:00,148.0,148.5,148.0,148.5,2001,0.0,0.0
2025-02-25 04:55:00+00:00,148.0,148.5,148.0,148.0,4019,0.0,0.0
2025-02-25 05:00:00+00:00,148.5,148.5,148.5,148.5,1000,0.0,0.0
2025-02-25 05:05:00+00:00,148.0,148.0,148.0,148.0,3000,0.0,0.0
2025-02-25 05:15:00+00:00,147.0,147.0,147.0,147.0,2005,0.0,0.0
2025-02-25 05:20:00+00:00,148.0,148.0,147.0,147.5,3090,0.0,0.0
2025-02-26 01:00:00+00:00,144.0,144.0,143.5,143.5,0,0.0,0.0
2025-02-26 01:05:00+00:00,144.0,144.0,142.5,144.0,10217,0.0,0.0
2025-02-26 01:10:00+00:00,144.5,144.5,144.5,144.5,1906,0.0,0.0
2025-02-26 01:15:00+00:00,144.5,144.5,144.5,144.5,1000,0.0,0.0
2025-02-26 01:20:00+00:00,145.0,146.0,145.0,146.0,3005,0.0,0.0
2025-02-26 01:30:00+00:00,146.0,146.0,146.0,146.0,5214,0.0,0.0
2025-02-26 02:10:00+00:00,146.0,146.0,145.5,145.5,2000,0.0,0.0
2025-02-26 02:15:00+00:00,145.5,145.5,145.5,145.5,1000,0.0,0.0
2025-02-26 02:20:00+00:00,145.0,145.0,142.5,142.5,29020,0.0,0.0
2025-02-26 02:25:00+00:00,144.5,144.5,144.5,144.5,1001,0.0,0.0
2025-02-26 02:55:00+00:00,143.0,143.0,143.0,143.0,1000,0.0,0.0
2025-02-26 03:00:00+00:00,144.0,144.0,144.0,144.0,1386,0.0,0.0
2025-02-26 03:05:00+00:00,144.0,144.0,144.0,144.0,1078,0.0,0.0
2025-02-26 03:20:00+00:00,144.0,144.0,144.0,144.0,1000,0.0,0.0
2025-02-26 03:25:00+00:00,143.5,143.5,143.5,143.5,1000,0.0,0.0
2025-02-26 03:35:00+00:00,143.5,143.5,143.5,143.5,1002,0.0,0.0
2025-02-26 03:45:00+00:00,143.0,143.0,143.0,143.0,1000,0.0,0.0
2025-02-26 04:00:00+00:00,143.0,143.0,143.0,143.0,1139,0.0,0.0
2025-02-26 04:30:00+00:00,143.0,143.0,143.0,143.0,1000,0.0,0.0
2025-02-26 04:40:00+00:00,143.0,143.5,143.0,143.5,3000,0.0,0.0
2025-02-26 04:45:00+00:00,143.5,143.5,143.5,143.5,1050,0.0,0.0
2025-02-26 04:50:00+00:00,143.5,143.5,143.5,143.5,2015,0.0,0.0
2025-02-26 05:00:00+00:00,143.0,143.0,143.0,143.0,3000,0.0,0.0
2025-02-26 05:05:00+00:00,143.0,143.0,143.0,143.0,1000,0.0,0.0
2025-02-26 05:15:00+00:00,143.5,146.0,143.5,145.5,11844,0.0,0.0
2025-02-26 05:20:00+00:00,145.0,145.0,145.0,145.0,1050,0.0,0.0
2025-02-27 01:00:00+00:00,146.5,148.5,146.5,148.5,0,0.0,0.0
2025-02-27 01:05:00+00:00,148.0,149.0,148.0,149.0,9420,0.0,0.0
2025-02-27 01:10:00+00:00,148.0,152.0,148.0,151.5,20794,0.0,0.0
2025-02-27 01:15:00+00:00,151.5,152.5,151.0,151.0,22142,0.0,0.0
2025-02-27 01:20:00+00:00,151.5,152.0,151.5,152.0,9100,0.0,0.0
2025-02-27 01:25:00+00:00,152.0,152.5,152.0,152.0,9711,0.0,0.0
2025-02-27 01:30:00+00:00,152.0,152.0,151.5,151.5,8800,0.0,0.0
2025-02-27 01:35:00+00:00,152.0,152.0,152.0,152.0,1000,0.0,0.0
2025-02-27 01:40:00+00:00,152.5,152.5,152.5,152.5,2000,0.0,0.0
2025-02-27 01:45:00+00:00,152.0,152.0,151.5,151.5,3212,0.0,0.0
2025-02-27 01:50:00+00:00,151.5,151.5,151.5,151.5,5001,0.0,0.0
2025-02-27 01:55:00+00:00,150.5,150.5,149.5,150.0,6000,0.0,0.0
2025-02-27 02:00:00+00:00,149.0,149.0,149.0,149.0,1000,0.0,0.0
2025-02-27 02:05:00+00:00,150.0,150.0,150.0,150.0,1000,0.0,0.0
2025-02-27 02:15:00+00:00,149.5,150.5,149.5,150.5,3002,0.0,0.0
2025-02-27 02:20:00+00:00,150.5,150.5,150.5,150.5,1313,0.0,0.0
2025-02-27 03:05:00+00:00,149.0,149.5,149.0,149.5,2068,0.0,0.0
2025-02-27 03:10:00+00:00,149.5,149.5,149.5,149.5,1000,0.0,0.0
2025-02-27 03:15:00+00:00,149.0,149.0,149.0,149.0,1100,0.0,0.0
2025-02-27 03:20:00+00:00,149.0,149.0,149.0,149.0,1050,0.0,0.0
2025-02-27 03:25:00+00:00,149.0,149.0,149.0,149.0,1070,0.0,0.0
2025-02-27 03:50:00+00:00,149.0,149.0,149.0,149.0,1000,0.0,0.0
2025-02-27 03:55:00+00:00,149.0,149.0,149.0,149.0,1018,0.0,0.0
2025-02-27 04:15:00+00:00,148.5,148.5,148.0,148.0,3699,0.0,0.0
2025-02-27 04:45:00+00:00,148.5,149.0,148.5,149.0,3000,0.0,0.0
2025-02-27 04:55:00+00:00,148.0,148.0,148.0,148.0,1602,0.0,0.0
2025-02-27 05:05:00+00:00,148.0,148.0,148.0,148.0,1000,0.0,0.0
2025-02-27 05:15:00+00:00,148.0,148.0,148.0,148.0,3350,0.0,0.0
2025-02-27 05:20:00+00:00,148.5,148.5,148.5,148.5,1234,0.0,0.0
2025-03-03 01:00:00+00:00,148.0,153.0,148.0,153.0,0,0.0,0.0
2025-03-03 01:05:00+00:00,154.0,159.5,154.0,157.5,80892,0.0,0.0
2025-03-03 01:10:00+00:00,157.5,162.5,157.5,162.5,113250,0.0,0.0
2025-03-03 01:15:00+00:00,162.5,162.5,162.5,162.5,20842,0.0,0.0
2025-03-03 01:20:00+00:00,162.5,162.5,162.5,162.5,12380,0.0,0.0
2025-03-03 01:25:00+00:00,162.5,162.5,162.5,162.5,4682,0.0,0.0
2025-03-03 01:30:00+00:00,162.5,162.5,162.5,162.5,5069,0.0,0.0
2025-03-03 01:35:00+00:00,162.5,162.5,162.5,162.5,2665,0.0,0.0
2025-03-03 01:40:00+00:00,162.5,162.5,162.5,162.5,10477,0.0,0.0
2025-03-03 01:55:00+00:00,162.5,162.5,162.5,162.5,1045,0.0,0.0
2025-03-03 02:05:00+00:00,162.5,162.5,162.5,162.5,1699,0.0,0.0
2025-03-03 02:10:00+00:00,162.5,162.5,162.5,162.5,3168,0.0,0.0
2025-03-03 02:25:00+00:00,162.5,162.5,162.5,162.5,1904,0.0,0.0
2025-03-03 02:30:00+00:00,162.5,162.5,162.5,162.5,2664,0.0,0.0
2025-03-03 02:45:00+00:00,162.5,162.5,162.5,162.5,2928,0.0,0.0
2025-03-03 02:55:00+00:00,162.5,162.5,162.5,162.5,1200,0.0,0.0
2025-03-03 03:00:00+00:00,162.5,162.5,162.5,162.5,2022,0.0,0.0
2025-03-03 03:15:00+00:00,162.5,162.5,162.5,162.5,1012,0.0,0.0
2025-03-03 03:35:00+00:00,162.5,162.5,162.5,162.5,1000,0.0,0.0
2025-03-03 03:40:00+00:00,162.5,162.5,162.5,162.5,1750,0.0,0.0
2025-03-03 03:45:00+00:00,162.5,162.5,162.5,162.5,1200,0.0,0.0
2025-03-03 04:05:00+00:00,162.5,162.5,162.5,162.5,1000,0.0,0.0
2025-03-03 04:10:00+00:00,162.5,162.5,162.5,162.5,6068,0.0,0.0
2025-03-03 04:30:00+00:00,162.5,162.5,162.5,162.5,1710,0.0,0.0
2025-03-03 04:40:00+00:00,162.5,162.5,162.5,162.5,3300,0.0,0.0
2025-03-03 04:55:00+00:00,162.5,162.5,162.5,162.5,1000,0.0,0.0
2025-03-04 01:00:00+00:00,172.5,172.5,165.5,168.0,0,0.0,0.0
2025-03-04 01:05:00+00:00,168.5,171.0,165.5,165.5,132000,0.0,0.0
2025-03-04 01:10:00+00:00,166.0,169.0,165.5,169.0,78795,0.0,0.0
2025-03-04 01:15:00+00:00,168.5,173.5,168.5,171.5,134830,0.0,0.0
2025-03-04 01:20:00+00:00,171.5,173.5,171.0,172.5,74663,0.0,0.0
2025-03-04 01:25:00+00:00,172.5,177.5,169.0,176.0,222905,0.0,0.0
2025-03-04 01:30:00+00:00,175.5,175.5,173.0,174.5,33334,0.0,0.0
2025-03-04 01:35:00+00:00,174.0,174.0,172.5,172.5,15174,0.0,0.0
2025-03-04 01:40:00+00:00,172.5,172.5,167.0,168.5,71931,0.0,0.0
2025-03-04 01:45:00+00:00,169.0,170.5,169.0,170.5,15050,0.0,0.0
2025-03-04 01:50:00+00:00,170.5,170.5,169.0,169.0,10076,0.0,0.0
2025-03-04 01:55:00+00:00,169.0,169.0,169.0,169.0,3128,0.0,0.0
2025-03-04 02:00:00+00:00,168.5,169.0,168.5,169.0,12032,0.0,0.0
2025-03-04 02:05:00+00:00,169.0,169.0,169.0,169.0,2046,0.0,0.0
2025-03-04 02:15:00+00:00,169.0,170.5,169.0,170.5,8224,0.0,0.0
2025-03-04 02:20:00+00:00,170.5,170.5,168.5,168.5,25000,0.0,0.0
2025-03-04 02:25:00+00:00,169.0,169.0,169.0,169.0,2000,0.0,0.0
2025-03-04 02:30:00+00:00,169.0,169.0,168.5,168.5,2108,0.0,0.0
2025-03-04 02:35:00+00:00,168.5,169.0,168.5,169.0,3481,0.0,0.0
2025-03-04 02:40:00+00:00,169.0,169.0,169.0,169.0,3604,0.0,0.0
2025-03-04 02:55:00+00:00,170.0,170.5,170.0,170.5,6727,0.0,0.0
2025-03-04 03:00:00+00:00,170.5,170.5,170.5,170.5,3900,0.0,0.0
2025-03-04 03:05:00+00:00,170.0,170.0,170.0,170.0,3000,0.0,0.0
2025-03-04 03:10:00+00:00,169.5,169.5,168.5,168.5,10012,0.0,0.0
2025-03-04 03:25:00+00:00,169.5,169.5,169.5,169.5,2008,0.0,0.0
2025-03-04 03:30:00+00:00,169.0,169.0,169.0,169.0,1000,0.0,0.0
2025-03-04 03:35:00+00:00,169.0,169.5,169.0,169.5,2000,0.0,0.0
2025-03-04 03:40:00+00:00,169.5,169.5,169.5,169.5,3840,0.0,0.0
2025-03-04 03:45:00+00:00,169.5,169.5,169.5,169.5,4004,0.0,0.0
2025-03-04 03:50:00+00:00,169.5,169.5,169.5,169.5,1000,0.0,0.0
2025-03-04 03:55:00+00:00,169.5,169.5,169.5,169.5,1033,0.0,0.0
2025-03-04 04:05:00+00:00,169.5,169.5,169.5,169.5,2687,0.0,0.0
2025-03-04 04:10:00+00:00,170.0,170.5,170.0,170.5,12121,0.0,0.0
2025-03-04 04:15:00+00:00,170.5,170.5,170.5,170.5,9000,0.0,0.0
2025-03-04 04:20:00+00:00,170.5,171.5,170.5,171.5,25040,0.0,0.0
2025-03-04 04:25:00+00:00,171.5,173.0,171.0,173.0,20334,0.0,0.0
2025-03-04 04:30:00+00:00,173.0,173.0,171.5,171.5,9151,0.0,0.0
2025-03-04 04:35:00+00:00,171.0,171.0,171.0,171.0,3000,0.0,0.0
2025-03-04 04:40:00+00:00,170.5,170.5,169.5,169.5,10855,0.0,0.0
2025-03-04 04:45:00+00:00,169.5,169.5,169.5,169.5,1005,0.0,0.0
2025-03-04 04:50:00+00:00,170.0,170.5,169.5,169.5,6000,0.0,0.0
2025-03-04 04:55:00+00:00,170.0,170.0,170.0,170.0,1048,0.0,0.0
2025-03-04 05:00:00+00:00,169.5,169.5,169.0,169.0,12372,0.0,0.0
2025-03-04 05:05:00+00:00,169.0,169.5,169.0,169.5,2200,0.0,0.0
2025-03-04 05:10:00+00:00,169.0,170.0,169.0,170.0,18249,0.0,0.0
2025-03-04 05:15:00+00:00,170.0,170.0,166.0,166.0,47506,0.0,0.0
2025-03-04 05:20:00+00:00,166.5,169.5,166.5,168.0,9011,0.0,0.0
2025-03-05 01:00:00+00:00,169.5,171.5,166.0,171.5,0,0.0,0.0
2025-03-05 01:05:00+00:00,172.0,172.0,171.0,171.5,28605,0.0,0.0
2025-03-05 01:10:00+00:00,171.0,171.5,170.0,170.0,7120,0.0,0.0
2025-03-05 01:15:00+00:00,171.0,172.5,171.0,171.0,21228,0.0,0.0
2025-03-05 01:30:00+00:00,169.5,169.5,169.5,169.5,1060,0.0,0.0
2025-03-05 01:35:00+00:00,168.5,168.5,167.5,167.5,11090,0.0,0.0
2025-03-05 01:40:00+00:00,167.5,168.5,167.5,168.0,8188,0.0,0.0
2025-03-05 01:45:00+00:00,167.5,167.5,167.5,167.5,2000,0.0,0.0
2025-03-05 01:50:00+00:00,167.5,167.5,165.5,166.0,14250,0.0,0.0
2025-03-05 01:55:00+00:00,165.5,167.0,165.5,167.0,4422,0.0,0.0
2025-03-05 02:10:00+00:00,165.5,165.5,165.5,165.5,1000,0.0,0.0
2025-03-05 02:15:00+00:00,165.5,165.5,165.5,165.5,3300,0.0,0.0
2025-03-05 02:20:00+00:00,165.0,165.0,165.0,165.0,1000,0.0,0.0
2025-03-05 02:25:00+00:00,165.0,165.0,162.0,163.0,30115,0.0,0.0
2025-03-05 02:30:00+00:00,162.0,163.0,162.0,163.0,26780,0.0,0.0
2025-03-05 02:35:00+00:00,163.0,163.0,163.0,163.0,1000,0.0,0.0
2025-03-05 02:40:00+00:00,164.0,166.5,164.0,166.5,15528,0.0,0.0
2025-03-05 02:45:00+00:00,166.5,169.0,166.5,169.0,35000,0.0,0.0
2025-03-05 02:50:00+00:00,168.5,169.0,168.5,168.5,4305,0.0,0.0
2025-03-05 02:55:00+00:00,168.0,168.0,167.5,167.5,3057,0.0,0.0
2025-03-05 03:00:00+00:00,167.0,167.0,167.0,167.0,1000,0.0,0.0
2025-03-05 03:05:00+00:00,167.0,167.0,166.5,166.5,5002,0.0,0.0
2025-03-05 03:10:00+00:00,168.0,168.0,168.0,168.0,1000,0.0,0.0
2025-03-05 03:25:00+00:00,167.5,167.5,167.5,167.5,1000,0.0,0.0
2025-03-05 03:35:00+00:00,167.0,167.0,167.0,167.0,1200,0.0,0.0
2025-03-05 03:40:00+00:00,166.5,166.5,166.5,166.5,2102,0.0,0.0
2025-03-05 03:50:00+00:00,166.5,167.0,166.5,167.0,3010,0.0,0.0
2025-03-05 04:00:00+00:00,166.5,166.5,166.5,166.5,1509,0.0,0.0
2025-03-05 04:20:00+00:00,166.5,166.5,165.5,165.5,11070,0.0,0.0
2025-03-05 04:25:00+00:00,165.0,165.0,165.0,165.0,1000,0.0,0.0
2025-03-05 04:30:00+00:00,165.0,165.5,165.0,165.5,8000,0.0,0.0
2025-03-05 04:35:00+00:00,164.5,164.5,164.5,164.5,1105,0.0,0.0
2025-03-05 04:45:00+00:00,166.0,166.0,166.0,166.0,6281,0.0,0.0
2025-03-05 05:00:00+00:00,165.0,165.0,163.5,164.0,17181,0.0,0.0
2025-03-05 05:20:00+00:00,165.0,167.0,165.0,167.0,8827,0.0,0.0
2025-03-06 01:00:00+00:00,166.5,166.5,164.5,166.0,0,0.0,0.0
2025-03-06 01:05:00+00:00,166.0,166.0,166.0,166.0,6327,0.0,0.0
2025-03-06 01:10:00+00:00,166.5,166.5,166.5,166.5,10100,0.0,0.0
2025-03-06 01:15:00+00:00,166.5,166.5,166.5,166.5,2000,0.0,0.0
2025-03-06 01:20:00+00:00,166.0,166.0,165.5,165.5,6241,0.0,0.0
2025-03-06 01:25:00+00:00,166.0,166.0,166.0,166.0,2001,0.0,0.0
2025-03-06 01:30:00+00:00,166.5,166.5,166.5,166.5,2000,0.0,0.0
2025-03-06 01:35:00+00:00,166.0,166.0,166.0,166.0,2000,0.0,0.0
2025-03-06 01:45:00+00:00,166.0,166.0,165.5,165.5,4000,0.0,0.0
2025-03-06 01:50:00+00:00,166.0,166.0,166.0,166.0,2000,0.0,0.0
2025-03-06 01:55:00+00:00,166.0,166.0,166.0,166.0,7000,0.0,0.0
2025-03-06 02:05:00+00:00,165.5,165.5,164.0,164.0,10184,0.0,0.0
2025-03-06 02:10:00+00:00,164.0,164.5,164.0,164.5,4045,0.0,0.0
2025-03-06 02:15:00+00:00,165.0,165.0,165.0,165.0,4300,0.0,0.0
2025-03-06 02:30:00+00:00,164.0,164.0,163.0,163.0,10017,0.0,0.0
2025-03-06 02:35:00+00:00,164.0,164.0,164.0,164.0,1529,0.0,0.0
2025-03-06 03:00:00+00:00,164.0,164.0,164.0,164.0,1000,0.0,0.0
2025-03-06 03:05:00+00:00,164.0,164.0,164.0,164.0,6000,0.0,0.0
2025-03-06 03:10:00+00:00,164.0,164.0,163.0,163.0,3434,0.0,0.0
2025-03-06 03:30:00+00:00,163.0,163.5,163.0,163.5,4333,0.0,0.0
2025-03-06 03:35:00+00:00,164.0,164.0,164.0,164.0,14000,0.0,0.0
2025-03-06 03:40:00+00:00,164.0,164.0,164.0,164.0,2050,0.0,0.0
2025-03-06 03:50:00+00:00,164.5,164.5,164.5,164.5,3000,0.0,0.0
2025-03-06 04:00:00+00:00,165.0,165.0,164.5,164.5,2000,0.0,0.0
2025-03-06 04:05:00+00:00,165.0,166.5,165.0,166.5,17230,0.0,0.0
2025-03-06 04:10:00+00:00,166.0,166.0,166.0,166.0,14183,0.0,0.0
2025-03-06 04:15:00+00:00,166.0,166.0,165.0,165.0,4134,0.0,0.0
2025-03-06 04:20:00+00:00,164.5,164.5,164.0,164.0,2000,0.0,0.0
2025-03-06 04:25:00+00:00,164.0,164.0,163.5,163.5,2024,0.0,0.0
2025-03-06 04:30:00+00:00,163.5,163.5,163.5,163.5,2000,0.0,0.0
2025-03-06 04:35:00+00:00,165.0,165.0,165.0,165.0,2000,0.0,0.0
2025-03-06 04:40:00+00:00,165.0,165.0,165.0,165.0,1017,0.0,0.0
2025-03-06 04:45:00+00:00,165.5,166.0,165.5,165.5,4619,0.0,0.0
2025-03-06 04:55:00+00:00,166.0,166.0,166.0,166.0,1292,0.0,0.0
2025-03-06 05:00:00+00:00,166.0,166.0,166.0,166.0,4000,0.0,0.0
2025-03-06 05:05:00+00:00,166.0,166.0,165.5,165.5,3000,0.0,0.0
2025-03-06 05:10:00+00:00,165.0,165.0,165.0,165.0,2000,0.0,0.0
2025-03-06 05:15:00+00:00,165.0,166.0,165.0,166.0,3000,0.0,0.0
2025-03-06 05:20:00+00:00,166.0,167.0,166.0,167.0,51316,0.0,0.0
2025-03-07 01:00:00+00:00,168.0,169.0,166.0,167.5,0,0.0,0.0
2025-03-07 01:05:00+00:00,167.0,167.0,167.0,167.0,5670,0.0,0.0
2025-03-07 01:10:00+00:00,166.5,166.5,166.0,166.0,2020,0.0,0.0
2025-03-07 01:15:00+00:00,165.5,165.5,165.5,165.5,1123,0.0,0.0
2025-03-07 01:35:00+00:00,165.5,165.5,165.5,165.5,2438,0.0,0.0
2025-03-07 01:40:00+00:00,166.0,166.0,166.0,166.0,2118,0.0,0.0
2025-03-07 01:45:00+00:00,165.5,165.5,165.5,165.5,1000,0.0,0.0
2025-03-07 01:50:00+00:00,165.5,166.5,165.5,166.5,2005,0.0,0.0
2025-03-07 02:05:00+00:00,167.0,167.0,167.0,167.0,2046,0.0,0.0
2025-03-07 02:10:00+00:00,167.5,167.5,167.5,167.5,1000,0.0,0.0
2025-03-07 02:15:00+00:00,167.5,168.5,167.5,168.0,4080,0.0,0.0
2025-03-07 02:25:00+00:00,168.5,169.0,168.0,169.0,4227,0.0,0.0
2025-03-07 02:30:00+00:00,168.5,168.5,168.5,168.5,1000,0.0,0.0
2025-03-07 02:35:00+00:00,168.5,168.5,168.0,168.0,4000,0.0,0.0
2025-03-07 02:40:00+00:00,168.5,169.0,168.5,169.0,2350,0.0,0.0
2025-03-07 03:00:00+00:00,167.5,167.5,167.5,167.5,3000,0.0,0.0
2025-03-07 03:05:00+00:00,167.0,167.0,167.0,167.0,4200,0.0,0.0
2025-03-07 03:30:00+00:00,167.5,167.5,167.5,167.5,1250,0.0,0.0
2025-03-07 03:45:00+00:00,167.5,167.5,167.5,167.5,1000,0.0,0.0
2025-03-07 04:05:00+00:00,167.0,167.0,167.0,167.0,1003,0.0,0.0
2025-03-07 04:35:00+00:00,166.5,166.5,166.5,166.5,2000,0.0,0.0
2025-03-07 04:45:00+00:00,166.0,166.0,166.0,166.0,2024,0.0,0.0
2025-03-07 04:55:00+00:00,166.5,166.5,166.5,166.5,1105,0.0,0.0
2025-03-07 05:05:00+00:00,166.0,166.0,166.0,166.0,1000,0.0,0.0
2025-03-07 05:10:00+00:00,166.0,166.0,166.0,166.0,2000,0.0,0.0
2025-03-07 05:15:00+00:00,165.5,165.5,165.5,165.5,3015,0.0,0.0
2025-03-07 05:20:00+00:00,166.0,166.0,166.0,166.0,1070,0.0,0.0
2025-03-10 01:00:00+00:00,167.5,167.5,166.0,166.0,0,0.0,0.0
2025-03-10 01:05:00+00:00,165.5,165.5,165.5,165.5,6464,0.0,0.0
2025-03-10 01:15:00+00:00,165.5,165.5,165.0,165.0,3000,0.0,0.0
2025-03-10 01:20:00+00:00,164.5,164.5,163.5,163.5,7001,0.0,0.0
2025-03-10 01:25:00+00:00,163.5,165.0,163.5,165.0,5006,0.0,0.0
2025-03-10 01:35:00+00:00,164.0,164.0,164.0,164.0,1000,0.0,0.0
2025-03-10 01:40:00+00:00,164.0,165.0,164.0,165.0,5005,0.0,0.0
2025-03-10 01:55:00+00:00,165.0,165.0,165.0,165.0,3006,0.0,0.0
2025-03-10 02:10:00+00:00,165.5,165.5,165.5,165.5,1005,0.0,0.0
2025-03-10 02:20:00+00:00,165.5,165.5,165.5,165.5,1985,0.0,0.0
2025-03-10 02:30:00+00:00,166.0,166.0,166.0,166.0,3005,0.0,0.0
2025-03-10 02:35:00+00:00,165.0,165.0,164.0,164.0,2000,0.0,0.0
2025-03-10 02:45:00+00:00,164.5,164.5,164.0,164.0,9100,0.0,0.0
2025-03-10 03:20:00+00:00,164.5,164.5,164.5,164.5,7068,0.0,0.0
2025-03-10 03:25:00+00:00,165.0,166.0,165.0,166.0,12164,0.0,0.0
2025-03-10 03:30:00+00:00,166.5,166.5,165.0,165.0,7000,0.0,0.0
2025-03-10 03:35:00+00:00,165.0,165.0,165.0,165.0,1889,0.0,0.0
2025-03-10 04:10:00+00:00,165.0,165.0,165.0,165.0,1000,0.0,0.0
2025-03-10 04:20:00+00:00,165.0,165.0,165.0,165.0,2000,0.0,0.0
2025-03-10 04:25:00+00:00,165.0,165.0,165.0,165.0,1003,0.0,0.0
2025-03-10 04:40:00+00:00,164.5,164.5,164.0,164.0,4052,0.0,0.0
2025-03-10 04:45:00+00:00,163.5,163.5,163.0,163.0,3006,0.0,0.0
2025-03-10 04:50:00+00:00,163.0,163.5,163.0,163.5,7000,0.0,0.0
2025-03-10 04:55:00+00:00,163.0,163.0,163.0,163.0,1126,0.0,0.0
2025-03-10 05:00:00+00:00,163.0,163.0,163.0,163.0,1161,0.0,0.0
2025-03-10 05:05:00+00:00,164.5,164.5,163.0,163.0,2266,0.0,0.0
2025-03-10 05:10:00+00:00,163.0,163.0,162.0,162.0,4000,0.0,0.0
2025-03-10 05:15:00+00:00,164.0,164.5,164.0,164.5,4187,0.0,0.0
2025-03-10 05:20:00+00:00,164.5,164.5,163.5,163.5,13189,0.0,0.0
2025-03-11 01:00:00+00:00,163.0,163.0,157.5,158.5,0,0.0,0.0
2025-03-11 01:05:00+00:00,158.5,159.0,158.5,159.0,8282,0.0,0.0
2025-03-11 01:10:00+00:00,158.5,158.5,158.0,158.0,16124,0.0,0.0
2025-03-11 01:15:00+00:00,158.0,160.0,158.0,160.0,6008,0.0,0.0
2025-03-11 01:20:00+00:00,161.0,161.5,161.0,161.0,5000,0.0,0.0
2025-03-11 01:25:00+00:00,160.5,160.5,160.5,160.5,1000,0.0,0.0
2025-03-11 01:30:00+00:00,160.0,160.0,160.0,160.0,1000,0.0,0.0
2025-03-11 01:35:00+00:00,161.5,162.0,161.5,162.0,2000,0.0,0.0
2025-03-11 01:40:00+00:00,162.5,163.0,162.5,163.0,2132,0.0,0.0
2025-03-11 01:45:00+00:00,162.5,163.0,162.5,163.0,3005,0.0,0.0
2025-03-11 01:50:00+00:00,163.0,163.5,163.0,163.5,7094,0.0,0.0
2025-03-11 01:55:00+00:00,163.5,163.5,162.5,162.5,3003,0.0,0.0
2025-03-11 02:05:00+00:00,162.5,163.5,162.5,163.5,5234,0.0,0.0
2025-03-11 02:30:00+00:00,163.5,163.5,163.5,163.5,1009,0.0,0.0
2025-03-11 02:45:00+00:00,162.0,162.0,162.0,162.0,2122,0.0,0.0
2025-03-11 03:15:00+00:00,162.0,162.0,162.0,162.0,2000,0.0,0.0
2025-03-11 03:20:00+00:00,163.5,163.5,163.5,163.5,3000,0.0,0.0
2025-03-11 03:35:00+00:00,162.5,162.5,159.5,159.5,30244,0.0,0.0
2025-03-11 03:40:00+00:00,160.5,160.5,160.5,160.5,1011,0.0,0.0
2025-03-11 04:00:00+00:00,162.0,162.0,161.0,161.0,2087,0.0,0.0
2025-03-11 04:15:00+00:00,161.0,161.0,161.0,161.0,1000,0.0,0.0
2025-03-11 04:20:00+00:00,161.0,161.0,160.5,161.0,4322,0.0,0.0
2025-03-11 04:25:00+00:00,161.0,161.0,160.5,160.5,3000,0.0,0.0
2025-03-11 04:30:00+00:00,162.5,163.5,162.5,163.5,14012,0.0,0.0
2025-03-11 04:35:00+00:00,163.5,163.5,163.5,163.5,2010,0.0,0.0
2025-03-11 04:40:00+00:00,164.0,164.5,164.0,164.0,3083,0.0,0.0
2025-03-11 04:50:00+00:00,164.0,164.0,164.0,164.0,1000,0.0,0.0
2025-03-11 04:55:00+00:00,164.0,165.5,164.0,165.5,12043,0.0,0.0
2025-03-11 05:00:00+00:00,165.5,165.5,165.5,165.5,2040,0.0,0.0
2025-03-11 05:10:00+00:00,163.5,164.5,163.5,164.5,3056,0.0,0.0
2025-03-11 05:15:00+00:00,164.5,164.5,164.5,164.5,1007,0.0,0.0
2025-03-11 05:20:00+00:00,163.5,163.5,163.5,163.5,1068,0.0,0.0
2025-03-12 01:00:00+00:00,163.0,165.5,163.0,165.0,0,0.0,0.0
2025-03-12 01:05:00+00:00,165.0,165.0,163.5,163.5,2761,0.0,0.0
2025-03-12 01:15:00+00:00,163.0,163.0,163.0,163.0,4000,0.0,0.0
2025-03-12 01:20:00+00:00,163.0,163.0,163.0,163.0,1000,0.0,0.0
2025-03-12 01:25:00+00:00,162.5,162.5,162.5,162.5,1100,0.0,0.0
2025-03-12 02:15:00+00:00,163.0,163.0,163.0,163.0,1000,0.0,0.0
2025-03-12 03:20:00+00:00,162.0,162.0,162.0,162.0,2005,0.0,0.0
2025-03-12 03:30:00+00:00,162.0,162.0,162.0,162.0,1083,0.0,0.0
2025-03-12 04:00:00+00:00,162.0,162.0,162.0,162.0,2000,0.0,0.0
2025-03-12 04:05:00+00:00,162.0,162.0,162.0,162.0,5000,0.0,0.0
2025-03-12 04:10:00+00:00,162.0,162.0,161.5,161.5,3010,0.0,0.0
2025-03-12 04:25:00+00:00,161.5,161.5,161.5,161.5,4000,0.0,0.0
2025-03-12 04:40:00+00:00,162.0,162.0,162.0,162.0,3000,0.0,0.0
2025-03-12 04:45:00+00:00,161.5,161.5,161.5,161.5,4077,0.0,0.0
2025-03-12 04:50:00+00:00,161.0,161.0,160.5,160.5,5174,0.0,0.0
2025-03-12 04:55:00+00:00,160.0,160.0,160.0,160.0,1001,0.0,0.0
2025-03-12 05:00:00+00:00,160.0,160.0,160.0,160.0,4000,0.0,0.0
2025-03-12 05:05:00+00:00,160.0,160.5,154.5,156.5,56653,0.0,0.0
2025-03-12 05:10:00+00:00,156.5,156.5,153.5,154.0,9212,0.0,0.0
2025-03-12 05:15:00+00:00,153.5,155.0,153.0,153.0,8196,0.0,0.0
2025-03-12 05:20:00+00:00,152.0,152.0,152.0,152.0,1217,0.0,0.0
2025-03-13 01:00:00+00:00,152.0,154.5,152.0,153.0,0,0.0,0.0
2025-03-13 01:05:00+00:00,153.5,154.5,153.5,154.0,12000,0.0,0.0
2025-03-13 01:10:00+00:00,154.5,155.0,154.5,155.0,19000,0.0,0.0
2025-03-13 01:15:00+00:00,155.5,158.5,155.5,157.5,25020,0.0,0.0
2025-03-13 01:20:00+00:00,157.5,157.5,157.5,157.5,1000,0.0,0.0
2025-03-13 01:30:00+00:00,156.5,157.5,156.5,157.5,3000,0.0,0.0
2025-03-13 01:40:00+00:00,158.0,158.0,157.5,157.5,6040,0.0,0.0
2025-03-13 01:45:00+00:00,158.5,160.5,158.5,159.5,18237,0.0,0.0
2025-03-13 01:50:00+00:00,160.0,162.0,160.0,161.0,11251,0.0,0.0
2025-03-13 02:00:00+00:00,161.0,161.0,161.0,161.0,7058,0.0,0.0
2025-03-13 02:10:00+00:00,161.0,162.0,160.0,160.0,9000,0.0,0.0
2025-03-13 02:15:00+00:00,160.0,160.0,159.5,159.5,3000,0.0,0.0
2025-03-13 02:20:00+00:00,160.0,160.0,160.0,160.0,1000,0.0,0.0
2025-03-13 02:25:00+00:00,159.5,159.5,159.5,159.5,1000,0.0,0.0
2025-03-13 02:30:00+00:00,159.0,159.0,158.5,158.5,7240,0.0,0.0
2025-03-13 02:45:00+00:00,158.5,158.5,158.5,158.5,2000,0.0,0.0
2025-03-13 02:50:00+00:00,158.5,160.5,158.5,160.5,16321,0.0,0.0
2025-03-13 02:55:00+00:00,161.0,161.0,160.5,160.5,5000,0.0,0.0
2025-03-13 03:00:00+00:00,159.5,159.5,158.5,158.5,13100,0.0,0.0
2025-03-13 03:05:00+00:00,158.5,158.5,158.5,158.5,1290,0.0,0.0
2025-03-13 03:30:00+00:00,158.5,158.5,158.5,158.5,1000,0.0,0.0
2025-03-13 03:35:00+00:00,158.0,158.0,158.0,158.0,1000,0.0,0.0
2025-03-13 03:40:00+00:00,158.0,158.0,158.0,158.0,1200,0.0,0.0
2025-03-13 03:50:00+00:00,158.0,158.0,158.0,158.0,1000,0.0,0.0
2025-03-13 04:20:00+00:00,158.5,158.5,158.5,158.5,1001,0.0,0.0
2025-03-13 04:25:00+00:00,158.5,160.0,158.5,160.0,3020,0.0,0.0
2025-03-13 04:30:00+00:00,159.5,159.5,159.5,159.5,2048,0.0,0.0
2025-03-13 04:35:00+00:00,160.0,160.0,160.0,160.0,2050,0.0,0.0
2025-03-13 04:45:00+00:00,160.0,160.0,160.0,160.0,2000,0.0,0.0
2025-03-13 04:50:00+00:00,160.0,160.0,160.0,160.0,1452,0.0,0.0
2025-03-13 05:00:00+00:00,160.5,160.5,160.5,160.5,1707,0.0,0.0
2025-03-13 05:10:00+00:00,160.5,160.5,160.5,160.5,1000,0.0,0.0
2025-03-13 05:15:00+00:00,160.0,160.0,160.0,160.0,4025,0.0,0.0
2025-03-13 05:20:00+00:00,158.0,159.5,158.0,158.0,6005,0.0,0.0
2025-03-14 01:00:00+00:00,161.5,167.0,160.5,167.0,0,0.0,0.0
2025-03-14 01:05:00+00:00,168.0,170.5,167.5,169.0,68059,0.0,0.0
2025-03-14 01:10:00+00:00,169.0,169.0,168.5,168.5,10081,0.0,0.0
2025-03-14 01:15:00+00:00,168.0,168.5,167.0,168.5,17001,0.0,0.0
2025-03-14 01:20:00+00:00,167.5,167.5,166.0,166.0,11000,0.0,0.0
2025-03-14 01:25:00+00:00,166.0,166.0,166.0,166.0,6005,0.0,0.0
2025-03-14 01:30:00+00:00,165.0,165.0,165.0,165.0,3000,0.0,0.0
2025-03-14 01:35:00+00:00,165.5,167.5,165.5,167.5,11000,0.0,0.0
2025-03-14 01:40:00+00:00,168.0,168.5,168.0,168.0,13270,0.0,0.0
2025-03-14 01:50:00+00:00,167.5,167.5,167.0,167.0,4002,0.0,0.0
2025-03-14 01:55:00+00:00,167.5,168.0,167.0,168.0,4000,0.0,0.0
2025-03-14 02:00:00+00:00,168.0,168.0,168.0,168.0,3027,0.0,0.0
2025-03-14 02:05:00+00:00,167.0,167.0,164.0,164.0,15000,0.0,0.0
2025-03-14 02:10:00+00:00,164.0,164.0,164.0,164.0,1100,0.0,0.0
2025-03-14 02:15:00+00:00,165.0,165.5,165.0,165.5,2000,0.0,0.0
2025-03-14 02:30:00+00:00,165.0,165.0,165.0,165.0,1000,0.0,0.0
2025-03-14 02:40:00+00:00,165.0,165.0,165.0,165.0,1000,0.0,0.0
2025-03-14 02:45:00+00:00,165.0,165.0,165.0,165.0,1299,0.0,0.0
2025-03-14 03:10:00+00:00,165.0,165.0,165.0,165.0,1000,0.0,0.0
2025-03-14 03:20:00+00:00,165.5,165.5,165.5,165.5,1000,0.0,0.0
2025-03-14 03:25:00+00:00,165.5,166.0,165.5,166.0,2603,0.0,0.0
2025-03-14 03:40:00+00:00,166.0,166.0,166.0,166.0,2000,0.0,0.0
2025-03-14 03:50:00+00:00,166.0,166.0,166.0,166.0,2350,0.0,0.0
2025-03-14 04:00:00+00:00,166.0,166.5,166.0,166.5,4000,0.0,0.0
2025-03-14 04:05:00+00:00,166.0,166.0,166.0,166.0,1102,0.0,0.0
2025-03-14 04:20:00+00:00,166.0,166.0,166.0,166.0,2000,0.0,0.0
2025-03-14 04:25:00+00:00,165.5,165.5,165.5,165.5,2400,0.0,0.0
2025-03-14 04:35:00+00:00,165.0,165.0,165.0,165.0,1000,0.0,0.0
2025-03-14 04:40:00+00:00,165.0,165.0,164.5,165.0,6000,0.0,0.0
2025-03-14 04:45:00+00:00,165.5,166.0,165.5,166.0,4230,0.0,0.0
2025-03-14 04:55:00+00:00,165.5,166.0,165.5,166.0,6040,0.0,0.0
2025-03-14 05:00:00+00:00,166.0,166.0,165.5,165.5,3076,0.0,0.0
2025-03-14 05:05:00+00:00,165.0,165.5,165.0,165.5,4080,0.0,0.0
2025-03-14 05:10:00+00:00,165.0,165.0,164.0,164.0,13338,0.0,0.0
2025-03-14 05:15:00+00:00,164.0,164.0,163.0,163.5,18202,0.0,0.0
2025-03-14 05:20:00+00:00,163.5,165.0,163.5,165.0,5053,0.0,0.0
2025-03-17 01:00:00+00:00,166.5,167.5,166.5,167.0,0,0.0,0.0
2025-03-17 01:05:00+00:00,166.5,166.5,166.5,166.5,3600,0.0,0.0
2025-03-17 01:10:00+00:00,166.5,166.5,166.5,166.5,1000,0.0,0.0
2025-03-17 01:15:00+00:00,166.0,166.0,165.5,165.5,9050,0.0,0.0
2025-03-17 01:20:00+00:00,165.5,166.5,165.5,166.5,5015,0.0,0.0
2025-03-17 01:25:00+00:00,167.0,169.0,167.0,169.0,22005,0.0,0.0
2025-03-17 01:30:00+00:00,168.0,168.0,167.0,168.0,7058,0.0,0.0
2025-03-17 01:35:00+00:00,168.0,168.0,168.0,168.0,1200,0.0,0.0
2025-03-17 01:40:00+00:00,167.5,168.0,167.5,168.0,4000,0.0,0.0
2025-03-17 01:45:00+00:00,168.5,168.5,168.0,168.0,5000,0.0,0.0
2025-03-17 01:50:00+00:00,167.5,168.5,167.5,168.0,8000,0.0,0.0
2025-03-17 01:55:00+00:00,168.5,169.5,168.5,169.5,39710,0.0,0.0
2025-03-17 02:00:00+00:00,169.5,169.5,169.5,169.5,11000,0.0,0.0
2025-03-17 02:05:00+00:00,169.5,170.0,169.5,170.0,14010,0.0,0.0
2025-03-17 02:10:00+00:00,170.0,170.0,169.5,169.5,6000,0.0,0.0
2025-03-17 02:15:00+00:00,169.0,169.5,169.0,169.0,4000,0.0,0.0
2025-03-17 02:20:00+00:00,169.5,170.0,169.5,170.0,7050,0.0,0.0
2025-03-17 02:25:00+00:00,170.0,170.0,169.5,169.5,2000,0.0,0.0
2025-03-17 02:30:00+00:00,170.0,170.0,170.0,170.0,7005,0.0,0.0
2025-03-17 02:35:00+00:00,170.0,170.0,169.5,170.0,6020,0.0,0.0
2025-03-17 02:40:00+00:00,170.0,170.0,170.0,170.0,1000,0.0,0.0
2025-03-17 02:45:00+00:00,170.0,170.0,170.0,170.0,2337,0.0,0.0
2025-03-17 02:50:00+00:00,170.0,170.0,170.0,170.0,1058,0.0,0.0
2025-03-17 02:55:00+00:00,170.0,170.0,170.0,170.0,1029,0.0,0.0
2025-03-17 03:00:00+00:00,170.0,170.0,169.5,169.5,6000,0.0,0.0
2025-03-17 03:05:00+00:00,169.5,169.5,169.0,169.0,8000,0.0,0.0
2025-03-17 03:10:00+00:00,169.5,169.5,169.5,169.5,2000,0.0,0.0
2025-03-17 03:15:00+00:00,169.5,169.5,169.5,169.5,0,0.0,0.0
2025-03-17 03:20:00+00:00,169.5,170.5,169.0,170.5,251247,0.0,0.0
2025-03-17 03:25:00+00:00,171.0,171.0,170.5,171.0,6375,0.0,0.0
2025-03-17 03:30:00+00:00,171.0,171.0,170.5,171.0,8000,0.0,0.0
2025-03-17 03:35:00+00:00,171.0,171.5,171.0,171.5,3247,0.0,0.0
2025-03-17 03:40:00+00:00,171.5,172.0,171.5,172.0,14304,0.0,0.0
2025-03-17 03:45:00+00:00,172.0,172.0,171.5,171.5,8300,0.0,0.0
2025-03-17 03:50:00+00:00,171.5,171.5,171.5,171.5,6008,0.0,0.0
2025-03-17 03:55:00+00:00,171.5,172.0,171.5,172.0,3100,0.0,0.0
2025-03-17 04:00:00+00:00,172.0,172.0,172.0,172.0,2010,0.0,0.0
2025-03-17 04:05:00+00:00,172.0,172.0,172.0,172.0,2205,0.0,0.0
2025-03-17 04:10:00+00:00,171.5,171.5,171.0,171.0,3050,0.0,0.0
2025-03-17 04:15:00+00:00,171.0,171.0,171.0,171.0,2012,0.0,0.0
2025-03-17 04:20:00+00:00,170.5,171.5,170.0,171.5,5000,0.0,0.0
2025-03-17 04:25:00+00:00,171.5,171.5,171.5,171.5,1151,0.0,0.0
2025-03-17 04:30:00+00:00,171.5,171.5,171.5,171.5,2000,0.0,0.0
2025-03-17 04:35:00+00:00,171.5,171.5,171.5,171.5,6422,0.0,0.0
2025-03-17 04:40:00+00:00,171.5,171.5,171.5,171.5,2000,0.0,0.0
2025-03-17 04:45:00+00:00,171.5,171.5,171.5,171.5,2000,0.0,0.0
2025-03-17 04:50:00+00:00,171.5,171.5,171.5,171.5,1000,0.0,0.0
2025-03-17 04:55:00+00:00,171.5,171.5,171.0,171.5,6612,0.0,0.0
2025-03-17 05:00:00+00:00,171.0,171.5,171.0,171.5,7300,0.0,0.0
2025-03-17 05:05:00+00:00,171.5,171.5,171.5,171.5,1350,0.0,0.0
2025-03-17 05:10:00+00:00,171.5,171.5,171.0,171.0,3000,0.0,0.0
2025-03-17 05:15:00+00:00,170.5,171.0,170.5,171.0,8000,0.0,0.0
2025-03-17 05:20:00+00:00,171.0,171.0,170.5,170.5,8116,0.0,0.0
2025-03-18 01:00:00+00:00,170.0,172.0,170.0,171.0,0,0.0,0.0
2025-03-18 01:05:00+00:00,171.0,171.0,171.0,171.0,2107,0.0,0.0
2025-03-18 01:10:00+00:00,172.0,174.0,172.0,173.5,18900,0.0,0.0
2025-03-18 01:15:00+00:00,173.5,175.5,173.5,175.5,27119,0.0,0.0
2025-03-18 01:20:00+00:00,175.0,175.0,174.0,174.0,30055,0.0,0.0
2025-03-18 01:25:00+00:00,174.0,174.0,174.0,174.0,1104,0.0,0.0
2025-03-18 01:30:00+00:00,173.5,173.5,172.5,172.5,7856,0.0,0.0
2025-03-18 01:35:00+00:00,172.5,172.5,172.0,172.0,5002,0.0,0.0
2025-03-18 01:40:00+00:00,171.5,171.5,171.5,171.5,1106,0.0,0.0
2025-03-18 01:45:00+00:00,171.0,171.0,171.0,171.0,1692,0.0,0.0
2025-03-18 01:55:00+00:00,170.5,170.5,170.5,170.5,6000,0.0,0.0
2025-03-18 02:00:00+00:00,170.0,170.0,169.0,169.0,17563,0.0,0.0
2025-03-18 02:05:00+00:00,169.0,169.5,168.5,169.5,5277,0.0,0.0
2025-03-18 02:10:00+00:00,170.0,170.0,170.0,170.0,1040,0.0,0.0
2025-03-18 02:15:00+00:00,170.5,170.5,170.5,170.5,1000,0.0,0.0
2025-03-18 02:20:00+00:00,169.5,169.5,169.5,169.5,1000,0.0,0.0
2025-03-18 02:25:00+00:00,169.5,169.5,169.5,169.5,3023,0.0,0.0
2025-03-18 02:35:00+00:00,169.0,169.0,168.5,168.5,3300,0.0,0.0
2025-03-18 02:55:00+00:00,169.0,169.0,169.0,169.0,1003,0.0,0.0
2025-03-18 03:00:00+00:00,169.0,169.0,169.0,169.0,1000,0.0,0.0
2025-03-18 03:10:00+00:00,170.0,170.0,170.0,170.0,1000,0.0,0.0
2025-03-18 03:15:00+00:00,169.0,169.0,169.0,169.0,1129,0.0,0.0
2025-03-18 03:20:00+00:00,169.0,169.0,169.0,169.0,1000,0.0,0.0
2025-03-18 03:30:00+00:00,168.5,168.5,168.5,168.5,4277,0.0,0.0
2025-03-18 04:00:00+00:00,168.5,168.5,168.5,168.5,2000,0.0,0.0
2025-03-18 04:10:00+00:00,169.0,169.0,169.0,169.0,1000,0.0,0.0
2025-03-18 04:15:00+00:00,168.5,169.0,168.0,169.0,8000,0.0,0.0
2025-03-18 04:20:00+00:00,169.0,169.0,168.5,169.0,3000,0.0,0.0
2025-03-18 04:25:00+00:00,169.5,169.5,169.5,169.5,1000,0.0,0.0
2025-03-18 04:30:00+00:00,169.5,169.5,169.5,169.5,1000,0.0,0.0
2025-03-18 04:40:00+00:00,169.0,169.0,169.0,169.0,4000,0.0,0.0
2025-03-18 04:55:00+00:00,169.0,169.0,169.0,169.0,4487,0.0,0.0
2025-03-18 05:10:00+00:00,168.5,168.5,168.5,168.5,6300,0.0,0.0
2025-03-18 05:20:00+00:00,168.5,169.5,168.5,169.5,6173,0.0,0.0
2025-03-19 01:00:00+00:00,173.5,173.5,172.5,173.0,0,0.0,0.0
2025-03-19 01:05:00+00:00,171.5,171.5,171.5,171.5,3003,0.0,0.0
2025-03-19 01:10:00+00:00,171.5,171.5,168.5,168.5,13001,0.0,0.0
2025-03-19 01:15:00+00:00,171.5,171.5,171.0,171.0,3099,0.0,0.0
2025-03-19 01:20:00+00:00,172.0,172.0,172.0,172.0,1000,0.0,0.0
2025-03-19 01:25:00+00:00,172.5,172.5,171.5,171.5,9106,0.0,0.0
2025-03-19 01:35:00+00:00,171.5,171.5,171.5,171.5,2000,0.0,0.0
2025-03-19 01:40:00+00:00,171.5,171.5,171.5,171.5,2591,0.0,0.0
2025-03-19 01:55:00+00:00,171.0,171.0,170.0,170.0,2000,0.0,0.0
2025-03-19 02:00:00+00:00,170.0,170.0,170.0,170.0,1000,0.0,0.0
2025-03-19 02:05:00+00:00,169.5,169.5,168.0,168.0,22000,0.0,0.0
2025-03-19 02:15:00+00:00,168.5,168.5,168.5,168.5,1000,0.0,0.0
2025-03-19 02:25:00+00:00,168.5,168.5,168.0,168.0,6050,0.0,0.0
2025-03-19 02:30:00+00:00,168.5,169.0,168.5,169.0,3000,0.0,0.0
2025-03-19 02:35:00+00:00,168.0,168.0,168.0,168.0,2024,0.0,0.0
2025-03-19 02:50:00+00:00,168.0,168.0,168.0,168.0,3036,0.0,0.0
2025-03-19 03:10:00+00:00,168.0,168.0,167.5,167.5,4248,0.0,0.0
2025-03-19 03:15:00+00:00,167.0,167.5,167.0,167.5,2000,0.0,0.0
2025-03-19 03:20:00+00:00,167.5,168.0,167.5,168.0,6000,0.0,0.0
2025-03-19 03:35:00+00:00,168.0,168.0,168.0,168.0,1000,0.0,0.0
2025-03-19 03:45:00+00:00,168.5,168.5,168.5,168.5,1000,0.0,0.0
2025-03-19 04:15:00+00:00,168.0,168.0,165.5,165.5,19186,0.0,0.0
2025-03-19 04:25:00+00:00,165.5,165.5,165.5,165.5,2050,0.0,0.0
2025-03-19 04:35:00+00:00,165.5,165.5,165.5,165.5,1130,0.0,0.0
2025-03-19 04:40:00+00:00,165.5,165.5,165.5,165.5,2561,0.0,0.0
2025-03-19 04:50:00+00:00,165.0,165.0,165.0,165.0,1000,0.0,0.0
2025-03-19 04:55:00+00:00,164.0,165.0,164.0,165.0,3000,0.0,0.0
2025-03-19 05:00:00+00:00,164.5,165.5,164.5,165.5,2000,0.0,0.0
2025-03-19 05:05:00+00:00,165.0,165.0,165.0,165.0,2000,0.0,0.0
2025-03-19 05:15:00+00:00,165.0,165.0,165.0,165.0,3176,0.0,0.0
2025-03-19 05:20:00+00:00,165.0,166.5,165.0,166.5,9088,0.0,0.0
2025-03-20 01:00:00+00:00,165.0,165.5,164.5,164.5,0,0.0,0.0
2025-03-20 01:10:00+00:00,165.0,166.5,165.0,166.5,9142,0.0,0.0
2025-03-20 01:15:00+00:00,167.0,167.0,166.5,166.5,2000,0.0,0.0
2025-03-20 01:35:00+00:00,165.0,165.0,163.5,163.5,4060,0.0,0.0
2025-03-20 01:55:00+00:00,163.5,163.5,163.5,163.5,1000,0.0,0.0
2025-03-20 02:00:00+00:00,164.0,164.5,164.0,164.5,2000,0.0,0.0
2025-03-20 02:05:00+00:00,165.5,165.5,165.5,165.5,3000,0.0,0.0
2025-03-20 02:20:00+00:00,165.5,166.5,165.5,166.5,6500,0.0,0.0
2025-03-20 02:40:00+00:00,166.5,166.5,166.5,166.5,1000,0.0,0.0
2025-03-20 02:45:00+00:00,165.5,165.5,165.5,165.5,1100,0.0,0.0
2025-03-20 03:10:00+00:00,166.0,166.0,166.0,166.0,1010,0.0,0.0
2025-03-20 04:00:00+00:00,166.5,166.5,166.5,166.5,2040,0.0,0.0
2025-03-20 04:15:00+00:00,166.0,166.0,166.0,166.0,1000,0.0,0.0
2025-03-20 04:30:00+00:00,165.0,165.5,164.5,164.5,7420,0.0,0.0
2025-03-20 04:35:00+00:00,164.5,164.5,164.5,164.5,3000,0.0,0.0
2025-03-20 04:40:00+00:00,164.5,164.5,164.5,164.5,2000,0.0,0.0
2025-03-20 04:45:00+00:00,164.5,164.5,164.5,164.5,7009,0.0,0.0
2025-03-20 04:50:00+00:00,164.5,164.5,164.5,164.5,1000,0.0,0.0
2025-03-20 04:55:00+00:00,164.5,165.0,164.0,165.0,46093,0.0,0.0
2025-03-20 05:00:00+00:00,166.0,166.0,166.0,166.0,3000,0.0,0.0
2025-03-20 05:05:00+00:00,165.0,165.0,165.0,165.0,1000,0.0,0.0
2025-03-20 05:10:00+00:00,165.0,165.0,165.0,165.0,2000,0.0,0.0
2025-03-20 05:20:00+00:00,166.0,166.0,166.0,166.0,1300,0.0,0.0
2025-03-21 01:00:00+00:00,166.0,166.5,166.0,166.5,0,0.0,0.0
2025-03-21 01:05:00+00:00,166.5,166.5,166.5,166.5,1015,0.0,0.0
2025-03-21 01:25:00+00:00,166.5,166.5,166.5,166.5,4217,0.0,0.0
2025-03-21 02:10:00+00:00,165.0,165.0,165.0,165.0,1000,0.0,0.0
2025-03-21 02:15:00+00:00,165.0,165.0,165.0,165.0,1000,0.0,0.0
2025-03-21 02:50:00+00:00,165.0,165.0,165.0,165.0,4000,0.0,0.0
2025-03-21 03:15:00+00:00,164.0,164.0,164.0,164.0,1050,0.0,0.0
2025-03-21 03:35:00+00:00,164.0,164.0,163.0,163.0,13460,0.0,0.0
2025-03-21 04:15:00+00:00,164.0,164.0,164.0,164.0,2029,0.0,0.0
2025-03-21 04:20:00+00:00,163.5,163.5,163.0,163.0,4000,0.0,0.0
2025-03-21 04:30:00+00:00,164.0,164.5,164.0,164.5,5000,0.0,0.0
2025-03-21 05:05:00+00:00,164.5,164.5,164.5,164.5,1000,0.0,0.0
2025-03-21 05:15:00+00:00,164.5,164.5,164.5,164.5,1000,0.0,0.0
2025-03-21 05:20:00+00:00,165.5,166.5,164.0,166.5,5000,0.0,0.0
2025-03-24 01:00:00+00:00,163.0,163.0,163.0,163.0,0,0.0,0.0
2025-03-24 01:10:00+00:00,163.5,163.5,162.0,162.0,13062,0.0,0.0
2025-03-24 01:15:00+00:00,162.0,164.5,162.0,164.5,4000,0.0,0.0
2025-03-24 01:25:00+00:00,162.5,162.5,162.5,162.5,1000,0.0,0.0
2025-03-24 01:30:00+00:00,164.0,164.5,161.5,161.5,6194,0.0,0.0
2025-03-24 01:35:00+00:00,162.0,163.5,162.0,163.5,6056,0.0,0.0
2025-03-24 01:40:00+00:00,164.0,164.0,164.0,164.0,1000,0.0,0.0
2025-03-24 01:45:00+00:00,162.0,162.0,162.0,162.0,3002,0.0,0.0
2025-03-24 01:55:00+00:00,161.5,161.5,161.5,161.5,3000,0.0,0.0
2025-03-24 02:00:00+00:00,161.0,161.0,161.0,161.0,4596,0.0,0.0
2025-03-24 02:05:00+00:00,160.5,162.0,160.5,162.0,6000,0.0,0.0
2025-03-24 02:10:00+00:00,161.5,161.5,161.5,161.5,2140,0.0,0.0
2025-03-24 02:35:00+00:00,161.0,161.0,160.0,160.0,11000,0.0,0.0
2025-03-24 02:40:00+00:00,159.5,160.0,158.5,160.0,21140,0.0,0.0
2025-03-24 02:45:00+00:00,160.0,160.0,160.0,160.0,1000,0.0,0.0
2025-03-24 03:00:00+00:00,159.0,159.0,159.0,159.0,1000,0.0,0.0
2025-03-24 03:05:00+00:00,159.0,159.0,159.0,159.0,4109,0.0,0.0
2025-03-24 03:10:00+00:00,158.5,158.5,158.0,158.0,6200,0.0,0.0
2025-03-24 03:15:00+00:00,157.5,157.5,156.0,156.5,19283,0.0,0.0
2025-03-24 03:20:00+00:00,156.5,156.5,156.0,156.0,11331,0.0,0.0
2025-03-24 03:25:00+00:00,156.0,157.0,155.5,157.0,4000,0.0,0.0
2025-03-24 03:30:00+00:00,157.0,157.0,157.0,157.0,3000,0.0,0.0
2025-03-24 03:35:00+00:00,155.5,155.5,155.0,155.0,10345,0.0,0.0
2025-03-24 03:40:00+00:00,154.0,155.0,152.0,152.5,25248,0.0,0.0
2025-03-24 03:45:00+00:00,152.5,153.5,152.5,153.5,12052,0.0,0.0
2025-03-24 03:55:00+00:00,154.0,154.0,154.0,154.0,2000,0.0,0.0
2025-03-24 04:10:00+00:00,155.0,155.0,155.0,155.0,2150,0.0,0.0
2025-03-24 04:20:00+00:00,154.5,154.5,154.5,154.5,1020,0.0,0.0
2025-03-24 04:30:00+00:00,154.5,154.5,154.5,154.5,4015,0.0,0.0
2025-03-24 04:35:00+00:00,154.5,154.5,154.5,154.5,2542,0.0,0.0
2025-03-24 04:50:00+00:00,155.0,155.0,155.0,155.0,2358,0.0,0.0
2025-03-24 05:00:00+00:00,155.0,155.0,155.0,155.0,1000,0.0,0.0
2025-03-24 05:05:00+00:00,155.0,155.0,155.0,155.0,1000,0.0,0.0
2025-03-24 05:10:00+00:00,155.0,156.0,155.0,156.0,4785,0.0,0.0
2025-03-24 05:15:00+00:00,156.5,156.5,156.5,156.5,2029,0.0,0.0
2025-03-24 05:20:00+00:00,157.0,158.5,156.5,158.0,11169,0.0,0.0
2025-03-25 01:00:00+00:00,162.0,162.0,160.5,160.5,5000,0.0,0.0
2025-03-25 01:15:00+00:00,161.0,162.0,160.0,160.0,4000,0.0,0.0
2025-03-25 01:20:00+00:00,159.0,159.0,158.0,158.0,2022,0.0,0.0
2025-03-25 01:50:00+00:00,159.0,159.0,159.0,159.0,2000,0.0,0.0
2025-03-25 02:00:00+00:00,158.5,158.5,158.0,158.0,3090,0.0,0.0
2025-03-25 02:15:00+00:00,157.5,157.5,157.5,157.5,2000,0.0,0.0
2025-03-25 02:30:00+00:00,159.0,159.0,159.0,159.0,3014,0.0,0.0
2025-03-25 03:05:00+00:00,159.0,159.0,158.5,158.5,3019,0.0,0.0
2025-03-25 03:10:00+00:00,157.5,157.5,157.5,157.5,5000,0.0,0.0
2025-03-25 03:20:00+00:00,157.0,157.0,157.0,157.0,2306,0.0,0.0
2025-03-25 03:25:00+00:00,156.5,156.5,156.5,156.5,6011,0.0,0.0
2025-03-25 04:40:00+00:00,158.0,158.5,158.0,158.5,3160,0.0,0.0
2025-03-25 05:10:00+00:00,156.5,156.5,156.5,156.5,1000,0.0,0.0
2025-03-25 05:15:00+00:00,156.5,156.5,156.5,156.5,4198,0.0,0.0
2025-03-25 05:20:00+00:00,156.5,158.0,156.5,156.5,6000,0.0,0.0
2025-03-26 01:45:00+00:00,157.0,157.0,157.0,157.0,0,0.0,0.0
2025-03-26 01:50:00+00:00,156.0,156.0,156.0,156.0,1100,0.0,0.0
2025-03-26 02:00:00+00:00,155.5,155.5,155.0,155.0,5158,0.0,0.0
2025-03-26 02:20:00+00:00,154.5,154.5,154.5,154.5,1100,0.0,0.0
2025-03-26 02:45:00+00:00,155.0,155.0,155.0,155.0,1000,0.0,0.0
2025-03-26 02:55:00+00:00,155.0,155.0,155.0,155.0,1000,0.0,0.0
2025-03-26 03:10:00+00:00,155.0,158.5,155.0,158.5,5040,0.0,0.0
2025-03-26 03:15:00+00:00,159.5,159.5,159.5,159.5,1000,0.0,0.0
2025-03-26 03:20:00+00:00,159.5,159.5,158.0,158.0,3000,0.0,0.0
2025-03-26 04:10:00+00:00,158.0,158.0,158.0,158.0,2000,0.0,0.0
2025-03-26 05:10:00+00:00,158.0,158.0,158.0,158.0,1038,0.0,0.0
2025-03-26 05:15:00+00:00,156.5,156.5,156.5,156.5,1000,0.0,0.0
2025-03-27 01:15:00+00:00,158.5,158.5,158.5,158.5,0,0.0,0.0
2025-03-27 01:20:00+00:00,158.5,159.5,158.5,159.5,3000,0.0,0.0
2025-03-27 01:45:00+00:00,159.0,159.0,159.0,159.0,1000,0.0,0.0
2025-03-27 02:05:00+00:00,159.0,159.5,159.0,159.5,3000,0.0,0.0
2025-03-27 02:10:00+00:00,159.0,159.0,159.0,159.0,1000,0.0,0.0
2025-03-27 02:55:00+00:00,159.0,159.0,159.0,159.0,1000,0.0,0.0
2025-03-27 03:15:00+00:00,157.0,157.0,157.0,157.0,3300,0.0,0.0
2025-03-27 03:20:00+00:00,157.5,157.5,157.5,157.5,1000,0.0,0.0
2025-03-27 03:25:00+00:00,156.0,158.0,156.0,158.0,3699,0.0,0.0
2025-03-27 05:15:00+00:00,158.0,158.0,158.0,158.0,1000,0.0,0.0
2025-03-27 05:20:00+00:00,157.5,157.5,157.5,157.5,2000,0.0,0.0
2025-03-28 01:00:00+00:00,153.0,156.5,153.0,156.5,0,0.0,0.0
2025-03-28 01:20:00+00:00,155.0,155.0,154.5,154.5,3000,0.0,0.0
2025-03-28 01:25:00+00:00,153.5,153.5,152.0,152.0,15000,0.0,0.0
2025-03-28 01:30:00+00:00,152.0,152.0,151.5,151.5,12124,0.0,0.0
2025-03-28 01:35:00+00:00,151.5,151.5,151.5,151.5,1200,0.0,0.0
2025-03-28 01:45:00+00:00,151.0,151.0,151.0,151.0,1000,0.0,0.0
2025-03-28 01:50:00+00:00,151.0,151.0,151.0,151.0,2000,0.0,0.0
2025-03-28 01:55:00+00:00,150.5,150.5,149.5,150.0,5078,0.0,0.0
2025-03-28 02:00:00+00:00,149.5,150.0,149.5,150.0,5200,0.0,0.0
2025-03-28 02:10:00+00:00,150.0,150.0,148.5,148.5,3080,0.0,0.0
2025-03-28 02:20:00+00:00,148.0,148.0,147.0,147.0,3045,0.0,0.0
2025-03-28 02:30:00+00:00,146.5,146.5,146.0,146.0,2073,0.0,0.0
2025-03-28 02:35:00+00:00,147.0,147.0,147.0,147.0,1040,0.0,0.0
2025-03-28 02:45:00+00:00,148.0,148.0,147.5,147.5,4100,0.0,0.0
2025-03-28 02:50:00+00:00,146.5,146.5,143.0,145.5,24400,0.0,0.0
2025-03-28 03:00:00+00:00,146.0,146.0,146.0,146.0,1000,0.0,0.0
2025-03-28 03:05:00+00:00,146.5,147.0,146.5,147.0,3000,0.0,0.0
2025-03-28 03:15:00+00:00,147.0,147.0,147.0,147.0,1000,0.0,0.0
2025-03-28 03:55:00+00:00,145.0,145.0,144.0,144.0,10062,0.0,0.0
2025-03-28 04:20:00+00:00,145.5,145.5,145.5,145.5,1000,0.0,0.0
2025-03-28 04:25:00+00:00,145.5,145.5,145.5,145.5,1360,0.0,0.0
2025-03-28 04:45:00+00:00,146.0,146.0,146.0,146.0,3238,0.0,0.0
2025-03-28 05:00:00+00:00,146.0,146.0,146.0,146.0,1200,0.0,0.0
2025-03-28 05:05:00+00:00,145.0,145.0,145.0,145.0,2000,0.0,0.0
2025-03-28 05:10:00+00:00,146.5,146.5,146.5,146.5,1000,0.0,0.0
2025-03-28 05:15:00+00:00,145.0,146.0,145.0,146.0,2525,0.0,0.0
2025-03-28 05:20:00+00:00,147.0,151.0,147.0,151.0,18098,0.0,0.0
2025-03-31 01:35:00+00:00,148.0,148.0,148.0,148.0,0,0.0,0.0
2025-03-31 01:45:00+00:00,147.5,147.5,146.5,146.5,2000,0.0,0.0
2025-03-31 02:10:00+00:00,147.5,147.5,147.5,147.5,1000,0.0,0.0
2025-03-31 02:15:00+00:00,147.5,147.5,147.5,147.5,1000,0.0,0.0
2025-03-31 02:20:00+00:00,148.0,148.0,148.0,148.0,1000,0.0,0.0
2025-03-31 02:25:00+00:00,148.0,148.0,147.5,147.5,4000,0.0,0.0
2025-03-31 02:35:00+00:00,148.5,152.5,148.5,152.5,12995,0.0,0.0
2025-03-31 02:40:00+00:00,153.5,153.5,152.5,152.5,4947,0.0,0.0
2025-03-31 02:45:00+00:00,152.0,152.0,152.0,152.0,2000,0.0,0.0
2025-03-31 02:50:00+00:00,151.5,151.5,151.5,151.5,1000,0.0,0.0
2025-03-31 02:55:00+00:00,151.0,151.0,151.0,151.0,1010,0.0,0.0
2025-03-31 03:00:00+00:00,151.5,151.5,151.5,151.5,1006,0.0,0.0
2025-03-31 03:05:00+00:00,152.0,155.0,152.0,153.0,19076,0.0,0.0
2025-03-31 03:15:00+00:00,153.0,153.0,153.0,153.0,1000,0.0,0.0
2025-03-31 03:20:00+00:00,153.0,153.0,153.0,153.0,1000,0.0,0.0
2025-03-31 03:25:00+00:00,153.5,153.5,153.0,153.5,3000,0.0,0.0
2025-03-31 03:30:00+00:00,153.0,153.0,151.5,151.5,5001,0.0,0.0
2025-03-31 03:35:00+00:00,152.0,152.0,151.5,151.5,2006,0.0,0.0
2025-03-31 03:55:00+00:00,150.5,150.5,150.5,150.5,2200,0.0,0.0
2025-03-31 04:05:00+00:00,151.0,151.0,151.0,151.0,1000,0.0,0.0
2025-03-31 04:10:00+00:00,151.0,151.0,150.5,150.5,5000,0.0,0.0
2025-03-31 04:15:00+00:00,151.0,154.0,151.0,154.0,4003,0.0,0.0
2025-03-31 04:30:00+00:00,151.0,151.0,151.0,151.0,1096,0.0,0.0
2025-03-31 05:05:00+00:00,150.5,150.5,150.0,150.0,4000,0.0,0.0
2025-03-31 05:15:00+00:00,151.0,151.0,151.0,151.0,1000,0.0,0.0
2025-03-31 05:20:00+00:00,151.0,152.5,151.0,152.5,3286,0.0,0.0
2025-04-01 01:00:00+00:00,155.5,155.5,155.5,155.5,0,0.0,0.0
2025-04-01 01:05:00+00:00,155.0,155.0,155.0,155.0,1190,0.0,0.0
2025-04-01 01:10:00+00:00,153.5,153.5,153.5,153.5,1000,0.0,0.0
2025-04-01 01:20:00+00:00,154.5,154.5,154.5,154.5,2295,0.0,0.0
2025-04-01 01:25:00+00:00,154.0,154.0,154.0,154.0,1020,0.0,0.0
2025-04-01 01:35:00+00:00,154.0,154.5,154.0,154.5,4150,0.0,0.0
2025-04-01 01:45:00+00:00,155.0,157.0,155.0,157.0,13434,0.0,0.0
2025-04-01 01:50:00+00:00,156.0,156.0,156.0,156.0,1080,0.0,0.0
2025-04-01 01:55:00+00:00,156.0,156.0,156.0,156.0,1000,0.0,0.0
2025-04-01 02:00:00+00:00,156.0,157.0,156.0,157.0,3400,0.0,0.0
2025-04-01 02:05:00+00:00,156.0,156.5,156.0,156.5,2450,0.0,0.0
2025-04-01 02:10:00+00:00,156.5,156.5,156.0,156.0,2000,0.0,0.0
2025-04-01 02:15:00+00:00,157.0,159.0,157.0,159.0,28184,0.0,0.0
2025-04-01 02:20:00+00:00,160.0,160.0,160.0,160.0,4107,0.0,0.0
2025-04-01 02:25:00+00:00,160.5,160.5,160.0,160.0,4000,0.0,0.0
2025-04-01 02:30:00+00:00,160.0,160.0,160.0,160.0,1340,0.0,0.0
2025-04-01 02:35:00+00:00,162.0,163.0,162.0,162.5,6349,0.0,0.0
2025-04-01 02:40:00+00:00,163.0,163.0,162.0,162.0,6311,0.0,0.0
2025-04-01 02:45:00+00:00,162.0,162.0,162.0,162.0,1000,0.0,0.0
2025-04-01 02:50:00+00:00,162.0,162.0,161.5,161.5,4000,0.0,0.0
2025-04-01 02:55:00+00:00,161.5,161.5,161.0,161.0,3000,0.0,0.0
2025-04-01 03:00:00+00:00,160.0,161.5,160.0,161.5,8100,0.0,0.0
2025-04-01 03:05:00+00:00,162.5,162.5,162.5,162.5,1367,0.0,0.0
2025-04-01 03:10:00+00:00,163.0,163.0,163.0,163.0,1418,0.0,0.0
2025-04-01 03:15:00+00:00,163.5,163.5,163.5,163.5,10150,0.0,0.0
2025-04-01 03:20:00+00:00,163.5,168.5,163.5,168.0,53191,0.0,0.0
2025-04-01 03:25:00+00:00,166.5,166.5,165.5,165.5,6011,0.0,0.0
2025-04-01 03:30:00+00:00,165.5,165.5,165.0,165.0,2000,0.0,0.0
2025-04-01 03:35:00+00:00,164.0,164.5,164.0,164.5,3000,0.0,0.0
2025-04-01 03:55:00+00:00,164.5,164.5,164.5,164.5,1000,0.0,0.0
2025-04-01 04:00:00+00:00,164.0,164.0,164.0,164.0,1000,0.0,0.0
2025-04-01 04:05:00+00:00,165.5,165.5,165.5,165.5,1000,0.0,0.0
2025-04-01 04:10:00+00:00,164.5,164.5,164.0,164.0,6010,0.0,0.0
2025-04-01 04:25:00+00:00,164.0,164.0,164.0,164.0,1000,0.0,0.0
2025-04-01 04:30:00+00:00,163.5,163.5,163.5,163.5,1001,0.0,0.0
2025-04-01 04:35:00+00:00,163.0,163.0,163.0,163.0,1025,0.0,0.0
2025-04-01 04:50:00+00:00,163.0,163.0,163.0,163.0,1042,0.0,0.0
2025-04-01 04:55:00+00:00,165.0,165.0,165.0,165.0,4243,0.0,0.0
2025-04-01 05:00:00+00:00,165.5,165.5,164.5,164.5,6057,0.0,0.0
2025-04-01 05:10:00+00:00,164.5,164.5,163.0,163.0,2970,0.0,0.0
2025-04-01 05:20:00+00:00,163.0,164.5,163.0,164.5,2010,0.0,0.0
2025-04-02 01:00:00+00:00,165.0,165.0,164.5,164.5,0,0.0,0.0
2025-04-02 01:05:00+00:00,163.5,163.5,162.0,163.0,4001,0.0,0.0
2025-04-02 01:10:00+00:00,164.5,166.5,164.5,164.5,11799,0.0,0.0
2025-04-02 01:15:00+00:00,164.5,164.5,164.5,164.5,1001,0.0,0.0
2025-04-02 01:20:00+00:00,165.0,165.0,165.0,165.0,1000,0.0,0.0
2025-04-02 01:25:00+00:00,165.0,165.0,164.5,164.5,5000,0.0,0.0
2025-04-02 01:35:00+00:00,163.5,164.0,163.5,164.0,2100,0.0,0.0
2025-04-02 01:40:00+00:00,164.0,164.0,164.0,164.0,2000,0.0,0.0
2025-04-02 01:45:00+00:00,164.0,164.0,164.0,164.0,1000,0.0,0.0
2025-04-02 01:50:00+00:00,163.5,165.0,163.5,165.0,6000,0.0,0.0
2025-04-02 01:55:00+00:00,165.0,165.5,165.0,165.5,3000,0.0,0.0
2025-04-02 02:00:00+00:00,165.0,165.0,164.5,164.5,2020,0.0,0.0
2025-04-02 02:10:00+00:00,163.5,163.5,162.0,162.0,8081,0.0,0.0
2025-04-02 02:45:00+00:00,162.0,162.0,162.0,162.0,1802,0.0,0.0
2025-04-02 03:05:00+00:00,164.5,164.5,164.5,164.5,1000,0.0,0.0
2025-04-02 03:10:00+00:00,164.5,164.5,164.0,164.0,2000,0.0,0.0
2025-04-02 03:20:00+00:00,164.0,164.0,164.0,164.0,1000,0.0,0.0
2025-04-02 03:30:00+00:00,163.5,163.5,163.5,163.5,1000,0.0,0.0
2025-04-02 03:40:00+00:00,163.5,163.5,163.5,163.5,1000,0.0,0.0
2025-04-02 04:05:00+00:00,164.5,164.5,164.5,164.5,1273,0.0,0.0
2025-04-02 04:10:00+00:00,164.0,164.0,164.0,164.0,1200,0.0,0.0
2025-04-02 04:35:00+00:00,163.5,163.5,163.5,163.5,1000,0.0,0.0
2025-04-02 04:40:00+00:00,163.0,164.5,163.0,164.5,8000,0.0,0.0
2025-04-02 04:55:00+00:00,164.0,165.5,164.0,165.5,8185,0.0,0.0
2025-04-02 05:00:00+00:00,166.0,166.5,166.0,166.5,7211,0.0,0.0
2025-04-02 05:05:00+00:00,166.5,166.5,165.5,165.5,6008,0.0,0.0
2025-04-02 05:15:00+00:00,165.0,165.5,165.0,165.5,3000,0.0,0.0
2025-04-02 05:20:00+00:00,165.0,165.0,165.0,165.0,1000,0.0,0.0
2025-04-07 01:00:00+00:00,149.0,149.0,149.0,149.0,0,0.0,0.0
2025-04-07 01:15:00+00:00,149.0,149.0,149.0,149.0,1063,0.0,0.0
2025-04-08 01:00:00+00:00,135.0,135.5,135.0,135.0,33919,0.0,0.0
2025-04-08 01:05:00+00:00,136.5,136.5,134.5,134.5,21351,0.0,0.0
2025-04-08 01:10:00+00:00,134.5,137.5,134.5,136.0,5373,0.0,0.0
2025-04-08 01:15:00+00:00,136.0,136.0,134.5,134.5,15486,0.0,0.0
2025-04-08 01:20:00+00:00,134.5,138.0,134.5,134.5,11561,0.0,0.0
2025-04-08 01:25:00+00:00,134.5,134.5,134.5,134.5,6370,0.0,0.0
2025-04-08 01:30:00+00:00,136.5,136.5,134.5,134.5,4000,0.0,0.0
2025-04-08 01:50:00+00:00,135.0,135.0,134.5,134.5,2050,0.0,0.0
2025-04-08 02:20:00+00:00,134.5,134.5,134.5,134.5,1147,0.0,0.0
2025-04-08 04:45:00+00:00,134.5,134.5,134.5,134.5,1111,0.0,0.0
2025-04-09 01:00:00+00:00,132.0,132.0,132.0,132.0,0,0.0,0.0
2025-04-09 01:20:00+00:00,131.5,133.5,126.0,126.0,5005,0.0,0.0
2025-04-09 01:25:00+00:00,124.5,127.0,124.0,127.0,3170,0.0,0.0
2025-04-09 01:30:00+00:00,124.0,124.0,121.5,122.0,23065,0.0,0.0
2025-04-09 01:35:00+00:00,122.0,122.0,121.5,121.5,20373,0.0,0.0
2025-04-09 01:40:00+00:00,123.0,123.0,122.0,122.0,7552,0.0,0.0
2025-04-09 01:45:00+00:00,122.0,122.0,121.5,121.5,5020,0.0,0.0
2025-04-09 01:50:00+00:00,121.5,121.5,121.5,121.5,2000,0.0,0.0
2025-04-09 01:55:00+00:00,121.5,121.5,121.5,121.5,2000,0.0,0.0
2025-04-09 02:00:00+00:00,121.5,121.5,121.5,121.5,2124,0.0,0.0
2025-04-09 02:15:00+00:00,121.5,121.5,121.5,121.5,6313,0.0,0.0
2025-04-09 02:25:00+00:00,122.0,122.5,121.5,121.5,9000,0.0,0.0
2025-04-09 02:30:00+00:00,121.5,121.5,121.5,121.5,1200,0.0,0.0
2025-04-09 02:35:00+00:00,121.5,121.5,121.5,121.5,1000,0.0,0.0
2025-04-09 02:45:00+00:00,121.5,121.5,121.5,121.5,2007,0.0,0.0
2025-04-09 03:00:00+00:00,121.5,121.5,121.5,121.5,1040,0.0,0.0
2025-04-09 03:55:00+00:00,121.5,121.5,121.5,121.5,4000,0.0,0.0
2025-04-09 04:00:00+00:00,121.5,121.5,121.5,121.5,5002,0.0,0.0
2025-04-09 04:25:00+00:00,121.5,121.5,121.5,121.5,1029,0.0,0.0
2025-04-10 01:00:00+00:00,132.0,132.0,127.5,127.5,0,0.0,0.0
2025-04-10 01:05:00+00:00,125.0,126.5,125.0,126.5,46000,0.0,0.0
2025-04-10 01:10:00+00:00,127.0,129.0,125.0,128.5,63215,0.0,0.0
2025-04-10 01:15:00+00:00,127.0,128.0,127.0,128.0,7000,0.0,0.0
2025-04-10 01:20:00+00:00,128.5,129.0,128.0,129.0,10000,0.0,0.0
2025-04-10 01:25:00+00:00,129.0,129.0,128.0,128.0,4000,0.0,0.0
2025-04-10 01:30:00+00:00,128.5,129.0,128.5,129.0,9000,0.0,0.0
2025-04-10 01:35:00+00:00,129.0,129.0,128.0,128.0,14000,0.0,0.0
2025-04-10 01:40:00+00:00,129.0,130.5,129.0,130.5,37000,0.0,0.0
2025-04-10 01:45:00+00:00,130.0,130.5,130.0,130.5,6000,0.0,0.0
2025-04-10 01:50:00+00:00,130.5,130.5,130.5,130.5,3100,0.0,0.0
2025-04-10 02:05:00+00:00,130.5,130.5,130.0,130.0,5363,0.0,0.0
2025-04-10 02:10:00+00:00,130.0,132.5,130.0,132.5,19000,0.0,0.0
2025-04-10 02:15:00+00:00,133.0,133.5,133.0,133.0,20010,0.0,0.0
2025-04-10 02:25:00+00:00,133.0,133.0,132.5,132.5,3000,0.0,0.0
2025-04-10 02:30:00+00:00,132.0,132.0,132.0,132.0,5013,0.0,0.0
2025-04-10 02:55:00+00:00,132.0,132.0,131.5,131.5,3000,0.0,0.0
2025-04-10 03:05:00+00:00,131.5,131.5,131.5,131.5,1014,0.0,0.0
2025-04-10 03:15:00+00:00,132.0,132.0,132.0,132.0,3000,0.0,0.0
2025-04-10 03:20:00+00:00,132.5,132.5,132.5,132.5,3938,0.0,0.0
2025-04-10 03:50:00+00:00,132.5,133.0,132.5,133.0,5050,0.0,0.0
2025-04-10 04:10:00+00:00,133.0,133.0,133.0,133.0,1000,0.0,0.0
2025-04-10 04:15:00+00:00,133.0,133.0,133.0,133.0,1000,0.0,0.0
2025-04-10 04:30:00+00:00,133.0,133.0,133.0,133.0,4594,0.0,0.0
2025-04-10 04:35:00+00:00,132.5,132.5,132.5,132.5,4000,0.0,0.0
2025-04-10 04:45:00+00:00,132.0,132.0,132.0,132.0,1008,0.0,0.0
2025-04-10 05:00:00+00:00,131.5,131.5,131.5,131.5,1000,0.0,0.0
2025-04-10 05:05:00+00:00,131.0,131.0,130.5,130.5,4000,0.0,0.0
2025-04-10 05:10:00+00:00,130.5,130.5,130.5,130.5,2000,0.0,0.0
2025-04-10 05:15:00+00:00,130.0,130.0,130.0,130.0,1000,0.0,0.0
2025-04-10 05:20:00+00:00,130.5,131.0,130.5,131.0,5502,0.0,0.0
2025-04-11 01:00:00+00:00,129.0,129.0,124.5,127.5,0,0.0,0.0
2025-04-11 01:05:00+00:00,128.0,129.5,128.0,129.5,4021,0.0,0.0
2025-04-11 01:10:00+00:00,131.5,134.5,131.5,134.5,21293,0.0,0.0
2025-04-11 01:15:00+00:00,134.5,135.0,133.0,135.0,16000,0.0,0.0
2025-04-11 01:20:00+00:00,135.5,136.0,135.5,136.0,2126,0.0,0.0
2025-04-11 01:30:00+00:00,135.5,136.5,135.5,136.5,4000,0.0,0.0
2025-04-11 01:35:00+00:00,136.5,136.5,136.5,136.5,1000,0.0,0.0
2025-04-11 02:00:00+00:00,136.0,136.0,136.0,136.0,1000,0.0,0.0
2025-04-11 02:10:00+00:00,136.0,136.0,136.0,136.0,2000,0.0,0.0
2025-04-11 02:20:00+00:00,136.5,136.5,136.5,136.5,2000,0.0,0.0
2025-04-11 02:25:00+00:00,137.0,139.0,137.0,139.0,14200,0.0,0.0
2025-04-11 02:30:00+00:00,138.5,138.5,138.5,138.5,2000,0.0,0.0
2025-04-11 02:50:00+00:00,137.5,137.5,137.5,137.5,5000,0.0,0.0
2025-04-11 02:55:00+00:00,137.0,137.0,137.0,137.0,1000,0.0,0.0
2025-04-11 03:00:00+00:00,138.0,138.0,138.0,138.0,1025,0.0,0.0
2025-04-11 03:25:00+00:00,137.5,137.5,136.0,136.0,21000,0.0,0.0
2025-04-11 03:30:00+00:00,137.0,137.5,137.0,137.5,2000,0.0,0.0
2025-04-11 03:35:00+00:00,138.0,138.0,138.0,138.0,5077,0.0,0.0
2025-04-11 03:40:00+00:00,137.0,137.0,135.5,135.5,7224,0.0,0.0
2025-04-11 03:45:00+00:00,134.0,134.0,134.0,134.0,1050,0.0,0.0
2025-04-11 03:50:00+00:00,135.5,136.0,135.5,136.0,2020,0.0,0.0
2025-04-11 04:10:00+00:00,136.0,136.0,136.0,136.0,4390,0.0,0.0
2025-04-11 04:20:00+00:00,134.5,134.5,134.5,134.5,1482,0.0,0.0
2025-04-11 04:30:00+00:00,136.0,137.0,136.0,137.0,18353,0.0,0.0
2025-04-11 04:35:00+00:00,137.0,137.0,137.0,137.0,1018,0.0,0.0
2025-04-11 04:55:00+00:00,136.5,136.5,136.5,136.5,1000,0.0,0.0
2025-04-11 05:00:00+00:00,136.5,136.5,136.5,136.5,1001,0.0,0.0
2025-04-11 05:15:00+00:00,137.0,137.5,137.0,137.0,5000,0.0,0.0
2025-04-11 05:20:00+00:00,138.5,138.5,138.5,138.5,1041,0.0,0.0
2025-04-14 01:00:00+00:00,140.5,140.5,139.0,139.0,0,0.0,0.0
2025-04-14 01:05:00+00:00,142.5,144.0,142.5,142.5,15049,0.0,0.0
2025-04-14 01:10:00+00:00,143.0,143.0,142.0,142.0,2213,0.0,0.0
2025-04-14 01:15:00+00:00,142.0,142.0,140.0,140.0,12993,0.0,0.0
2025-04-14 01:20:00+00:00,139.5,139.5,139.5,139.5,1000,0.0,0.0
2025-04-14 01:25:00+00:00,140.0,140.0,139.5,139.5,3000,0.0,0.0
2025-04-14 01:30:00+00:00,139.5,139.5,139.5,139.5,2000,0.0,0.0
2025-04-14 01:35:00+00:00,138.5,138.5,138.5,138.5,1000,0.0,0.0
2025-04-14 01:45:00+00:00,138.5,138.5,137.5,138.0,6120,0.0,0.0
2025-04-14 01:50:00+00:00,137.5,138.0,137.5,138.0,2000,0.0,0.0
2025-04-14 01:55:00+00:00,138.5,138.5,138.5,138.5,12009,0.0,0.0
2025-04-14 02:00:00+00:00,138.5,138.5,138.5,138.5,2000,0.0,0.0
2025-04-14 02:10:00+00:00,139.0,139.0,138.5,138.5,3000,0.0,0.0
2025-04-14 02:15:00+00:00,138.0,138.0,137.5,137.5,6000,0.0,0.0
2025-04-14 02:20:00+00:00,138.0,138.0,137.5,137.5,3225,0.0,0.0
2025-04-14 02:25:00+00:00,137.0,137.0,137.0,137.0,1000,0.0,0.0
2025-04-14 02:30:00+00:00,137.0,137.0,137.0,137.0,3000,0.0,0.0
2025-04-14 02:40:00+00:00,137.0,137.0,137.0,137.0,1000,0.0,0.0
2025-04-14 02:45:00+00:00,137.5,137.5,137.5,137.5,9000,0.0,0.0
2025-04-14 02:50:00+00:00,138.0,138.0,137.5,137.5,3386,0.0,0.0
2025-04-14 02:55:00+00:00,138.5,138.5,138.5,138.5,2000,0.0,0.0
2025-04-14 03:05:00+00:00,138.0,138.0,138.0,138.0,1000,0.0,0.0
2025-04-14 03:10:00+00:00,139.5,139.5,139.5,139.5,1183,0.0,0.0
2025-04-14 03:15:00+00:00,140.5,141.0,139.5,139.5,6000,0.0,0.0
2025-04-14 03:20:00+00:00,139.0,139.0,139.0,139.0,1200,0.0,0.0
2025-04-14 03:30:00+00:00,139.0,139.0,138.0,138.0,7000,0.0,0.0
2025-04-14 03:45:00+00:00,138.0,138.0,138.0,138.0,1000,0.0,0.0
2025-04-14 03:55:00+00:00,138.0,138.0,138.0,138.0,1000,0.0,0.0
2025-04-14 04:10:00+00:00,138.0,138.0,138.0,138.0,3000,0.0,0.0
2025-04-14 04:20:00+00:00,137.5,137.5,137.5,137.5,1000,0.0,0.0
2025-04-14 04:30:00+00:00,137.5,137.5,137.5,137.5,4000,0.0,0.0
2025-04-14 04:35:00+00:00,137.0,137.0,137.0,137.0,1004,0.0,0.0
2025-04-14 04:45:00+00:00,137.0,137.0,137.0,137.0,4000,0.0,0.0
2025-04-14 04:50:00+00:00,136.5,136.5,136.5,136.5,3000,0.0,0.0
2025-04-14 04:55:00+00:00,137.0,137.0,137.0,137.0,2000,0.0,0.0
2025-04-14 05:05:00+00:00,137.0,137.0,137.0,137.0,7000,0.0,0.0
2025-04-14 05:10:00+00:00,137.5,137.5,137.5,137.5,2000,0.0,0.0
2025-04-14 05:15:00+00:00,137.0,137.0,137.0,137.0,2000,0.0,0.0
2025-04-14 05:20:00+00:00,137.0,137.0,137.0,137.0,1000,0.0,0.0
2025-04-15 01:00:00+00:00,137.0,137.0,137.0,137.0,0,0.0,0.0
2025-04-15 01:05:00+00:00,139.5,140.5,139.5,139.5,4010,0.0,0.0
2025-04-15 01:10:00+00:00,139.5,141.5,139.5,141.5,11090,0.0,0.0
2025-04-15 01:15:00+00:00,141.5,142.0,141.5,142.0,5000,0.0,0.0
2025-04-15 01:20:00+00:00,142.0,142.0,142.0,142.0,1100,0.0,0.0
2025-04-15 01:30:00+00:00,141.0,142.5,141.0,142.5,3000,0.0,0.0
2025-04-15 01:45:00+00:00,141.5,141.5,141.5,141.5,1000,0.0,0.0
2025-04-15 02:20:00+00:00,141.0,141.0,140.0,140.0,5010,0.0,0.0
2025-04-15 02:25:00+00:00,140.5,141.0,140.5,141.0,2000,0.0,0.0
2025-04-15 02:40:00+00:00,141.0,141.0,141.0,141.0,1000,0.0,0.0
2025-04-15 02:50:00+00:00,141.5,141.5,141.5,141.5,1140,0.0,0.0
2025-04-15 03:10:00+00:00,141.0,141.0,141.0,141.0,1000,0.0,0.0
2025-04-15 03:15:00+00:00,141.0,141.0,141.0,141.0,2000,0.0,0.0
2025-04-15 03:20:00+00:00,141.5,142.0,141.5,142.0,4000,0.0,0.0
2025-04-15 03:30:00+00:00,141.5,142.5,141.5,142.5,4041,0.0,0.0
2025-04-15 03:40:00+00:00,142.0,142.0,142.0,142.0,5000,0.0,0.0
2025-04-15 03:45:00+00:00,142.0,142.5,142.0,142.5,2000,0.0,0.0
2025-04-15 04:30:00+00:00,142.5,143.0,142.5,143.0,2000,0.0,0.0
2025-04-15 05:15:00+00:00,142.5,142.5,142.5,142.5,1000,0.0,0.0
2025-04-15 05:20:00+00:00,142.5,142.5,142.5,142.5,1003,0.0,0.0
2025-04-16 01:00:00+00:00,142.5,145.0,142.5,145.0,0,0.0,0.0
2025-04-16 01:10:00+00:00,140.0,140.0,140.0,140.0,1000,0.0,0.0
2025-04-16 01:15:00+00:00,139.0,139.0,137.5,137.5,13005,0.0,0.0
2025-04-16 01:20:00+00:00,137.5,137.5,137.5,137.5,2000,0.0,0.0
2025-04-16 01:25:00+00:00,138.0,138.5,138.0,138.5,3050,0.0,0.0
2025-04-16 01:30:00+00:00,139.0,139.0,139.0,139.0,1000,0.0,0.0
2025-04-16 02:00:00+00:00,139.5,139.5,139.5,139.5,1010,0.0,0.0
2025-04-16 02:05:00+00:00,140.0,140.0,140.0,140.0,1049,0.0,0.0
2025-04-16 02:15:00+00:00,138.5,138.5,138.5,138.5,6000,0.0,0.0
2025-04-16 02:25:00+00:00,138.5,138.5,138.5,138.5,4031,0.0,0.0
2025-04-16 02:30:00+00:00,138.5,138.5,138.5,138.5,5068,0.0,0.0
2025-04-16 02:50:00+00:00,138.5,138.5,138.5,138.5,3000,0.0,0.0
2025-04-16 03:00:00+00:00,138.5,138.5,138.5,138.5,1000,0.0,0.0
2025-04-16 03:10:00+00:00,138.5,138.5,137.5,138.0,9000,0.0,0.0
2025-04-16 03:30:00+00:00,138.0,138.0,138.0,138.0,1127,0.0,0.0
2025-04-16 03:40:00+00:00,137.5,137.5,137.0,137.0,5000,0.0,0.0
2025-04-16 03:50:00+00:00,137.0,137.0,136.5,136.5,7152,0.0,0.0
2025-04-16 04:00:00+00:00,137.5,137.5,137.5,137.5,3000,0.0,0.0
2025-04-16 04:05:00+00:00,137.0,137.0,137.0,137.0,5000,0.0,0.0
2025-04-16 04:25:00+00:00,137.5,138.0,137.5,138.0,3000,0.0,0.0
2025-04-16 04:35:00+00:00,137.5,137.5,137.5,137.5,1000,0.0,0.0
2025-04-16 04:55:00+00:00,137.5,137.5,137.5,137.5,10000,0.0,0.0
2025-04-16 05:00:00+00:00,137.5,137.5,137.5,137.5,11000,0.0,0.0
2025-04-16 05:10:00+00:00,137.5,137.5,137.5,137.5,1000,0.0,0.0
2025-04-16 05:15:00+00:00,138.5,138.5,138.5,138.5,1000,0.0,0.0
2025-04-16 05:20:00+00:00,137.5,138.5,137.0,138.5,22000,0.0,0.0
2025-04-17 01:00:00+00:00,139.5,139.5,139.5,139.5,0,0.0,0.0
2025-04-17 01:10:00+00:00,139.0,139.0,139.0,139.0,2000,0.0,0.0
2025-04-17 01:15:00+00:00,138.0,138.0,138.0,138.0,2000,0.0,0.0
2025-04-17 01:20:00+00:00,138.5,139.0,138.5,139.0,2054,0.0,0.0
2025-04-17 01:35:00+00:00,136.5,136.5,136.0,136.0,3000,0.0,0.0
2025-04-17 01:40:00+00:00,136.0,136.0,136.0,136.0,3054,0.0,0.0
2025-04-17 01:45:00+00:00,136.0,136.0,135.5,135.5,2000,0.0,0.0
2025-04-17 02:00:00+00:00,136.0,136.0,136.0,136.0,10000,0.0,0.0
2025-04-17 02:25:00+00:00,136.5,137.0,136.5,137.0,11117,0.0,0.0
2025-04-17 03:05:00+00:00,138.0,138.5,138.0,138.5,2440,0.0,0.0
2025-04-17 03:20:00+00:00,138.0,138.0,138.0,138.0,1000,0.0,0.0
2025-04-17 03:25:00+00:00,137.5,137.5,137.5,137.5,2000,0.0,0.0
2025-04-17 03:30:00+00:00,138.5,138.5,138.5,138.5,1006,0.0,0.0
2025-04-17 03:40:00+00:00,137.0,137.0,137.0,137.0,1000,0.0,0.0
2025-04-17 04:25:00+00:00,137.0,137.0,137.0,137.0,2581,0.0,0.0
2025-04-17 04:30:00+00:00,137.0,137.0,136.5,136.5,7016,0.0,0.0
2025-04-17 04:45:00+00:00,136.5,136.5,136.5,136.5,2000,0.0,0.0
2025-04-17 04:55:00+00:00,137.0,137.0,137.0,137.0,1054,0.0,0.0
2025-04-17 05:20:00+00:00,137.0,137.0,137.0,137.0,8000,0.0,0.0
2025-04-18 01:00:00+00:00,138.5,139.0,138.5,139.0,0,0.0,0.0
2025-04-18 01:35:00+00:00,138.5,138.5,138.5,138.5,1000,0.0,0.0
2025-04-18 04:30:00+00:00,138.5,138.5,138.5,138.5,1289,0.0,0.0
2025-04-18 05:00:00+00:00,138.5,138.5,138.5,138.5,2000,0.0,0.0
2025-04-18 05:10:00+00:00,137.5,137.5,137.0,137.0,2000,0.0,0.0
2025-04-21 01:00:00+00:00,135.0,135.0,135.0,135.0,0,0.0,0.0
2025-04-21 01:05:00+00:00,137.0,137.5,137.0,137.5,3000,0.0,0.0
2025-04-21 01:15:00+00:00,137.0,137.0,137.0,137.0,1000,0.0,0.0
2025-04-21 01:20:00+00:00,136.5,136.5,136.5,136.5,2000,0.0,0.0
2025-04-21 01:25:00+00:00,137.0,137.0,136.0,137.0,9000,0.0,0.0
2025-04-21 01:30:00+00:00,137.5,138.0,137.5,137.5,5007,0.0,0.0
2025-04-21 02:00:00+00:00,138.0,138.0,138.0,138.0,1000,0.0,0.0
2025-04-21 02:20:00+00:00,137.5,137.5,137.5,137.5,1000,0.0,0.0
2025-04-21 02:25:00+00:00,137.0,137.0,136.5,136.5,3000,0.0,0.0
2025-04-21 02:30:00+00:00,136.5,137.0,136.0,137.0,3000,0.0,0.0
2025-04-21 02:35:00+00:00,136.0,136.0,136.0,136.0,3000,0.0,0.0
2025-04-21 02:40:00+00:00,136.5,136.5,135.0,135.0,9000,0.0,0.0
2025-04-21 02:45:00+00:00,136.5,136.5,136.5,136.5,1000,0.0,0.0
2025-04-21 02:50:00+00:00,135.0,135.0,135.0,135.0,1000,0.0,0.0
2025-04-21 02:55:00+00:00,135.0,135.0,135.0,135.0,1000,0.0,0.0
2025-04-21 03:00:00+00:00,135.5,135.5,135.5,135.5,1000,0.0,0.0
2025-04-21 03:05:00+00:00,135.0,135.0,133.0,133.0,21000,0.0,0.0
2025-04-21 03:10:00+00:00,134.5,134.5,134.5,134.5,1000,0.0,0.0
2025-04-21 03:15:00+00:00,135.5,135.5,135.5,135.5,1000,0.0,0.0
2025-04-21 03:20:00+00:00,136.0,136.0,136.0,136.0,1000,0.0,0.0
2025-04-21 03:35:00+00:00,137.0,137.0,137.0,137.0,1000,0.0,0.0
2025-04-21 03:40:00+00:00,137.0,138.5,137.0,138.0,24000,0.0,0.0
2025-04-21 03:50:00+00:00,138.5,138.5,138.5,138.5,1000,0.0,0.0
2025-04-21 04:05:00+00:00,139.0,139.0,139.0,139.0,2000,0.0,0.0
2025-04-21 04:20:00+00:00,139.0,139.0,139.0,139.0,1000,0.0,0.0
2025-04-21 04:35:00+00:00,139.0,139.0,139.0,139.0,1036,0.0,0.0
2025-04-21 04:50:00+00:00,139.0,139.0,139.0,139.0,1010,0.0,0.0
2025-04-21 04:55:00+00:00,138.0,138.0,138.0,138.0,1000,0.0,0.0
2025-04-21 05:05:00+00:00,138.0,138.0,138.0,138.0,1000,0.0,0.0
2025-04-21 05:10:00+00:00,138.0,138.0,138.0,138.0,1000,0.0,0.0
2025-04-21 05:15:00+00:00,136.5,136.5,136.5,136.5,1000,0.0,0.0
2025-04-21 05:20:00+00:00,137.5,137.5,137.5,137.5,1000,0.0,0.0
2025-04-22 01:10:00+00:00,136.5,138.5,136.5,138.5,0,0.0,0.0
2025-04-22 01:15:00+00:00,138.5,138.5,138.5,138.5,1000,0.0,0.0
2025-04-22 01:30:00+00:00,139.0,139.5,139.0,139.5,4100,0.0,0.0
2025-04-22 01:40:00+00:00,139.0,139.5,139.0,139.5,2030,0.0,0.0
2025-04-22 01:45:00+00:00,139.5,139.5,138.5,138.5,4145,0.0,0.0
2025-04-22 01:55:00+00:00,139.5,139.5,139.5,139.5,1000,0.0,0.0
2025-04-22 02:00:00+00:00,138.5,138.5,138.5,138.5,1000,0.0,0.0
2025-04-22 02:05:00+00:00,138.5,140.0,138.5,140.0,2473,0.0,0.0
2025-04-22 02:10:00+00:00,139.5,139.5,139.5,139.5,2001,0.0,0.0
2025-04-22 02:15:00+00:00,139.5,139.5,139.5,139.5,1025,0.0,0.0
2025-04-22 02:25:00+00:00,139.5,139.5,139.5,139.5,1000,0.0,0.0
2025-04-22 02:30:00+00:00,139.0,139.0,139.0,139.0,2000,0.0,0.0
2025-04-22 02:35:00+00:00,138.5,138.5,138.5,138.5,1005,0.0,0.0
2025-04-22 02:40:00+00:00,137.5,137.5,137.5,137.5,2000,0.0,0.0
2025-04-22 02:50:00+00:00,139.0,140.0,139.0,140.0,2051,0.0,0.0
2025-04-22 02:55:00+00:00,140.0,140.0,140.0,140.0,1257,0.0,0.0
2025-04-22 03:00:00+00:00,138.5,138.5,138.5,138.5,2003,0.0,0.0
2025-04-22 03:05:00+00:00,138.0,138.0,138.0,138.0,1193,0.0,0.0
2025-04-22 03:25:00+00:00,138.5,139.0,138.5,139.0,12000,0.0,0.0
2025-04-22 03:30:00+00:00,137.5,137.5,137.5,137.5,1000,0.0,0.0
2025-04-22 03:40:00+00:00,139.0,139.0,137.5,137.5,2000,0.0,0.0
2025-04-22 03:55:00+00:00,138.5,138.5,138.5,138.5,1000,0.0,0.0
2025-04-22 04:05:00+00:00,139.0,139.0,139.0,139.0,1100,0.0,0.0
2025-04-22 04:20:00+00:00,139.0,139.0,139.0,139.0,1000,0.0,0.0
2025-04-22 04:30:00+00:00,139.5,139.5,139.5,139.5,2000,0.0,0.0
2025-04-22 04:40:00+00:00,139.5,139.5,139.5,139.5,1000,0.0,0.0
2025-04-22 04:50:00+00:00,139.5,139.5,138.5,138.5,2008,0.0,0.0
2025-04-22 05:05:00+00:00,139.5,139.5,139.5,139.5,2231,0.0,0.0
2025-04-22 05:10:00+00:00,139.5,139.5,139.5,139.5,1011,0.0,0.0
2025-04-22 05:20:00+00:00,139.5,140.0,139.5,140.0,3050,0.0,0.0
2025-04-23 01:00:00+00:00,140.0,141.0,140.0,141.0,0,0.0,0.0
2025-04-23 01:05:00+00:00,139.0,139.0,139.0,139.0,1000,0.0,0.0
2025-04-23 01:10:00+00:00,139.0,139.0,139.0,139.0,2002,0.0,0.0
2025-04-23 01:15:00+00:00,139.5,139.5,139.5,139.5,1080,0.0,0.0
2025-04-23 01:30:00+00:00,140.0,140.0,140.0,140.0,1000,0.0,0.0
2025-04-23 01:35:00+00:00,139.5,139.5,139.0,139.0,3000,0.0,0.0
2025-04-23 01:50:00+00:00,139.0,139.0,138.5,138.5,2000,0.0,0.0
2025-04-23 02:05:00+00:00,139.0,139.0,139.0,139.0,1000,0.0,0.0
2025-04-23 02:20:00+00:00,139.0,139.0,138.5,138.5,3000,0.0,0.0
2025-04-23 02:25:00+00:00,138.0,138.0,137.5,137.5,2001,0.0,0.0
2025-04-23 02:35:00+00:00,137.5,139.0,137.5,139.0,3000,0.0,0.0
2025-04-23 02:55:00+00:00,139.0,139.0,139.0,139.0,1000,0.0,0.0
2025-04-23 03:10:00+00:00,139.0,139.0,139.0,139.0,1000,0.0,0.0
2025-04-23 03:25:00+00:00,139.0,139.0,139.0,139.0,1000,0.0,0.0
2025-04-23 03:45:00+00:00,139.0,139.0,139.0,139.0,1000,0.0,0.0
2025-04-23 03:50:00+00:00,139.0,139.0,139.0,139.0,1000,0.0,0.0
2025-04-23 03:55:00+00:00,138.5,138.5,138.5,138.5,1000,0.0,0.0
2025-04-23 04:05:00+00:00,138.0,138.0,138.0,138.0,1000,0.0,0.0
2025-04-23 04:10:00+00:00,138.5,138.5,138.0,138.0,6007,0.0,0.0
2025-04-23 04:20:00+00:00,139.5,139.5,139.5,139.5,2000,0.0,0.0
2025-04-23 04:35:00+00:00,139.0,139.0,139.0,139.0,2000,0.0,0.0
2025-04-23 04:55:00+00:00,140.0,140.0,140.0,140.0,1288,0.0,0.0
2025-04-23 05:10:00+00:00,140.0,140.0,140.0,140.0,2000,0.0,0.0
2025-04-23 05:15:00+00:00,139.5,139.5,139.5,139.5,1200,0.0,0.0
2025-04-23 05:20:00+00:00,139.5,140.0,139.5,140.0,2000,0.0,0.0
2025-04-24 01:00:00+00:00,140.0,140.0,140.0,140.0,0,0.0,0.0
2025-04-24 01:20:00+00:00,139.5,139.5,139.5,139.5,1000,0.0,0.0
2025-04-24 01:30:00+00:00,139.5,139.5,139.5,139.5,1000,0.0,0.0
2025-04-24 01:50:00+00:00,140.0,140.0,140.0,140.0,5000,0.0,0.0
2025-04-24 01:55:00+00:00,139.5,139.5,139.5,139.5,1000,0.0,0.0
2025-04-24 02:10:00+00:00,139.5,139.5,139.0,139.0,10000,0.0,0.0
2025-04-24 02:15:00+00:00,139.0,139.0,139.0,139.0,7000,0.0,0.0
2025-04-24 02:20:00+00:00,139.5,139.5,139.5,139.5,1000,0.0,0.0
2025-04-24 02:25:00+00:00,140.0,140.0,140.0,140.0,1000,0.0,0.0
2025-04-24 02:35:00+00:00,140.0,140.0,140.0,140.0,1136,0.0,0.0
2025-04-24 02:45:00+00:00,140.0,140.0,140.0,140.0,2014,0.0,0.0
2025-04-24 03:05:00+00:00,140.0,140.0,140.0,140.0,1000,0.0,0.0
2025-04-24 03:10:00+00:00,140.0,140.0,140.0,140.0,2000,0.0,0.0
2025-04-24 03:20:00+00:00,140.0,140.5,140.0,140.5,4010,0.0,0.0
2025-04-24 03:30:00+00:00,140.5,141.0,140.5,141.0,6000,0.0,0.0
2025-04-24 03:35:00+00:00,141.5,141.5,141.5,141.5,3010,0.0,0.0
2025-04-24 04:00:00+00:00,142.0,142.0,142.0,142.0,2000,0.0,0.0
2025-04-24 04:05:00+00:00,141.5,141.5,141.5,141.5,1700,0.0,0.0
2025-04-24 04:10:00+00:00,141.5,141.5,141.5,141.5,2000,0.0,0.0
2025-04-24 04:35:00+00:00,141.5,141.5,141.5,141.5,1036,0.0,0.0
2025-04-24 04:45:00+00:00,141.5,141.5,141.5,141.5,2000,0.0,0.0
2025-04-24 04:50:00+00:00,142.0,142.0,142.0,142.0,1000,0.0,0.0
2025-04-24 05:00:00+00:00,141.5,141.5,141.5,141.5,1000,0.0,0.0
2025-04-24 05:10:00+00:00,141.5,141.5,141.5,141.5,1000,0.0,0.0
2025-04-24 05:15:00+00:00,141.0,141.0,141.0,141.0,4000,0.0,0.0
2025-04-24 05:20:00+00:00,141.5,143.0,141.5,143.0,16120,0.0,0.0
2025-04-25 01:00:00+00:00,143.5,146.0,143.5,144.0,0,0.0,0.0
2025-04-25 01:05:00+00:00,143.0,143.0,143.0,143.0,1100,0.0,0.0
2025-04-25 01:10:00+00:00,143.0,143.0,143.0,143.0,1300,0.0,0.0
2025-04-25 01:35:00+00:00,143.5,144.0,143.0,144.0,10500,0.0,0.0
2025-04-25 01:40:00+00:00,145.0,145.5,145.0,145.5,2045,0.0,0.0
2025-04-25 01:45:00+00:00,145.0,145.0,145.0,145.0,2025,0.0,0.0
2025-04-25 02:30:00+00:00,144.0,144.0,143.5,143.5,8030,0.0,0.0
2025-04-25 02:35:00+00:00,144.5,146.0,144.5,146.0,9027,0.0,0.0
2025-04-25 02:40:00+00:00,146.0,146.5,146.0,146.5,3000,0.0,0.0
2025-04-25 03:05:00+00:00,146.0,146.0,146.0,146.0,1000,0.0,0.0
2025-04-25 03:30:00+00:00,146.0,146.0,146.0,146.0,1000,0.0,0.0
2025-04-25 03:45:00+00:00,146.0,146.0,146.0,146.0,1000,0.0,0.0
2025-04-25 03:50:00+00:00,146.5,146.5,146.5,146.5,1100,0.0,0.0
2025-04-25 04:00:00+00:00,146.5,146.5,146.5,146.5,1003,0.0,0.0
2025-04-25 04:15:00+00:00,146.5,146.5,146.5,146.5,1000,0.0,0.0
2025-04-25 04:20:00+00:00,145.5,145.5,145.5,145.5,4000,0.0,0.0
2025-04-25 04:25:00+00:00,146.5,146.5,146.5,146.5,1080,0.0,0.0
2025-04-25 05:00:00+00:00,146.0,146.0,146.0,146.0,1000,0.0,0.0
2025-04-25 05:05:00+00:00,144.5,144.5,144.5,144.5,3000,0.0,0.0
2025-04-25 05:10:00+00:00,145.0,145.5,145.0,145.5,2355,0.0,0.0
2025-04-28 01:00:00+00:00,148.0,148.0,148.0,148.0,0,0.0,0.0
2025-04-28 01:15:00+00:00,148.0,148.0,148.0,148.0,3305,0.0,0.0
2025-04-28 02:05:00+00:00,147.5,147.5,147.0,147.5,3021,0.0,0.0
2025-04-28 02:30:00+00:00,147.0,147.0,147.0,147.0,1000,0.0,0.0
2025-04-28 02:45:00+00:00,146.0,146.0,146.0,146.0,1000,0.0,0.0
2025-04-28 02:55:00+00:00,146.0,146.0,146.0,146.0,2185,0.0,0.0
2025-04-28 04:35:00+00:00,146.0,146.0,145.5,145.5,5000,0.0,0.0
2025-04-28 04:55:00+00:00,145.5,145.5,145.5,145.5,1000,0.0,0.0
2025-04-28 05:05:00+00:00,145.0,145.0,145.0,145.0,1372,0.0,0.0
2025-04-28 05:10:00+00:00,144.0,144.0,144.0,144.0,1000,0.0,0.0
2025-04-28 05:15:00+00:00,144.0,144.0,144.0,144.0,1000,0.0,0.0
2025-04-29 04:45:00+00:00,143.5,143.5,143.5,143.5,0,0.0,0.0
2025-04-29 05:15:00+00:00,145.0,145.0,145.0,145.0,1028,0.0,0.0
2025-04-30 01:00:00+00:00,142.5,144.0,142.5,144.0,0,0.0,0.0
2025-04-30 01:10:00+00:00,144.0,144.0,144.0,144.0,1001,0.0,0.0
2025-04-30 01:15:00+00:00,144.0,144.0,144.0,144.0,1010,0.0,0.0
2025-04-30 02:15:00+00:00,143.5,143.5,143.5,143.5,2080,0.0,0.0
2025-04-30 02:35:00+00:00,143.5,143.5,143.5,143.5,1000,0.0,0.0
2025-04-30 02:50:00+00:00,143.0,143.0,143.0,143.0,4030,0.0,0.0
2025-04-30 02:55:00+00:00,142.0,142.0,142.0,142.0,2100,0.0,0.0
2025-04-30 04:00:00+00:00,143.0,143.0,143.0,143.0,1000,0.0,0.0
2025-04-30 04:10:00+00:00,143.0,143.0,143.0,143.0,4000,0.0,0.0
2025-04-30 04:40:00+00:00,143.5,143.5,143.5,143.5,1000,0.0,0.0
2025-04-30 04:45:00+00:00,143.5,143.5,143.5,143.5,2030,0.0,0.0
2025-04-30 04:55:00+00:00,143.0,143.0,143.0,143.0,4000,0.0,0.0
2025-04-30 05:00:00+00:00,143.5,144.5,143.0,144.5,10000,0.0,0.0
2025-04-30 05:05:00+00:00,143.5,143.5,143.5,143.5,5000,0.0,0.0
2025-04-30 05:20:00+00:00,145.0,147.5,145.0,146.0,4000,0.0,0.0
2025-05-02 01:05:00+00:00,145.5,146.5,145.5,146.5,0,0.0,0.0
2025-05-02 01:35:00+00:00,146.5,146.5,146.5,146.5,1008,0.0,0.0
2025-05-02 01:40:00+00:00,146.5,148.0,146.5,148.0,2215,0.0,0.0
2025-05-02 05:10:00+00:00,147.5,147.5,147.5,147.5,2000,0.0,0.0
2025-05-05 01:00:00+00:00,146.5,146.5,146.5,146.5,0,0.0,0.0
2025-05-05 01:10:00+00:00,145.0,145.0,145.0,145.0,1000,0.0,0.0
2025-05-05 01:20:00+00:00,144.0,144.0,144.0,144.0,1060,0.0,0.0
2025-05-05 01:35:00+00:00,143.5,143.5,142.5,142.5,5000,0.0,0.0
2025-05-05 01:45:00+00:00,140.0,140.0,140.0,140.0,2000,0.0,0.0
2025-05-05 01:50:00+00:00,140.0,140.0,140.0,140.0,1000,0.0,0.0
2025-05-05 01:55:00+00:00,139.0,139.0,139.0,139.0,1050,0.0,0.0
2025-05-05 02:10:00+00:00,138.0,138.0,138.0,138.0,2000,0.0,0.0
2025-05-05 02:15:00+00:00,139.5,139.5,139.5,139.5,7000,0.0,0.0
2025-05-05 02:20:00+00:00,139.5,140.0,139.5,140.0,8211,0.0,0.0
2025-05-05 02:55:00+00:00,139.0,139.0,139.0,139.0,1000,0.0,0.0
2025-05-05 03:35:00+00:00,139.5,139.5,139.5,139.5,1000,0.0,0.0
2025-05-05 04:10:00+00:00,141.0,141.0,141.0,141.0,1000,0.0,0.0
2025-05-05 04:35:00+00:00,142.5,142.5,142.5,142.5,1200,0.0,0.0
2025-05-05 05:05:00+00:00,142.0,142.0,142.0,142.0,3000,0.0,0.0
2025-05-05 05:15:00+00:00,142.0,142.0,142.0,142.0,5000,0.0,0.0
2025-05-05 05:20:00+00:00,142.0,143.5,142.0,143.5,4000,0.0,0.0
2025-05-06 01:00:00+00:00,143.5,143.5,143.5,143.5,0,0.0,0.0
2025-05-06 01:40:00+00:00,144.0,144.5,144.0,144.5,2000,0.0,0.0
2025-05-06 01:50:00+00:00,143.0,143.0,143.0,143.0,1100,0.0,0.0
2025-05-06 02:15:00+00:00,144.5,144.5,144.5,144.5,1068,0.0,0.0
2025-05-06 03:20:00+00:00,144.5,145.0,144.5,145.0,13053,0.0,0.0
2025-05-06 03:25:00+00:00,145.5,146.5,145.5,146.5,3000,0.0,0.0
2025-05-06 03:40:00+00:00,145.5,145.5,145.5,145.5,1050,0.0,0.0
2025-05-06 04:20:00+00:00,144.0,144.0,144.0,144.0,1100,0.0,0.0
2025-05-06 05:15:00+00:00,145.0,145.5,145.0,145.5,3000,0.0,0.0
2025-05-06 05:20:00+00:00,145.5,145.5,145.5,145.5,1000,0.0,0.0
2025-05-07 01:05:00+00:00,145.5,147.0,145.5,147.0,3027,0.0,0.0
2025-05-07 02:20:00+00:00,145.5,145.5,145.0,145.0,2007,0.0,0.0
2025-05-07 03:05:00+00:00,145.0,145.0,145.0,145.0,1000,0.0,0.0
2025-05-07 03:30:00+00:00,144.5,144.5,144.5,144.5,1000,0.0,0.0
2025-05-07 03:35:00+00:00,145.0,145.0,145.0,145.0,4010,0.0,0.0
2025-05-07 05:00:00+00:00,144.0,144.0,144.0,144.0,1000,0.0,0.0
2025-05-07 05:20:00+00:00,144.0,144.0,144.0,144.0,2000,0.0,0.0
2025-05-08 01:00:00+00:00,146.0,147.0,146.0,147.0,0,0.0,0.0
2025-05-08 02:15:00+00:00,147.0,147.5,147.0,147.5,0,0.0,0.0
2025-05-08 02:20:00+00:00,147.5,147.5,147.5,147.5,2000,0.0,0.0
2025-05-08 02:45:00+00:00,146.0,146.0,146.0,146.0,1000,0.0,0.0
2025-05-08 02:55:00+00:00,145.0,145.0,145.0,145.0,1001,0.0,0.0
2025-05-08 03:00:00+00:00,145.5,145.5,145.0,145.0,2000,0.0,0.0
2025-05-08 03:05:00+00:00,145.5,145.5,145.5,145.5,1130,0.0,0.0
2025-05-08 03:20:00+00:00,146.0,146.0,146.0,146.0,1125,0.0,0.0
2025-05-08 04:15:00+00:00,146.0,146.0,146.0,146.0,1007,0.0,0.0
2025-05-08 04:55:00+00:00,146.0,146.0,145.5,145.5,5000,0.0,0.0
2025-05-08 05:00:00+00:00,146.5,146.5,146.5,146.5,6000,0.0,0.0
2025-05-08 05:05:00+00:00,147.0,147.5,147.0,147.5,3000,0.0,0.0
2025-05-08 05:20:00+00:00,147.5,147.5,146.0,146.0,3000,0.0,0.0
2025-05-09 01:00:00+00:00,146.5,149.0,146.5,149.0,0,0.0,0.0
2025-05-09 01:15:00+00:00,148.0,148.0,148.0,148.0,3000,0.0,0.0
2025-05-09 01:20:00+00:00,148.5,149.5,148.5,149.5,16100,0.0,0.0
2025-05-09 01:25:00+00:00,150.0,150.0,150.0,150.0,5000,0.0,0.0
2025-05-09 01:30:00+00:00,151.5,151.5,150.0,150.0,3350,0.0,0.0
2025-05-09 01:35:00+00:00,151.5,152.0,151.5,152.0,2000,0.0,0.0
2025-05-09 01:40:00+00:00,152.0,153.5,152.0,153.5,8220,0.0,0.0
2025-05-09 01:45:00+00:00,153.5,153.5,153.5,153.5,1108,0.0,0.0
2025-05-09 01:55:00+00:00,153.5,153.5,153.5,153.5,1050,0.0,0.0
2025-05-09 02:20:00+00:00,151.0,151.0,150.0,150.0,6218,0.0,0.0
2025-05-09 04:45:00+00:00,149.0,149.0,149.0,149.0,1089,0.0,0.0
2025-05-09 04:50:00+00:00,149.0,149.0,149.0,149.0,4000,0.0,0.0
2025-05-09 05:10:00+00:00,149.0,149.0,149.0,149.0,2000,0.0,0.0
2025-05-09 05:20:00+00:00,151.0,151.0,151.0,151.0,1000,0.0,0.0
2025-05-12 01:05:00+00:00,156.0,156.0,156.0,156.0,0,0.0,0.0
2025-05-12 01:30:00+00:00,154.5,155.5,154.5,155.5,4000,0.0,0.0
2025-05-12 01:50:00+00:00,154.5,154.5,154.5,154.5,1080,0.0,0.0
2025-05-12 02:25:00+00:00,152.0,152.0,152.0,152.0,2069,0.0,0.0
2025-05-12 03:10:00+00:00,152.0,153.5,152.0,153.5,3000,0.0,0.0
2025-05-12 03:30:00+00:00,153.5,153.5,153.5,153.5,2000,0.0,0.0
2025-05-12 04:05:00+00:00,153.5,154.0,153.5,154.0,2000,0.0,0.0
2025-05-13 01:00:00+00:00,154.0,156.5,154.0,156.5,0,0.0,0.0
2025-05-13 01:10:00+00:00,154.0,154.0,154.0,154.0,1000,0.0,0.0
2025-05-13 01:20:00+00:00,152.5,152.5,152.5,152.5,2190,0.0,0.0
2025-05-13 01:50:00+00:00,152.0,152.0,152.0,152.0,2001,0.0,0.0
2025-05-13 02:00:00+00:00,152.0,152.0,152.0,152.0,1000,0.0,0.0
2025-05-13 02:05:00+00:00,152.0,152.0,152.0,152.0,1000,0.0,0.0
2025-05-13 02:30:00+00:00,152.0,153.0,151.5,151.5,5070,0.0,0.0
2025-05-13 02:35:00+00:00,151.5,151.5,150.5,150.5,5142,0.0,0.0
2025-05-13 02:40:00+00:00,151.0,151.0,151.0,151.0,3000,0.0,0.0
2025-05-13 02:55:00+00:00,151.0,151.0,151.0,151.0,2000,0.0,0.0
2025-05-13 03:00:00+00:00,150.5,150.5,150.5,150.5,2123,0.0,0.0
2025-05-13 03:10:00+00:00,150.0,150.0,150.0,150.0,3017,0.0,0.0
2025-05-13 03:35:00+00:00,150.5,150.5,150.5,150.5,1000,0.0,0.0
2025-05-13 03:40:00+00:00,150.5,150.5,150.5,150.5,1000,0.0,0.0
2025-05-13 03:45:00+00:00,151.0,151.0,151.0,151.0,2743,0.0,0.0
2025-05-13 04:00:00+00:00,150.5,150.5,150.5,150.5,1000,0.0,0.0
2025-05-13 04:40:00+00:00,150.0,150.0,149.5,149.5,3036,0.0,0.0
2025-05-13 04:50:00+00:00,149.0,149.0,149.0,149.0,1000,0.0,0.0
2025-05-13 05:00:00+00:00,149.0,149.0,149.0,149.0,1000,0.0,0.0
2025-05-13 05:05:00+00:00,149.0,149.0,149.0,149.0,1000,0.0,0.0
2025-05-13 05:20:00+00:00,149.5,152.5,149.5,152.5,9104,0.0,0.0
2025-05-14 01:00:00+00:00,147.5,148.0,147.5,148.0,0,0.0,0.0
2025-05-14 01:05:00+00:00,150.0,151.5,150.0,151.5,2000,0.0,0.0
2025-05-14 01:10:00+00:00,149.0,149.0,149.0,149.0,1000,0.0,0.0
2025-05-14 01:15:00+00:00,150.0,151.0,150.0,151.0,2000,0.0,0.0
2025-05-14 01:25:00+00:00,150.0,150.0,149.0,149.0,3000,0.0,0.0
2025-05-14 01:45:00+00:00,149.0,149.0,149.0,149.0,1000,0.0,0.0
2025-05-14 01:50:00+00:00,148.5,150.5,148.5,150.5,3093,0.0,0.0
2025-05-14 02:10:00+00:00,148.5,148.5,148.5,148.5,2000,0.0,0.0
2025-05-14 02:15:00+00:00,148.0,148.0,147.0,148.0,19000,0.0,0.0
2025-05-14 02:20:00+00:00,148.0,148.0,148.0,148.0,4000,0.0,0.0
2025-05-14 02:35:00+00:00,148.5,148.5,148.5,148.5,2140,0.0,0.0
2025-05-14 02:50:00+00:00,149.0,149.0,149.0,149.0,1000,0.0,0.0
2025-05-14 02:55:00+00:00,149.0,149.0,149.0,149.0,1000,0.0,0.0
2025-05-14 03:05:00+00:00,149.5,149.5,149.5,149.5,1000,0.0,0.0
2025-05-14 03:40:00+00:00,149.5,149.5,149.5,149.5,2000,0.0,0.0
2025-05-14 03:45:00+00:00,149.5,149.5,149.5,149.5,2000,0.0,0.0
2025-05-14 04:10:00+00:00,149.5,149.5,149.5,149.5,2404,0.0,0.0
2025-05-14 04:25:00+00:00,149.5,149.5,149.5,149.5,2006,0.0,0.0
2025-05-14 04:30:00+00:00,149.5,149.5,149.5,149.5,1018,0.0,0.0
2025-05-14 04:40:00+00:00,150.0,150.0,150.0,150.0,3018,0.0,0.0
2025-05-14 04:50:00+00:00,150.0,150.0,150.0,150.0,1006,0.0,0.0
2025-05-14 04:55:00+00:00,150.5,150.5,150.5,150.5,1011,0.0,0.0
2025-05-14 05:00:00+00:00,150.5,151.0,150.5,151.0,10285,0.0,0.0
2025-05-14 05:10:00+00:00,151.5,151.5,151.5,151.5,3061,0.0,0.0
2025-05-15 01:00:00+00:00,150.5,150.5,150.0,150.0,0,0.0,0.0
2025-05-15 01:10:00+00:00,152.0,152.5,150.0,150.0,3010,0.0,0.0
2025-05-15 01:15:00+00:00,149.5,149.5,149.0,149.0,4000,0.0,0.0
2025-05-15 01:20:00+00:00,149.0,149.0,149.0,149.0,2000,0.0,0.0
2025-05-15 01:35:00+00:00,149.0,149.0,148.5,148.5,3000,0.0,0.0
2025-05-15 01:40:00+00:00,148.5,148.5,148.5,148.5,1068,0.0,0.0
2025-05-15 01:55:00+00:00,148.5,148.5,148.0,148.0,6047,0.0,0.0
2025-05-15 02:10:00+00:00,149.5,149.5,149.5,149.5,1093,0.0,0.0
2025-05-15 03:05:00+00:00,149.5,149.5,149.5,149.5,2000,0.0,0.0
2025-05-15 03:10:00+00:00,149.5,149.5,149.5,149.5,1000,0.0,0.0
2025-05-15 04:15:00+00:00,149.5,149.5,149.5,149.5,1000,0.0,0.0
2025-05-15 04:30:00+00:00,150.0,150.0,150.0,150.0,1000,0.0,0.0
2025-05-15 04:35:00+00:00,150.0,150.5,150.0,150.5,3058,0.0,0.0
2025-05-15 04:50:00+00:00,150.0,150.0,150.0,150.0,3020,0.0,0.0
2025-05-15 05:10:00+00:00,149.5,149.5,149.0,149.0,7000,0.0,0.0
2025-05-15 05:15:00+00:00,149.0,149.0,149.0,149.0,4000,0.0,0.0
2025-05-15 05:20:00+00:00,149.0,149.0,148.5,148.5,3000,0.0,0.0
2025-05-16 01:00:00+00:00,148.0,148.0,147.0,147.0,0,0.0,0.0
2025-05-16 01:05:00+00:00,147.0,147.0,146.5,146.5,7016,0.0,0.0
2025-05-16 01:10:00+00:00,148.0,148.5,147.5,147.5,3000,0.0,0.0
2025-05-16 01:15:00+00:00,147.5,148.0,147.5,148.0,3000,0.0,0.0
2025-05-16 01:20:00+00:00,147.5,147.5,147.5,147.5,1000,0.0,0.0
2025-05-16 01:25:00+00:00,147.5,147.5,147.5,147.5,1000,0.0,0.0
2025-05-16 01:30:00+00:00,147.5,147.5,147.5,147.5,2000,0.0,0.0
2025-05-16 01:35:00+00:00,147.0,147.0,147.0,147.0,1424,0.0,0.0
2025-05-16 01:40:00+00:00,147.0,148.0,147.0,148.0,7000,0.0,0.0
2025-05-16 01:45:00+00:00,147.5,147.5,147.5,147.5,2000,0.0,0.0
2025-05-16 01:50:00+00:00,147.5,147.5,147.5,147.5,1000,0.0,0.0
2025-05-16 01:55:00+00:00,147.5,147.5,147.5,147.5,1000,0.0,0.0
2025-05-16 02:00:00+00:00,148.5,148.5,148.0,148.0,3000,0.0,0.0
2025-05-16 02:05:00+00:00,148.5,148.5,148.5,148.5,7000,0.0,0.0
2025-05-16 02:10:00+00:00,148.5,148.5,148.0,148.0,2000,0.0,0.0
2025-05-16 02:15:00+00:00,148.0,148.0,148.0,148.0,1000,0.0,0.0
2025-05-16 02:20:00+00:00,148.0,148.0,148.0,148.0,1000,0.0,0.0
2025-05-16 02:25:00+00:00,148.0,148.0,148.0,148.0,1000,0.0,0.0
2025-05-16 02:30:00+00:00,148.0,148.0,148.0,148.0,2000,0.0,0.0
2025-05-16 02:35:00+00:00,147.5,147.5,147.5,147.5,2000,0.0,0.0
2025-05-16 02:40:00+00:00,148.0,148.5,148.0,148.5,6000,0.0,0.0
2025-05-16 02:45:00+00:00,148.0,148.5,148.0,148.5,2000,0.0,0.0
2025-05-16 02:50:00+00:00,148.0,148.5,148.0,148.5,2000,0.0,0.0
2025-05-16 02:55:00+00:00,149.0,149.5,148.5,149.5,4089,0.0,0.0
2025-05-16 03:00:00+00:00,149.0,149.5,149.0,149.5,3238,0.0,0.0
2025-05-16 03:05:00+00:00,149.5,150.0,149.0,150.0,5000,0.0,0.0
2025-05-16 03:10:00+00:00,149.5,149.5,149.5,149.5,1000,0.0,0.0
2025-05-16 03:15:00+00:00,149.0,150.0,149.0,150.0,5000,0.0,0.0
2025-05-16 03:20:00+00:00,149.5,149.5,149.5,149.5,2000,0.0,0.0
2025-05-16 03:25:00+00:00,149.5,150.0,149.5,150.0,2000,0.0,0.0
2025-05-16 03:30:00+00:00,149.5,149.5,149.5,149.5,1000,0.0,0.0
2025-05-16 03:35:00+00:00,149.5,150.0,149.5,150.0,2000,0.0,0.0
2025-05-16 03:40:00+00:00,149.5,150.0,149.5,150.0,2000,0.0,0.0
2025-05-16 03:45:00+00:00,149.5,149.5,149.5,149.5,1000,0.0,0.0
2025-05-16 03:50:00+00:00,149.0,149.0,149.0,149.0,1000,0.0,0.0
2025-05-16 03:55:00+00:00,149.5,150.5,149.0,150.5,11000,0.0,0.0
2025-05-16 04:00:00+00:00,150.0,150.0,150.0,150.0,1000,0.0,0.0
2025-05-16 04:05:00+00:00,151.0,151.0,150.5,150.5,8179,0.0,0.0
2025-05-16 04:10:00+00:00,150.0,150.0,150.0,150.0,1001,0.0,0.0
2025-05-16 04:15:00+00:00,150.0,150.0,150.0,150.0,1000,0.0,0.0
2025-05-16 04:20:00+00:00,149.5,149.5,149.5,149.5,1000,0.0,0.0
2025-05-16 04:25:00+00:00,149.5,149.5,149.5,149.5,1000,0.0,0.0
2025-05-16 04:30:00+00:00,150.5,150.5,150.0,150.0,2000,0.0,0.0
2025-05-16 04:35:00+00:00,150.5,150.5,150.0,150.0,2000,0.0,0.0
2025-05-16 04:40:00+00:00,149.5,149.5,149.5,149.5,1000,0.0,0.0
2025-05-16 04:45:00+00:00,149.5,150.5,149.5,150.5,2100,0.0,0.0
2025-05-16 04:50:00+00:00,150.0,150.0,150.0,150.0,1000,0.0,0.0
2025-05-16 04:55:00+00:00,149.5,150.5,149.5,150.5,2099,0.0,0.0
2025-05-16 05:05:00+00:00,150.5,150.5,150.5,150.5,1200,0.0,0.0
2025-05-19 01:40:00+00:00,151.0,151.0,151.0,151.0,0,0.0,0.0
2025-05-19 01:50:00+00:00,149.5,149.5,149.5,149.5,1000,0.0,0.0
2025-05-19 02:35:00+00:00,149.0,149.0,149.0,149.0,1000,0.0,0.0
2025-05-19 04:25:00+00:00,150.5,151.0,150.5,151.0,2001,0.0,0.0
2025-05-19 05:00:00+00:00,150.5,150.5,150.5,150.5,1000,0.0,0.0
2025-05-19 05:20:00+00:00,150.5,150.5,150.5,150.5,1000,0.0,0.0
2025-05-20 01:10:00+00:00,150.5,151.5,150.5,151.5,1000,0.0,0.0
2025-05-20 01:15:00+00:00,151.0,151.0,151.0,151.0,1000,0.0,0.0
2025-05-20 01:20:00+00:00,151.0,151.0,151.0,151.0,1000,0.0,0.0
2025-05-20 01:35:00+00:00,151.0,151.0,151.0,151.0,1030,0.0,0.0
2025-05-20 02:20:00+00:00,150.0,150.0,150.0,150.0,1329,0.0,0.0
2025-05-20 04:15:00+00:00,150.0,150.0,150.0,150.0,1000,0.0,0.0
2025-05-20 04:55:00+00:00,150.0,150.0,150.0,150.0,2000,0.0,0.0
2025-05-20 05:20:00+00:00,150.5,150.5,150.5,150.5,2000,0.0,0.0
2025-05-21 01:10:00+00:00,150.0,150.0,150.0,150.0,0,0.0,0.0
2025-05-21 02:05:00+00:00,150.0,150.0,150.0,150.0,1000,0.0,0.0
2025-05-21 02:10:00+00:00,150.5,150.5,150.5,150.5,1040,0.0,0.0
2025-05-21 04:30:00+00:00,150.5,150.5,150.5,150.5,2150,0.0,0.0
2025-05-21 04:40:00+00:00,151.0,151.0,151.0,151.0,1000,0.0,0.0
2025-05-21 05:00:00+00:00,151.0,151.0,149.0,149.0,4177,0.0,0.0
2025-05-21 05:20:00+00:00,149.5,149.5,149.5,149.5,1025,0.0,0.0
2025-05-22 01:00:00+00:00,147.5,147.5,147.5,147.5,0,0.0,0.0
2025-05-22 01:05:00+00:00,148.5,148.5,148.5,148.5,2400,0.0,0.0
2025-05-22 01:20:00+00:00,148.5,149.5,148.5,149.5,2000,0.0,0.0
2025-05-22 01:25:00+00:00,149.5,149.5,149.5,149.5,1000,0.0,0.0
2025-05-22 01:35:00+00:00,150.0,150.0,150.0,150.0,1000,0.0,0.0
2025-05-22 01:55:00+00:00,150.0,150.5,150.0,150.5,5000,0.0,0.0
2025-05-22 02:00:00+00:00,150.5,151.0,150.5,151.0,5050,0.0,0.0
2025-05-22 02:15:00+00:00,151.0,152.0,151.0,152.0,6010,0.0,0.0
2025-05-22 02:45:00+00:00,152.0,156.0,152.0,156.0,15100,0.0,0.0
2025-05-22 02:50:00+00:00,156.0,156.0,156.0,156.0,1019,0.0,0.0
2025-05-22 03:05:00+00:00,154.0,155.5,154.0,155.5,3050,0.0,0.0
2025-05-22 03:25:00+00:00,154.5,154.5,153.5,153.5,2000,0.0,0.0
2025-05-22 03:30:00+00:00,153.0,153.0,153.0,153.0,1000,0.0,0.0
2025-05-22 03:45:00+00:00,154.5,155.5,154.5,155.5,4105,0.0,0.0
2025-05-22 04:10:00+00:00,155.0,155.0,155.0,155.0,1008,0.0,0.0
2025-05-22 04:25:00+00:00,155.0,155.0,155.0,155.0,2000,0.0,0.0
2025-05-22 04:40:00+00:00,155.5,155.5,155.5,155.5,2062,0.0,0.0
2025-05-22 04:45:00+00:00,155.5,155.5,155.5,155.5,2149,0.0,0.0
2025-05-22 05:05:00+00:00,155.5,155.5,155.5,155.5,3125,0.0,0.0
2025-05-22 05:20:00+00:00,155.5,155.5,153.5,153.5,4100,0.0,0.0
2025-05-23 01:00:00+00:00,155.0,156.0,154.5,156.0,0,0.0,0.0
2025-05-23 01:05:00+00:00,157.0,158.5,157.0,158.5,6113,0.0,0.0
2025-05-23 01:10:00+00:00,158.5,161.5,158.5,161.0,19170,0.0,0.0
2025-05-23 01:15:00+00:00,160.0,160.0,158.5,158.5,5020,0.0,0.0
2025-05-23 01:20:00+00:00,158.5,158.5,158.5,158.5,1000,0.0,0.0
2025-05-23 01:35:00+00:00,159.5,159.5,159.5,159.5,1050,0.0,0.0
2025-05-23 01:40:00+00:00,159.0,159.0,159.0,159.0,1005,0.0,0.0
2025-05-23 01:55:00+00:00,158.5,158.5,158.0,158.0,2005,0.0,0.0
2025-05-23 02:00:00+00:00,157.5,157.5,157.5,157.5,2000,0.0,0.0
2025-05-23 02:05:00+00:00,157.5,157.5,157.5,157.5,1000,0.0,0.0
2025-05-23 02:10:00+00:00,157.0,157.5,157.0,157.0,6050,0.0,0.0
2025-05-23 02:15:00+00:00,158.0,158.5,158.0,158.5,2016,0.0,0.0
2025-05-23 02:20:00+00:00,157.0,157.0,156.5,156.5,2000,0.0,0.0
2025-05-23 02:30:00+00:00,156.5,156.5,156.5,156.5,1000,0.0,0.0
2025-05-23 02:40:00+00:00,157.0,157.0,157.0,157.0,2000,0.0,0.0
2025-05-23 02:45:00+00:00,157.5,158.5,157.5,158.5,2000,0.0,0.0
2025-05-23 02:50:00+00:00,158.0,158.0,158.0,158.0,1050,0.0,0.0
2025-05-23 04:00:00+00:00,158.0,158.0,158.0,158.0,1000,0.0,0.0
2025-05-23 04:05:00+00:00,157.0,157.0,156.5,156.5,4146,0.0,0.0
2025-05-23 04:40:00+00:00,154.0,154.0,154.0,154.0,6133,0.0,0.0
2025-05-23 04:45:00+00:00,153.5,154.0,153.5,154.0,7000,0.0,0.0
2025-05-23 04:50:00+00:00,156.0,156.0,156.0,156.0,1000,0.0,0.0
2025-05-23 05:05:00+00:00,155.5,155.5,155.5,155.5,2000,0.0,0.0
2025-05-23 05:20:00+00:00,154.0,155.5,154.0,155.5,3000,0.0,0.0
2025-05-26 01:00:00+00:00,153.5,156.0,153.5,155.0,0,0.0,0.0
2025-05-26 01:10:00+00:00,156.0,156.5,156.0,156.5,3003,0.0,0.0
2025-05-26 01:35:00+00:00,154.5,154.5,154.5,154.5,1000,0.0,0.0
2025-05-26 01:40:00+00:00,153.5,153.5,153.5,153.5,1000,0.0,0.0
2025-05-26 01:45:00+00:00,153.5,153.5,153.5,153.5,1178,0.0,0.0
2025-05-26 02:00:00+00:00,153.5,153.5,153.5,153.5,1000,0.0,0.0
2025-05-26 02:25:00+00:00,154.5,154.5,154.5,154.5,1000,0.0,0.0
2025-05-26 02:55:00+00:00,154.5,154.5,154.5,154.5,1000,0.0,0.0
2025-05-26 03:05:00+00:00,155.0,155.0,155.0,155.0,1000,0.0,0.0
2025-05-26 03:10:00+00:00,155.0,155.5,155.0,155.5,2076,0.0,0.0
2025-05-26 04:20:00+00:00,154.0,154.0,154.0,154.0,2000,0.0,0.0
2025-05-26 04:35:00+00:00,154.0,154.0,154.0,154.0,1000,0.0,0.0
2025-05-26 05:20:00+00:00,154.0,155.5,154.0,155.5,5000,0.0,0.0
2025-05-27 01:05:00+00:00,155.5,156.0,155.5,156.0,0,0.0,0.0
2025-05-27 01:45:00+00:00,153.5,153.5,153.5,153.5,1000,0.0,0.0
2025-05-27 01:50:00+00:00,153.5,153.5,153.5,153.5,1000,0.0,0.0
2025-05-27 02:20:00+00:00,153.5,153.5,153.5,153.5,1000,0.0,0.0
2025-05-27 02:30:00+00:00,153.0,153.0,153.0,153.0,1000,0.0,0.0
2025-05-27 02:40:00+00:00,152.5,152.5,152.5,152.5,1000,0.0,0.0
2025-05-27 02:45:00+00:00,152.0,152.0,152.0,152.0,1000,0.0,0.0
2025-05-27 03:15:00+00:00,152.5,152.5,152.5,152.5,1020,0.0,0.0
2025-05-27 03:30:00+00:00,152.0,152.0,152.0,152.0,4183,0.0,0.0
2025-05-27 04:15:00+00:00,151.0,151.0,151.0,151.0,2165,0.0,0.0
2025-05-27 04:30:00+00:00,150.5,150.5,150.5,150.5,1000,0.0,0.0
2025-05-27 04:40:00+00:00,149.5,149.5,149.5,149.5,3009,0.0,0.0
2025-05-27 04:55:00+00:00,151.0,151.0,150.0,150.0,8000,0.0,0.0
2025-05-27 05:10:00+00:00,150.0,150.0,150.0,150.0,1220,0.0,0.0
2025-05-27 05:15:00+00:00,150.5,150.5,150.5,150.5,2640,0.0,0.0
2025-05-28 01:00:00+00:00,154.0,154.5,154.0,154.5,0,0.0,0.0
2025-05-28 01:20:00+00:00,152.0,152.0,152.0,152.0,1000,0.0,0.0
2025-05-28 01:25:00+00:00,151.0,151.0,151.0,151.0,1000,0.0,0.0
2025-05-28 01:30:00+00:00,152.5,153.0,152.5,153.0,2155,0.0,0.0
2025-05-28 02:10:00+00:00,151.0,151.0,150.5,150.5,2144,0.0,0.0
2025-05-28 03:15:00+00:00,151.5,151.5,151.5,151.5,1006,0.0,0.0
2025-05-28 03:20:00+00:00,152.5,153.0,152.5,153.0,2026,0.0,0.0
2025-05-28 04:35:00+00:00,151.0,151.0,150.5,150.5,3000,0.0,0.0
2025-05-28 05:00:00+00:00,150.5,150.5,150.5,150.5,2000,0.0,0.0
2025-05-29 01:00:00+00:00,152.0,152.0,152.0,152.0,0,0.0,0.0
2025-05-29 01:15:00+00:00,150.0,150.0,149.5,149.5,2000,0.0,0.0
2025-05-29 01:30:00+00:00,148.5,148.5,148.5,148.5,3000,0.0,0.0
2025-05-29 01:35:00+00:00,148.5,148.5,148.5,148.5,1110,0.0,0.0
2025-05-29 01:50:00+00:00,148.5,148.5,148.5,148.5,3000,0.0,0.0
2025-05-29 01:55:00+00:00,149.0,149.0,149.0,149.0,1016,0.0,0.0
2025-05-29 02:00:00+00:00,148.5,148.5,148.5,148.5,1000,0.0,0.0
2025-05-29 02:40:00+00:00,148.5,148.5,148.5,148.5,1462,0.0,0.0
2025-05-29 03:25:00+00:00,149.0,149.0,149.0,149.0,1000,0.0,0.0
2025-05-29 03:35:00+00:00,150.0,150.0,150.0,150.0,4010,0.0,0.0
2025-05-29 04:05:00+00:00,150.0,150.0,150.0,150.0,2020,0.0,0.0
2025-05-29 05:00:00+00:00,150.0,150.0,150.0,150.0,5140,0.0,0.0
2025-05-29 05:15:00+00:00,151.0,151.0,151.0,151.0,1000,0.0,0.0
2025-06-02 01:15:00+00:00,152.0,152.5,152.0,152.5,0,0.0,0.0
2025-06-02 01:35:00+00:00,152.0,152.0,152.0,152.0,1000,0.0,0.0
2025-06-02 01:40:00+00:00,152.0,152.0,152.0,152.0,1000,0.0,0.0
2025-06-02 01:50:00+00:00,151.0,151.0,151.0,151.0,1000,0.0,0.0
2025-06-02 01:55:00+00:00,150.5,150.5,150.5,150.5,2000,0.0,0.0
2025-06-02 02:05:00+00:00,151.5,151.5,151.5,151.5,1000,0.0,0.0
2025-06-02 02:10:00+00:00,151.0,151.0,151.0,151.0,1000,0.0,0.0
2025-06-02 03:30:00+00:00,150.0,150.0,150.0,150.0,1000,0.0,0.0
2025-06-02 04:00:00+00:00,150.0,150.0,150.0,150.0,1010,0.0,0.0
2025-06-02 05:20:00+00:00,150.0,150.0,150.0,150.0,3000,0.0,0.0
2025-06-03 01:00:00+00:00,150.0,151.5,149.5,149.5,0,0.0,0.0
2025-06-03 01:25:00+00:00,151.5,153.5,151.5,153.5,6061,0.0,0.0
2025-06-03 01:30:00+00:00,153.0,153.0,153.0,153.0,3170,0.0,0.0
2025-06-03 02:40:00+00:00,150.5,150.5,150.5,150.5,1094,0.0,0.0
2025-06-03 04:40:00+00:00,150.0,150.0,150.0,150.0,3000,0.0,0.0
2025-06-03 05:20:00+00:00,150.0,150.0,149.5,149.5,6000,0.0,0.0
2025-06-04 01:00:00+00:00,152.5,152.5,152.5,152.5,0,0.0,0.0
2025-06-04 01:30:00+00:00,151.0,151.0,151.0,151.0,1000,0.0,0.0
2025-06-04 01:40:00+00:00,152.0,152.0,152.0,152.0,1000,0.0,0.0
2025-06-04 01:45:00+00:00,152.0,152.5,152.0,152.5,6100,0.0,0.0
2025-06-04 02:10:00+00:00,152.0,152.0,152.0,152.0,2000,0.0,0.0
2025-06-04 04:10:00+00:00,151.0,151.0,150.5,150.5,4000,0.0,0.0
2025-06-04 05:20:00+00:00,150.5,151.5,150.5,151.5,2000,0.0,0.0
2025-06-05 01:00:00+00:00,150.0,150.0,150.0,150.0,0,0.0,0.0
2025-06-05 01:05:00+00:00,150.0,150.0,150.0,150.0,3000,0.0,0.0
2025-06-05 01:10:00+00:00,153.0,153.0,153.0,153.0,1010,0.0,0.0
2025-06-05 01:25:00+00:00,150.0,150.0,150.0,150.0,1000,0.0,0.0
2025-06-05 01:50:00+00:00,151.5,151.5,151.5,151.5,3000,0.0,0.0
2025-06-05 02:15:00+00:00,151.5,151.5,151.5,151.5,1000,0.0,0.0
2025-06-05 03:40:00+00:00,152.0,152.0,152.0,152.0,4000,0.0,0.0
2025-06-05 03:45:00+00:00,152.0,153.5,152.0,153.5,21095,0.0,0.0
2025-06-05 04:25:00+00:00,153.5,153.5,153.5,153.5,1001,0.0,0.0
2025-06-05 05:10:00+00:00,152.5,152.5,152.0,152.0,13000,0.0,0.0
2025-06-05 05:20:00+00:00,151.5,152.5,151.0,152.5,7385,0.0,0.0
2025-06-06 01:00:00+00:00,151.5,153.0,151.5,151.5,0,0.0,0.0
2025-06-06 01:05:00+00:00,151.0,151.0,151.0,151.0,2000,0.0,0.0
2025-06-06 01:15:00+00:00,151.0,153.0,151.0,151.5,4000,0.0,0.0
2025-06-06 01:25:00+00:00,151.5,151.5,151.5,151.5,1100,0.0,0.0
2025-06-06 02:15:00+00:00,152.5,152.5,152.5,152.5,2100,0.0,0.0
2025-06-06 05:20:00+00:00,152.0,152.0,152.0,152.0,2000,0.0,0.0
2025-06-09 01:00:00+00:00,153.0,153.0,153.0,153.0,0,0.0,0.0
2025-06-09 01:20:00+00:00,151.5,151.5,151.5,151.5,3000,0.0,0.0
2025-06-09 02:35:00+00:00,152.5,152.5,152.5,152.5,1000,0.0,0.0
2025-06-09 02:40:00+00:00,152.5,153.0,152.5,153.0,2000,0.0,0.0
2025-06-09 02:45:00+00:00,153.0,153.0,153.0,153.0,2000,0.0,0.0
2025-06-09 03:00:00+00:00,152.0,152.0,152.0,152.0,2000,0.0,0.0
2025-06-09 04:25:00+00:00,153.0,153.5,153.0,153.5,9000,0.0,0.0
2025-06-09 04:40:00+00:00,153.5,153.5,153.5,153.5,2022,0.0,0.0
2025-06-09 05:05:00+00:00,153.5,154.5,153.0,153.0,11000,0.0,0.0
2025-06-09 05:10:00+00:00,154.5,154.5,154.5,154.5,2078,0.0,0.0
2025-06-09 05:20:00+00:00,155.0,155.0,155.0,155.0,3337,0.0,0.0
2025-06-10 01:05:00+00:00,153.0,153.0,153.0,153.0,0,0.0,0.0
2025-06-10 01:30:00+00:00,153.0,153.0,153.0,153.0,1012,0.0,0.0
2025-06-10 01:55:00+00:00,153.0,153.0,153.0,153.0,2082,0.0,0.0
2025-06-10 02:20:00+00:00,153.0,153.0,153.0,153.0,1000,0.0,0.0
2025-06-10 02:40:00+00:00,154.0,154.0,154.0,154.0,1000,0.0,0.0
2025-06-10 02:55:00+00:00,153.5,153.5,153.5,153.5,1000,0.0,0.0
2025-06-10 03:20:00+00:00,153.0,153.0,153.0,153.0,2000,0.0,0.0
2025-06-10 03:50:00+00:00,153.5,153.5,153.5,153.5,1130,0.0,0.0
2025-06-10 04:30:00+00:00,153.0,153.0,152.5,152.5,7000,0.0,0.0
2025-06-11 01:00:00+00:00,156.0,156.0,153.5,155.5,0,0.0,0.0
2025-06-11 02:30:00+00:00,152.0,152.0,152.0,152.0,2000,0.0,0.0
2025-06-11 03:45:00+00:00,152.0,152.0,152.0,152.0,2000,0.0,0.0
2025-06-11 04:00:00+00:00,152.0,152.0,152.0,152.0,1000,0.0,0.0
2025-06-12 01:00:00+00:00,152.5,152.5,152.5,152.5,0,0.0,0.0
2025-06-12 03:50:00+00:00,151.0,151.0,151.0,151.0,0,0.0,0.0
2025-06-12 03:55:00+00:00,150.5,150.5,150.5,150.5,6028,0.0,0.0
2025-06-12 04:05:00+00:00,150.5,150.5,150.5,150.5,2000,0.0,0.0
2025-06-12 05:05:00+00:00,151.0,151.0,150.0,150.0,17071,0.0,0.0
2025-06-12 05:10:00+00:00,149.5,149.5,149.5,149.5,2000,0.0,0.0
2025-06-12 05:15:00+00:00,149.0,149.0,149.0,149.0,5000,0.0,0.0
2025-06-12 05:20:00+00:00,149.5,149.5,149.0,149.0,6009,0.0,0.0
2025-06-13 01:00:00+00:00,147.5,147.5,147.0,147.0,0,0.0,0.0
2025-06-13 01:20:00+00:00,146.0,146.0,145.5,145.5,5000,0.0,0.0
2025-06-13 01:25:00+00:00,146.0,146.0,146.0,146.0,1000,0.0,0.0
2025-06-13 01:30:00+00:00,146.0,147.0,146.0,147.0,2100,0.0,0.0
2025-06-13 02:10:00+00:00,147.0,147.0,147.0,147.0,3000,0.0,0.0
2025-06-13 02:20:00+00:00,147.5,149.5,147.5,149.5,4000,0.0,0.0
2025-06-13 02:30:00+00:00,147.0,147.0,147.0,147.0,2000,0.0,0.0
2025-06-13 02:35:00+00:00,149.0,149.0,149.0,149.0,1000,0.0,0.0
2025-06-13 02:40:00+00:00,147.0,147.0,147.0,147.0,2003,0.0,0.0
2025-06-13 03:00:00+00:00,147.0,147.0,147.0,147.0,2000,0.0,0.0
2025-06-13 03:05:00+00:00,147.0,147.0,147.0,147.0,1000,0.0,0.0
2025-06-13 03:15:00+00:00,146.0,146.0,146.0,146.0,2000,0.0,0.0
2025-06-13 03:20:00+00:00,146.0,146.0,146.0,146.0,3165,0.0,0.0
2025-06-13 03:25:00+00:00,145.5,145.5,145.0,145.0,3609,0.0,0.0
2025-06-13 03:40:00+00:00,142.5,143.5,142.5,143.5,4000,0.0,0.0
2025-06-13 03:45:00+00:00,143.5,144.0,143.0,144.0,3000,0.0,0.0
2025-06-13 03:50:00+00:00,144.5,145.0,144.5,145.0,3100,0.0,0.0
2025-06-13 04:20:00+00:00,143.5,143.5,143.5,143.5,3000,0.0,0.0
2025-06-13 04:25:00+00:00,143.0,143.0,143.0,143.0,2000,0.0,0.0
2025-06-13 04:35:00+00:00,143.0,143.0,143.0,143.0,2000,0.0,0.0
2025-06-13 04:40:00+00:00,143.0,143.0,143.0,143.0,1000,0.0,0.0
2025-06-13 04:50:00+00:00,143.0,143.0,143.0,143.0,3000,0.0,0.0
2025-06-13 04:55:00+00:00,143.0,143.0,143.0,143.0,3000,0.0,0.0
2025-06-13 05:00:00+00:00,143.0,143.0,143.0,143.0,2010,0.0,0.0
2025-06-13 05:10:00+00:00,143.5,143.5,143.5,143.5,2000,0.0,0.0
2025-06-13 05:20:00+00:00,143.5,145.0,143.5,145.0,8005,0.0,0.0
2025-06-16 01:00:00+00:00,145.0,145.0,145.0,145.0,0,0.0,0.0
2025-06-16 01:10:00+00:00,144.0,146.5,144.0,146.5,3000,0.0,0.0
2025-06-16 01:30:00+00:00,145.0,146.0,144.5,146.0,3000,0.0,0.0
2025-06-16 01:50:00+00:00,146.0,146.0,144.5,144.5,2000,0.0,0.0
2025-06-16 02:00:00+00:00,145.5,145.5,145.5,145.5,2000,0.0,0.0
2025-06-16 02:20:00+00:00,144.5,144.5,143.5,143.5,8000,0.0,0.0
2025-06-16 02:25:00+00:00,143.5,143.5,143.5,143.5,3100,0.0,0.0
2025-06-16 02:30:00+00:00,143.5,143.5,143.5,143.5,1000,0.0,0.0
2025-06-16 02:40:00+00:00,143.5,143.5,143.0,143.0,5010,0.0,0.0
2025-06-16 02:45:00+00:00,143.0,143.0,142.5,142.5,3228,0.0,0.0
2025-06-16 03:00:00+00:00,143.0,143.0,143.0,143.0,3000,0.0,0.0
2025-06-16 03:05:00+00:00,142.5,142.5,142.5,142.5,1000,0.0,0.0
2025-06-16 03:10:00+00:00,142.5,142.5,142.5,142.5,1019,0.0,0.0
2025-06-16 03:30:00+00:00,142.0,142.0,142.0,142.0,1937,0.0,0.0
2025-06-16 04:05:00+00:00,142.5,142.5,141.5,141.5,7000,0.0,0.0
2025-06-16 04:35:00+00:00,142.0,142.0,142.0,142.0,2000,0.0,0.0
2025-06-16 04:40:00+00:00,141.5,141.5,141.5,141.5,1068,0.0,0.0
2025-06-16 05:00:00+00:00,141.5,141.5,141.0,141.0,2000,0.0,0.0
2025-06-16 05:05:00+00:00,141.0,141.0,141.0,141.0,4389,0.0,0.0
2025-06-16 05:10:00+00:00,141.0,141.0,141.0,141.0,1000,0.0,0.0
2025-06-16 05:15:00+00:00,141.0,141.0,141.0,141.0,2010,0.0,0.0
2025-06-16 05:20:00+00:00,141.0,141.0,141.0,141.0,3610,0.0,0.0
2025-06-17 01:00:00+00:00,145.0,145.5,145.0,145.5,0,0.0,0.0
2025-06-17 01:05:00+00:00,144.0,144.0,144.0,144.0,1034,0.0,0.0
2025-06-17 01:30:00+00:00,143.5,144.0,143.5,144.0,2000,0.0,0.0
2025-06-17 01:40:00+00:00,144.0,144.0,144.0,144.0,1000,0.0,0.0
2025-06-17 01:45:00+00:00,143.5,143.5,143.5,143.5,1000,0.0,0.0
2025-06-17 01:50:00+00:00,143.5,143.5,143.5,143.5,1000,0.0,0.0
2025-06-17 02:00:00+00:00,143.5,143.5,143.5,143.5,1000,0.0,0.0
2025-06-17 02:40:00+00:00,143.5,143.5,143.5,143.5,1000,0.0,0.0
2025-06-17 02:50:00+00:00,144.5,144.5,144.5,144.5,1000,0.0,0.0
2025-06-17 03:05:00+00:00,144.5,144.5,144.5,144.5,1000,0.0,0.0
2025-06-17 03:20:00+00:00,144.0,144.0,144.0,144.0,1000,0.0,0.0
2025-06-17 03:30:00+00:00,144.0,144.0,143.5,143.5,2130,0.0,0.0
2025-06-17 05:10:00+00:00,144.0,144.0,144.0,144.0,1000,0.0,0.0
2025-06-17 05:20:00+00:00,143.5,143.5,143.5,143.5,1000,0.0,0.0
2025-06-18 01:00:00+00:00,143.5,146.5,143.5,146.5,0,0.0,0.0
2025-06-18 01:25:00+00:00,144.0,144.0,144.0,144.0,1000,0.0,0.0
2025-06-18 01:30:00+00:00,143.5,144.5,143.5,144.5,2000,0.0,0.0
2025-06-18 02:05:00+00:00,144.5,145.0,143.0,145.0,6000,0.0,0.0
2025-06-18 02:40:00+00:00,143.5,143.5,143.5,143.5,1050,0.0,0.0
2025-06-18 03:10:00+00:00,143.5,143.5,143.5,143.5,1000,0.0,0.0
2025-06-18 03:15:00+00:00,143.5,143.5,143.5,143.5,1000,0.0,0.0
2025-06-18 03:25:00+00:00,144.5,144.5,143.5,143.5,3000,0.0,0.0
2025-06-18 03:30:00+00:00,144.5,144.5,144.5,144.5,1000,0.0,0.0
2025-06-18 03:45:00+00:00,144.5,144.5,144.5,144.5,1005,0.0,0.0
2025-06-18 04:00:00+00:00,144.5,146.0,144.5,146.0,15000,0.0,0.0
2025-06-18 04:05:00+00:00,145.0,146.5,145.0,146.5,2045,0.0,0.0
2025-06-18 04:10:00+00:00,146.5,146.5,145.0,145.0,2000,0.0,0.0
2025-06-18 04:15:00+00:00,145.0,145.0,145.0,145.0,3101,0.0,0.0
2025-06-18 04:55:00+00:00,145.0,145.0,145.0,145.0,3019,0.0,0.0
2025-06-18 05:00:00+00:00,144.5,144.5,143.5,143.5,8110,0.0,0.0
2025-06-18 05:05:00+00:00,143.0,144.5,142.5,144.5,9130,0.0,0.0
2025-06-18 05:10:00+00:00,144.0,144.0,144.0,144.0,1000,0.0,0.0
2025-06-18 05:20:00+00:00,144.0,144.0,144.0,144.0,1000,0.0,0.0
2025-06-19 01:00:00+00:00,142.0,144.0,142.0,144.0,0,0.0,0.0
2025-06-19 01:05:00+00:00,142.0,143.0,142.0,143.0,2000,0.0,0.0
2025-06-19 01:15:00+00:00,143.5,143.5,143.5,143.5,1010,0.0,0.0
2025-06-19 01:25:00+00:00,143.5,143.5,143.5,143.5,5000,0.0,0.0
2025-06-19 01:35:00+00:00,142.5,142.5,142.0,142.0,2000,0.0,0.0
2025-06-19 01:40:00+00:00,142.0,142.0,142.0,142.0,1000,0.0,0.0
2025-06-19 01:45:00+00:00,142.0,142.0,142.0,142.0,1000,0.0,0.0
2025-06-19 02:05:00+00:00,143.0,143.0,141.5,143.0,3120,0.0,0.0
2025-06-19 02:55:00+00:00,142.0,142.0,142.0,142.0,1176,0.0,0.0
2025-06-19 03:55:00+00:00,142.0,142.0,142.0,142.0,1000,0.0,0.0
2025-06-19 04:10:00+00:00,142.5,142.5,141.5,141.5,4000,0.0,0.0
2025-06-19 04:30:00+00:00,141.5,141.5,141.5,141.5,1000,0.0,0.0
2025-06-19 04:35:00+00:00,142.5,142.5,142.5,142.5,2000,0.0,0.0
2025-06-19 04:55:00+00:00,142.5,142.5,142.5,142.5,1100,0.0,0.0
2025-06-19 05:10:00+00:00,142.0,142.0,142.0,142.0,1020,0.0,0.0
2025-06-19 05:20:00+00:00,141.5,141.5,141.5,141.5,1000,0.0,0.0
2025-06-20 01:10:00+00:00,143.0,143.0,143.0,143.0,0,0.0,0.0
2025-06-20 01:35:00+00:00,141.5,141.5,140.0,140.0,7010,0.0,0.0
2025-06-20 01:40:00+00:00,140.5,140.5,140.0,140.0,2012,0.0,0.0
2025-06-20 01:45:00+00:00,140.0,140.0,140.0,140.0,2000,0.0,0.0
2025-06-20 01:50:00+00:00,139.5,139.5,138.5,138.5,3111,0.0,0.0
2025-06-20 01:55:00+00:00,139.5,139.5,139.5,139.5,3100,0.0,0.0
2025-06-20 02:05:00+00:00,139.0,139.0,139.0,139.0,1000,0.0,0.0
2025-06-20 02:10:00+00:00,139.0,139.0,139.0,139.0,5039,0.0,0.0
2025-06-20 02:15:00+00:00,139.0,139.0,139.0,139.0,1000,0.0,0.0
2025-06-20 02:20:00+00:00,139.5,141.0,139.5,141.0,6000,0.0,0.0
2025-06-20 02:25:00+00:00,139.5,139.5,139.5,139.5,1000,0.0,0.0
2025-06-20 02:35:00+00:00,141.0,141.5,141.0,141.5,4000,0.0,0.0
2025-06-20 03:30:00+00:00,141.5,141.5,141.5,141.5,1100,0.0,0.0
2025-06-20 03:50:00+00:00,141.5,141.5,141.5,141.5,2000,0.0,0.0
2025-06-20 04:30:00+00:00,141.0,141.0,141.0,141.0,1000,0.0,0.0
2025-06-20 04:40:00+00:00,141.0,141.0,141.0,141.0,1000,0.0,0.0
2025-06-20 05:05:00+00:00,141.5,141.5,141.5,141.5,1000,0.0,0.0
2025-06-20 05:10:00+00:00,142.0,142.0,142.0,142.0,2000,0.0,0.0
2025-06-20 05:20:00+00:00,141.5,141.5,141.5,141.5,1000,0.0,0.0
2025-06-23 01:05:00+00:00,142.5,143.0,142.5,143.0,0,0.0,0.0
2025-06-23 01:15:00+00:00,144.0,145.0,144.0,145.0,3000,0.0,0.0
2025-06-23 01:25:00+00:00,144.5,144.5,144.5,144.5,2011,0.0,0.0
2025-06-23 04:00:00+00:00,143.5,143.5,143.5,143.5,2001,0.0,0.0
2025-06-23 05:20:00+00:00,144.0,144.0,142.5,142.5,4000,0.0,0.0
2025-06-24 01:00:00+00:00,143.0,145.0,143.0,145.0,0,0.0,0.0
2025-06-24 01:05:00+00:00,145.5,148.0,145.5,147.5,9000,0.0,0.0
2025-06-24 01:10:00+00:00,148.0,148.0,148.0,148.0,4000,0.0,0.0
2025-06-24 01:15:00+00:00,148.5,149.5,148.5,149.5,7119,0.0,0.0
2025-06-24 01:20:00+00:00,152.5,153.5,152.5,153.5,3000,0.0,0.0
2025-06-24 01:25:00+00:00,153.0,153.0,153.0,153.0,1249,0.0,0.0
2025-06-24 01:30:00+00:00,153.5,153.5,153.0,153.0,3274,0.0,0.0
2025-06-24 01:35:00+00:00,154.0,156.0,154.0,156.0,15825,0.0,0.0
2025-06-24 01:40:00+00:00,156.0,156.5,156.0,156.5,30570,0.0,0.0
2025-06-24 01:45:00+00:00,156.5,156.5,156.5,156.5,5601,0.0,0.0
2025-06-24 01:55:00+00:00,156.5,156.5,156.5,156.5,1024,0.0,0.0
2025-06-24 02:00:00+00:00,156.5,156.5,156.5,156.5,2000,0.0,0.0
2025-06-24 02:10:00+00:00,156.5,156.5,156.5,156.5,3140,0.0,0.0
2025-06-24 02:30:00+00:00,156.5,156.5,156.5,156.5,1855,0.0,0.0
2025-06-24 02:35:00+00:00,156.5,156.5,156.5,156.5,6000,0.0,0.0
2025-06-24 02:50:00+00:00,156.5,156.5,156.5,156.5,1000,0.0,0.0
2025-06-24 03:15:00+00:00,156.5,156.5,156.5,156.5,1000,0.0,0.0
2025-06-24 03:40:00+00:00,156.5,156.5,156.5,156.5,1000,0.0,0.0
2025-06-24 04:10:00+00:00,156.5,156.5,156.5,156.5,1000,0.0,0.0
2025-06-24 04:15:00+00:00,156.5,156.5,156.5,156.5,3000,0.0,0.0
2025-06-24 04:35:00+00:00,156.5,156.5,156.5,156.5,1000,0.0,0.0
2025-06-24 05:05:00+00:00,156.5,156.5,156.5,156.5,1001,0.0,0.0
2025-06-24 05:20:00+00:00,156.5,156.5,156.5,156.5,3000,0.0,0.0
2025-06-25 01:00:00+00:00,156.5,156.5,156.5,156.5,0,0.0,0.0
2025-06-25 01:05:00+00:00,153.5,153.5,153.0,153.0,5422,0.0,0.0
2025-06-25 01:15:00+00:00,154.0,155.0,154.0,155.0,3080,0.0,0.0
2025-06-25 01:20:00+00:00,154.5,154.5,154.5,154.5,1020,0.0,0.0
2025-06-25 01:25:00+00:00,154.5,155.0,154.0,155.0,4265,0.0,0.0
2025-06-25 01:30:00+00:00,156.0,156.5,156.0,156.5,2000,0.0,0.0
2025-06-25 01:35:00+00:00,157.0,157.0,157.0,157.0,1000,0.0,0.0
2025-06-25 01:40:00+00:00,157.5,158.0,156.5,156.5,7000,0.0,0.0
2025-06-25 01:45:00+00:00,155.5,155.5,155.5,155.5,1003,0.0,0.0
2025-06-25 01:55:00+00:00,155.5,155.5,154.5,154.5,3048,0.0,0.0
2025-06-25 02:05:00+00:00,154.5,154.5,154.5,154.5,1000,0.0,0.0
2025-06-25 02:10:00+00:00,154.5,154.5,154.5,154.5,1100,0.0,0.0
2025-06-25 02:25:00+00:00,155.0,155.0,154.5,154.5,5100,0.0,0.0
2025-06-25 02:30:00+00:00,155.0,155.0,155.0,155.0,4002,0.0,0.0
2025-06-25 02:35:00+00:00,156.5,157.0,156.5,157.0,2000,0.0,0.0
2025-06-25 02:40:00+00:00,156.5,156.5,156.5,156.5,1000,0.0,0.0
2025-06-25 02:45:00+00:00,156.0,157.5,156.0,157.5,3000,0.0,0.0
2025-06-25 03:00:00+00:00,155.5,155.5,155.5,155.5,1000,0.0,0.0
2025-06-25 03:45:00+00:00,155.0,155.0,154.0,154.0,6050,0.0,0.0
2025-06-25 04:40:00+00:00,154.0,154.0,154.0,154.0,1100,0.0,0.0
2025-06-25 05:05:00+00:00,154.0,154.0,154.0,154.0,1000,0.0,0.0
2025-06-25 05:10:00+00:00,154.0,154.5,153.0,154.5,5100,0.0,0.0
2025-06-25 05:15:00+00:00,154.0,154.0,154.0,154.0,1000,0.0,0.0
2025-06-25 05:20:00+00:00,153.0,153.0,153.0,153.0,2050,0.0,0.0
2025-06-26 01:00:00+00:00,153.0,157.0,153.0,157.0,0,0.0,0.0
2025-06-26 01:20:00+00:00,156.5,156.5,154.5,154.5,2000,0.0,0.0
2025-06-26 01:25:00+00:00,155.5,155.5,155.5,155.5,1065,0.0,0.0
2025-06-26 01:30:00+00:00,155.0,155.0,155.0,155.0,1000,0.0,0.0
2025-06-26 01:35:00+00:00,156.0,158.5,156.0,158.0,24000,0.0,0.0
2025-06-26 01:40:00+00:00,157.0,158.5,155.0,158.5,8000,0.0,0.0
2025-06-26 01:45:00+00:00,159.0,159.0,159.0,159.0,1022,0.0,0.0
2025-06-26 02:05:00+00:00,159.0,159.5,158.5,158.5,8000,0.0,0.0
2025-06-26 02:10:00+00:00,158.5,159.0,158.5,159.0,2000,0.0,0.0
2025-06-26 02:15:00+00:00,159.0,159.0,159.0,159.0,1000,0.0,0.0
2025-06-26 02:35:00+00:00,158.0,158.0,158.0,158.0,0,0.0,0.0
2025-06-26 02:40:00+00:00,158.0,158.0,158.0,158.0,63365,0.0,0.0
2025-06-26 02:45:00+00:00,158.5,158.5,158.0,158.0,4000,0.0,0.0
2025-06-26 02:50:00+00:00,158.0,158.0,158.0,158.0,2000,0.0,0.0
2025-06-26 03:00:00+00:00,158.0,158.5,158.0,158.5,4000,0.0,0.0
2025-06-26 03:05:00+00:00,159.0,160.5,159.0,160.5,11250,0.0,0.0
2025-06-26 03:10:00+00:00,161.0,161.5,161.0,161.5,14174,0.0,0.0
2025-06-26 03:15:00+00:00,161.5,162.0,161.0,161.0,7010,0.0,0.0
2025-06-26 03:20:00+00:00,160.5,160.5,160.5,160.5,1000,0.0,0.0
2025-06-26 03:25:00+00:00,161.0,161.0,161.0,161.0,0,0.0,0.0
2025-06-26 03:30:00+00:00,161.5,162.0,161.5,162.0,110849,0.0,0.0
2025-06-26 03:40:00+00:00,161.5,162.0,161.5,161.5,4003,0.0,0.0
2025-06-26 03:50:00+00:00,162.0,163.0,162.0,163.0,8003,0.0,0.0
2025-06-26 03:55:00+00:00,162.5,162.5,161.5,161.5,6000,0.0,0.0
2025-06-26 04:10:00+00:00,161.5,161.5,161.5,161.5,1000,0.0,0.0
2025-06-26 04:20:00+00:00,161.5,161.5,161.5,161.5,1000,0.0,0.0
2025-06-26 04:25:00+00:00,161.5,161.5,161.5,161.5,1236,0.0,0.0
2025-06-26 04:30:00+00:00,161.0,161.0,161.0,161.0,3000,0.0,0.0
2025-06-26 04:35:00+00:00,160.0,160.0,160.0,160.0,1000,0.0,0.0
2025-06-26 04:40:00+00:00,160.0,160.0,160.0,160.0,1000,0.0,0.0
2025-06-26 04:45:00+00:00,160.0,160.0,160.0,160.0,1172,0.0,0.0
2025-06-26 05:05:00+00:00,159.0,159.0,159.0,159.0,1000,0.0,0.0
2025-06-26 05:15:00+00:00,159.0,159.0,158.0,158.0,4000,0.0,0.0
2025-06-26 05:20:00+00:00,158.0,158.5,157.0,158.5,5010,0.0,0.0
2025-06-27 01:00:00+00:00,173.5,173.5,173.5,173.5,0,0.0,0.0
2025-06-27 01:05:00+00:00,173.5,173.5,173.5,173.5,8000,0.0,0.0
2025-06-27 01:10:00+00:00,173.5,173.5,173.5,173.5,18129,0.0,0.0
2025-06-27 01:20:00+00:00,173.5,173.5,173.5,173.5,3416,0.0,0.0
2025-06-27 01:25:00+00:00,173.5,173.5,173.5,173.5,1040,0.0,0.0
2025-06-27 01:30:00+00:00,173.5,173.5,173.5,173.5,1003,0.0,0.0
2025-06-27 01:35:00+00:00,173.5,173.5,173.5,173.5,2075,0.0,0.0
2025-06-27 01:50:00+00:00,173.5,173.5,173.5,173.5,1000,0.0,0.0
2025-06-27 01:55:00+00:00,173.5,173.5,173.5,173.5,1010,0.0,0.0
2025-06-27 02:00:00+00:00,173.5,173.5,173.5,173.5,1809,0.0,0.0
2025-06-27 02:15:00+00:00,173.5,173.5,173.5,173.5,2000,0.0,0.0
2025-06-27 02:20:00+00:00,173.5,173.5,173.5,173.5,1756,0.0,0.0
2025-06-27 02:45:00+00:00,173.5,173.5,173.5,173.5,1000,0.0,0.0
2025-06-27 02:50:00+00:00,173.5,173.5,173.5,173.5,1000,0.0,0.0
2025-06-27 02:55:00+00:00,173.5,173.5,173.5,173.5,4362,0.0,0.0
2025-06-27 03:20:00+00:00,173.5,173.5,173.5,173.5,1610,0.0,0.0
2025-06-27 04:10:00+00:00,173.5,173.5,173.5,173.5,2006,0.0,0.0
2025-06-27 04:30:00+00:00,173.5,173.5,173.5,173.5,2001,0.0,0.0
2025-06-27 04:45:00+00:00,173.5,173.5,173.5,173.5,1000,0.0,0.0
2025-06-27 04:50:00+00:00,173.5,173.5,173.5,173.5,1000,0.0,0.0
2025-06-27 05:10:00+00:00,173.5,173.5,173.5,173.5,1007,0.0,0.0
2025-06-27 05:20:00+00:00,173.5,173.5,173.5,173.5,1800,0.0,0.0
2025-04-30 01:00:00+00:00,142.5,144.0,142.5,144.0,0,0.0,0.0
2025-04-30 01:10:00+00:00,144.0,144.0,144.0,144.0,1001,0.0,0.0
2025-04-30 01:15:00+00:00,144.0,144.0,144.0,144.0,1010,0.0,0.0
2025-04-30 02:15:00+00:00,143.5,143.5,143.5,143.5,2080,0.0,0.0
2025-04-30 02:35:00+00:00,143.5,143.5,143.5,143.5,1000,0.0,0.0
2025-04-30 02:50:00+00:00,143.0,143.0,143.0,143.0,4030,0.0,0.0
2025-04-30 02:55:00+00:00,142.0,142.0,142.0,142.0,2100,0.0,0.0
2025-04-30 04:00:00+00:00,143.0,143.0,143.0,143.0,1000,0.0,0.0
2025-04-30 04:10:00+00:00,143.0,143.0,143.0,143.0,4000,0.0,0.0
2025-04-30 04:40:00+00:00,143.5,143.5,143.5,143.5,1000,0.0,0.0
2025-04-30 04:45:00+00:00,143.5,143.5,143.5,143.5,2030,0.0,0.0
2025-04-30 04:55:00+00:00,143.0,143.0,143.0,143.0,4000,0.0,0.0
2025-04-30 05:00:00+00:00,143.5,144.5,143.0,144.5,10000,0.0,0.0
2025-04-30 05:05:00+00:00,143.5,143.5,143.5,143.5,5000,0.0,0.0
2025-04-30 05:20:00+00:00,145.0,147.5,145.0,146.0,4000,0.0,0.0
2025-05-02 01:05:00+00:00,145.5,146.5,145.5,146.5,0,0.0,0.0
2025-05-02 01:35:00+00:00,146.5,146.5,146.5,146.5,1008,0.0,0.0
2025-05-02 01:40:00+00:00,146.5,148.0,146.5,148.0,2465,0.0,0.0
2025-05-02 05:10:00+00:00,147.5,147.5,147.5,147.5,2000,0.0,0.0
2025-05-05 01:00:00+00:00,146.5,146.5,146.5,146.5,0,0.0,0.0
2025-05-05 01:10:00+00:00,145.0,145.0,145.0,145.0,1000,0.0,0.0
2025-05-05 01:20:00+00:00,144.0,144.0,144.0,144.0,1060,0.0,0.0
2025-05-05 01:35:00+00:00,143.5,143.5,142.5,142.5,5000,0.0,0.0
2025-05-05 01:45:00+00:00,140.0,140.0,140.0,140.0,2000,0.0,0.0
2025-05-05 01:50:00+00:00,140.0,140.0,140.0,140.0,1000,0.0,0.0
2025-05-05 01:55:00+00:00,139.0,139.0,139.0,139.0,1050,0.0,0.0
2025-05-05 02:10:00+00:00,138.0,138.0,138.0,138.0,2000,0.0,0.0
2025-05-05 02:15:00+00:00,139.5,139.5,139.5,139.5,7000,0.0,0.0
2025-05-05 02:20:00+00:00,139.5,140.0,139.5,140.0,8211,0.0,0.0
2025-05-05 02:55:00+00:00,139.0,139.0,139.0,139.0,1000,0.0,0.0
2025-05-05 03:35:00+00:00,139.5,139.5,139.5,139.5,1000,0.0,0.0
2025-05-05 04:10:00+00:00,141.0,141.0,141.0,141.0,1000,0.0,0.0
2025-05-05 04:35:00+00:00,142.5,142.5,142.5,142.5,1200,0.0,0.0
2025-05-05 05:05:00+00:00,142.0,142.0,142.0,142.0,3000,0.0,0.0
2025-05-05 05:15:00+00:00,142.0,142.0,142.0,142.0,5000,0.0,0.0
2025-05-05 05:20:00+00:00,142.0,143.5,142.0,143.5,4000,0.0,0.0
2025-05-06 01:00:00+00:00,143.5,143.5,143.5,143.5,0,0.0,0.0
2025-05-06 01:40:00+00:00,144.0,144.5,144.0,144.5,2000,0.0,0.0
2025-05-06 01:50:00+00:00,143.0,143.0,143.0,143.0,1100,0.0,0.0
2025-05-06 02:15:00+00:00,144.5,144.5,144.5,144.5,1068,0.0,0.0
2025-05-06 03:20:00+00:00,144.5,145.0,144.5,145.0,13053,0.0,0.0
2025-05-06 03:25:00+00:00,145.5,146.5,145.5,146.5,3000,0.0,0.0
2025-05-06 03:40:00+00:00,145.5,145.5,145.5,145.5,1050,0.0,0.0
2025-05-06 04:20:00+00:00,144.0,144.0,144.0,144.0,1100,0.0,0.0
2025-05-06 05:15:00+00:00,145.0,145.5,145.0,145.5,3000,0.0,0.0
2025-05-06 05:20:00+00:00,145.5,145.5,145.5,145.5,1000,0.0,0.0
2025-05-07 01:05:00+00:00,145.5,147.0,145.5,147.0,3027,0.0,0.0
2025-05-07 02:20:00+00:00,145.5,145.5,145.0,145.0,2007,0.0,0.0
2025-05-07 03:05:00+00:00,145.0,145.0,145.0,145.0,1000,0.0,0.0
2025-05-07 03:30:00+00:00,144.5,144.5,144.5,144.5,1000,0.0,0.0
2025-05-07 03:35:00+00:00,145.0,145.0,145.0,145.0,4010,0.0,0.0
2025-05-07 05:00:00+00:00,144.0,144.0,144.0,144.0,1000,0.0,0.0
2025-05-07 05:20:00+00:00,144.0,144.0,144.0,144.0,2000,0.0,0.0
2025-05-08 01:00:00+00:00,146.0,147.0,146.0,147.0,0,0.0,0.0
2025-05-08 02:20:00+00:00,147.5,147.5,147.5,147.5,0,0.0,0.0
2025-05-08 02:45:00+00:00,146.0,146.0,146.0,146.0,8100,0.0,0.0
2025-05-08 02:55:00+00:00,145.0,145.0,145.0,145.0,1001,0.0,0.0
2025-05-08 03:00:00+00:00,145.5,145.5,145.0,145.0,2000,0.0,0.0
2025-05-08 03:05:00+00:00,145.5,145.5,145.5,145.5,1130,0.0,0.0
2025-05-08 03:20:00+00:00,146.0,146.0,146.0,146.0,1125,0.0,0.0
2025-05-08 04:15:00+00:00,146.0,146.0,146.0,146.0,1007,0.0,0.0
2025-05-08 04:55:00+00:00,146.0,146.0,145.5,145.5,5000,0.0,0.0
2025-05-08 05:00:00+00:00,146.5,146.5,146.5,146.5,6000,0.0,0.0
2025-05-08 05:05:00+00:00,147.0,147.5,147.0,147.5,3000,0.0,0.0
2025-05-08 05:20:00+00:00,147.5,147.5,146.0,146.0,3000,0.0,0.0
2025-05-09 01:00:00+00:00,146.5,149.0,146.5,149.0,0,0.0,0.0
2025-05-09 01:15:00+00:00,148.0,148.0,148.0,148.0,3000,0.0,0.0
2025-05-09 01:20:00+00:00,148.5,149.5,148.5,149.5,16100,0.0,0.0
2025-05-09 01:25:00+00:00,150.0,150.0,150.0,150.0,5000,0.0,0.0
2025-05-09 01:30:00+00:00,151.5,151.5,150.0,150.0,3350,0.0,0.0
2025-05-09 01:35:00+00:00,151.5,152.0,151.5,152.0,2000,0.0,0.0
2025-05-09 01:40:00+00:00,152.0,153.5,152.0,153.5,8220,0.0,0.0
2025-05-09 01:45:00+00:00,153.5,153.5,153.5,153.5,1108,0.0,0.0
2025-05-09 01:55:00+00:00,153.5,153.5,153.5,153.5,1050,0.0,0.0
2025-05-09 02:20:00+00:00,151.0,151.0,150.0,150.0,6218,0.0,0.0
2025-05-09 04:45:00+00:00,149.0,149.0,149.0,149.0,1089,0.0,0.0
2025-05-09 04:50:00+00:00,149.0,149.0,149.0,149.0,4000,0.0,0.0
2025-05-09 05:10:00+00:00,149.0,149.0,149.0,149.0,2000,0.0,0.0
2025-05-09 05:20:00+00:00,151.0,151.0,151.0,151.0,1000,0.0,0.0
2025-05-12 01:05:00+00:00,156.0,156.0,156.0,156.0,0,0.0,0.0
2025-05-12 01:30:00+00:00,154.5,155.5,154.5,155.5,4000,0.0,0.0
2025-05-12 01:50:00+00:00,154.5,154.5,154.5,154.5,1080,0.0,0.0
2025-05-12 02:25:00+00:00,152.0,152.0,152.0,152.0,2069,0.0,0.0
2025-05-12 03:10:00+00:00,152.0,153.5,152.0,153.5,3000,0.0,0.0
2025-05-12 03:30:00+00:00,153.5,153.5,153.5,153.5,2000,0.0,0.0
2025-05-12 04:05:00+00:00,153.5,154.0,153.5,154.0,2314,0.0,0.0
2025-05-13 01:00:00+00:00,154.0,156.5,154.0,156.5,0,0.0,0.0
2025-05-13 01:10:00+00:00,154.0,154.0,154.0,154.0,1000,0.0,0.0
2025-05-13 01:20:00+00:00,152.5,152.5,152.5,152.5,2190,0.0,0.0
2025-05-13 01:50:00+00:00,152.0,152.0,152.0,152.0,2001,0.0,0.0
2025-05-13 02:00:00+00:00,152.0,152.0,152.0,152.0,1000,0.0,0.0
2025-05-13 02:05:00+00:00,152.0,152.0,152.0,152.0,1000,0.0,0.0
2025-05-13 02:30:00+00:00,152.0,153.0,151.5,151.5,5070,0.0,0.0
2025-05-13 02:35:00+00:00,151.5,151.5,150.5,150.5,5142,0.0,0.0
2025-05-13 02:40:00+00:00,151.0,151.0,151.0,151.0,3000,0.0,0.0
2025-05-13 02:55:00+00:00,151.0,151.0,151.0,151.0,2000,0.0,0.0
2025-05-13 03:00:00+00:00,150.5,150.5,150.5,150.5,2123,0.0,0.0
2025-05-13 03:10:00+00:00,150.0,150.0,150.0,150.0,3017,0.0,0.0
2025-05-13 03:35:00+00:00,150.5,150.5,150.5,150.5,1000,0.0,0.0
2025-05-13 03:40:00+00:00,150.5,150.5,150.5,150.5,1000,0.0,0.0
2025-05-13 03:45:00+00:00,151.0,151.0,151.0,151.0,2743,0.0,0.0
2025-05-13 04:00:00+00:00,150.5,150.5,150.5,150.5,1000,0.0,0.0
2025-05-13 04:40:00+00:00,150.0,150.0,149.5,149.5,3036,0.0,0.0
2025-05-13 04:50:00+00:00,149.0,149.0,149.0,149.0,1000,0.0,0.0
2025-05-13 05:00:00+00:00,149.0,149.0,149.0,149.0,1000,0.0,0.0
2025-05-13 05:05:00+00:00,149.0,149.0,149.0,149.0,1000,0.0,0.0
2025-05-13 05:20:00+00:00,149.5,152.5,149.5,152.5,9104,0.0,0.0
2025-05-14 01:00:00+00:00,147.5,148.0,147.5,148.0,0,0.0,0.0
2025-05-14 01:05:00+00:00,150.0,151.5,150.0,151.5,2000,0.0,0.0
2025-05-14 01:10:00+00:00,149.0,149.0,149.0,149.0,1000,0.0,0.0
2025-05-14 01:15:00+00:00,150.0,151.0,150.0,151.0,2000,0.0,0.0
2025-05-14 01:25:00+00:00,150.0,150.0,149.0,149.0,3000,0.0,0.0
2025-05-14 01:45:00+00:00,149.0,149.0,149.0,149.0,1000,0.0,0.0
2025-05-14 01:50:00+00:00,148.5,150.5,148.5,150.5,3093,0.0,0.0
2025-05-14 02:10:00+00:00,148.5,148.5,148.5,148.5,2000,0.0,0.0
2025-05-14 02:15:00+00:00,148.0,148.0,147.0,148.0,19000,0.0,0.0
2025-05-14 02:20:00+00:00,148.0,148.0,148.0,148.0,4000,0.0,0.0
2025-05-14 02:35:00+00:00,148.5,148.5,148.5,148.5,2140,0.0,0.0
2025-05-14 02:50:00+00:00,149.0,149.0,149.0,149.0,1000,0.0,0.0
2025-05-14 02:55:00+00:00,149.0,149.0,149.0,149.0,1000,0.0,0.0
2025-05-14 03:05:00+00:00,149.5,149.5,149.5,149.5,1000,0.0,0.0
2025-05-14 03:40:00+00:00,149.5,149.5,149.5,149.5,2000,0.0,0.0
2025-05-14 03:45:00+00:00,149.5,149.5,149.5,149.5,2000,0.0,0.0
2025-05-14 04:10:00+00:00,149.5,149.5,149.5,149.5,2404,0.0,0.0
2025-05-14 04:25:00+00:00,149.5,149.5,149.5,149.5,2006,0.0,0.0
2025-05-14 04:30:00+00:00,149.5,149.5,149.5,149.5,1018,0.0,0.0
2025-05-14 04:40:00+00:00,150.0,150.0,150.0,150.0,3018,0.0,0.0
2025-05-14 04:50:00+00:00,150.0,150.0,150.0,150.0,1006,0.0,0.0
2025-05-14 04:55:00+00:00,150.5,150.5,150.5,150.5,1011,0.0,0.0
2025-05-14 05:00:00+00:00,150.5,151.0,150.5,151.0,10285,0.0,0.0
2025-05-14 05:10:00+00:00,151.5,151.5,151.5,151.5,3061,0.0,0.0
2025-05-15 01:00:00+00:00,150.5,150.5,150.0,150.0,0,0.0,0.0
2025-05-15 01:10:00+00:00,152.0,152.5,150.0,150.0,3010,0.0,0.0
2025-05-15 01:15:00+00:00,149.5,149.5,149.0,149.0,4000,0.0,0.0
2025-05-15 01:20:00+00:00,149.0,149.0,149.0,149.0,2000,0.0,0.0
2025-05-15 01:35:00+00:00,149.0,149.0,148.5,148.5,3000,0.0,0.0
2025-05-15 01:40:00+00:00,148.5,148.5,148.5,148.5,1068,0.0,0.0
2025-05-15 01:55:00+00:00,148.5,148.5,148.0,148.0,6047,0.0,0.0
2025-05-15 02:10:00+00:00,149.5,149.5,149.5,149.5,1093,0.0,0.0
2025-05-15 03:05:00+00:00,149.5,149.5,149.5,149.5,2000,0.0,0.0
2025-05-15 03:10:00+00:00,149.5,149.5,149.5,149.5,1000,0.0,0.0
2025-05-15 04:15:00+00:00,149.5,149.5,149.5,149.5,1000,0.0,0.0
2025-05-15 04:30:00+00:00,150.0,150.0,150.0,150.0,1000,0.0,0.0
2025-05-15 04:35:00+00:00,150.0,150.5,150.0,150.5,3058,0.0,0.0
2025-05-15 04:50:00+00:00,150.0,150.0,150.0,150.0,3020,0.0,0.0
2025-05-15 05:10:00+00:00,149.5,149.5,149.0,149.0,7000,0.0,0.0
2025-05-15 05:15:00+00:00,149.0,149.0,149.0,149.0,4000,0.0,0.0
2025-05-15 05:20:00+00:00,149.0,149.0,148.5,148.5,3000,0.0,0.0
2025-05-16 01:00:00+00:00,148.0,148.0,147.0,147.0,0,0.0,0.0
2025-05-16 01:05:00+00:00,147.0,147.0,146.5,146.5,7016,0.0,0.0
2025-05-16 01:10:00+00:00,148.0,148.5,147.5,147.5,3000,0.0,0.0
2025-05-16 01:15:00+00:00,147.5,148.0,147.5,148.0,3000,0.0,0.0
2025-05-16 01:20:00+00:00,147.5,147.5,147.5,147.5,1000,0.0,0.0
2025-05-16 01:25:00+00:00,147.5,147.5,147.5,147.5,1000,0.0,0.0
2025-05-16 01:30:00+00:00,147.5,147.5,147.5,147.5,2000,0.0,0.0
2025-05-16 01:35:00+00:00,147.0,147.0,147.0,147.0,1424,0.0,0.0
2025-05-16 01:40:00+00:00,147.0,148.0,147.0,148.0,7000,0.0,0.0
2025-05-16 01:45:00+00:00,147.5,147.5,147.5,147.5,2000,0.0,0.0
2025-05-16 01:50:00+00:00,147.5,147.5,147.5,147.5,1000,0.0,0.0
2025-05-16 01:55:00+00:00,147.5,147.5,147.5,147.5,1000,0.0,0.0
2025-05-16 02:00:00+00:00,148.5,148.5,148.0,148.0,3000,0.0,0.0
2025-05-16 02:05:00+00:00,148.5,148.5,148.5,148.5,7000,0.0,0.0
2025-05-16 02:10:00+00:00,148.5,148.5,148.0,148.0,2000,0.0,0.0
2025-05-16 02:15:00+00:00,148.0,148.0,148.0,148.0,1000,0.0,0.0
2025-05-16 02:20:00+00:00,148.0,148.0,148.0,148.0,1000,0.0,0.0
2025-05-16 02:25:00+00:00,148.0,148.0,148.0,148.0,1000,0.0,0.0
2025-05-16 02:30:00+00:00,148.0,148.0,148.0,148.0,2000,0.0,0.0
2025-05-16 02:35:00+00:00,147.5,147.5,147.5,147.5,2000,0.0,0.0
2025-05-16 02:40:00+00:00,148.0,148.5,148.0,148.5,6000,0.0,0.0
2025-05-16 02:45:00+00:00,148.0,148.5,148.0,148.5,2000,0.0,0.0
2025-05-16 02:50:00+00:00,148.0,148.5,148.0,148.5,2000,0.0,0.0
2025-05-16 02:55:00+00:00,149.0,149.5,148.5,149.5,4089,0.0,0.0
2025-05-16 03:00:00+00:00,149.0,149.5,149.0,149.5,3238,0.0,0.0
2025-05-16 03:05:00+00:00,149.5,150.0,149.0,150.0,5000,0.0,0.0
2025-05-16 03:10:00+00:00,149.5,149.5,149.5,149.5,1000,0.0,0.0
2025-05-16 03:15:00+00:00,149.0,150.0,149.0,150.0,5000,0.0,0.0
2025-05-16 03:20:00+00:00,149.5,149.5,149.5,149.5,2000,0.0,0.0
2025-05-16 03:25:00+00:00,149.5,150.0,149.5,150.0,2000,0.0,0.0
2025-05-16 03:30:00+00:00,149.5,149.5,149.5,149.5,1000,0.0,0.0
2025-05-16 03:35:00+00:00,149.5,150.0,149.5,150.0,2000,0.0,0.0
2025-05-16 03:40:00+00:00,149.5,150.0,149.5,150.0,2000,0.0,0.0
2025-05-16 03:45:00+00:00,149.5,149.5,149.5,149.5,1000,0.0,0.0
2025-05-16 03:50:00+00:00,149.0,149.0,149.0,149.0,1000,0.0,0.0
2025-05-16 03:55:00+00:00,149.5,150.5,149.0,150.5,11000,0.0,0.0
2025-05-16 04:00:00+00:00,150.0,150.0,150.0,150.0,1000,0.0,0.0
2025-05-16 04:05:00+00:00,151.0,151.0,150.5,150.5,8179,0.0,0.0
2025-05-16 04:10:00+00:00,150.0,150.0,150.0,150.0,1001,0.0,0.0
2025-05-16 04:15:00+00:00,150.0,150.0,150.0,150.0,1000,0.0,0.0
2025-05-16 04:20:00+00:00,149.5,149.5,149.5,149.5,1000,0.0,0.0
2025-05-16 04:25:00+00:00,149.5,149.5,149.5,149.5,1000,0.0,0.0
2025-05-16 04:30:00+00:00,150.5,150.5,150.0,150.0,2000,0.0,0.0
2025-05-16 04:35:00+00:00,150.5,150.5,150.0,150.0,2000,0.0,0.0
2025-05-16 04:40:00+00:00,149.5,149.5,149.5,149.5,1000,0.0,0.0
2025-05-16 04:45:00+00:00,149.5,150.5,149.5,150.5,2100,0.0,0.0
2025-05-16 04:50:00+00:00,150.0,150.0,150.0,150.0,1000,0.0,0.0
2025-05-16 04:55:00+00:00,149.5,150.5,149.5,150.5,2099,0.0,0.0
2025-05-16 05:05:00+00:00,150.5,150.5,150.5,150.5,1200,0.0,0.0
2025-05-19 01:40:00+00:00,151.0,151.0,151.0,151.0,0,0.0,0.0
2025-05-19 01:50:00+00:00,149.5,149.5,149.5,149.5,1000,0.0,0.0
2025-05-19 02:35:00+00:00,149.0,149.0,149.0,149.0,1000,0.0,0.0
2025-05-19 04:25:00+00:00,150.5,151.0,150.5,151.0,2001,0.0,0.0
2025-05-19 05:00:00+00:00,150.5,150.5,150.5,150.5,1000,0.0,0.0
2025-05-19 05:20:00+00:00,150.5,150.5,150.5,150.5,1000,0.0,0.0
2025-05-20 01:10:00+00:00,150.5,151.5,150.5,151.5,2004,0.0,0.0
2025-05-20 01:15:00+00:00,151.0,151.0,151.0,151.0,1000,0.0,0.0
2025-05-20 01:20:00+00:00,151.0,151.0,151.0,151.0,1000,0.0,0.0
2025-05-20 01:35:00+00:00,151.0,151.0,151.0,151.0,1030,0.0,0.0
2025-05-20 02:20:00+00:00,150.0,150.0,150.0,150.0,1329,0.0,0.0
2025-05-20 04:15:00+00:00,150.0,150.0,150.0,150.0,1000,0.0,0.0
2025-05-20 04:55:00+00:00,150.0,150.0,150.0,150.0,2000,0.0,0.0
2025-05-20 05:20:00+00:00,150.5,150.5,150.5,150.5,2000,0.0,0.0
2025-05-21 01:10:00+00:00,150.0,150.0,150.0,150.0,1000,0.0,0.0
2025-05-21 02:05:00+00:00,150.0,150.0,150.0,150.0,1000,0.0,0.0
2025-05-21 02:10:00+00:00,150.5,150.5,150.5,150.5,1040,0.0,0.0
2025-05-21 04:30:00+00:00,150.5,150.5,150.5,150.5,2150,0.0,0.0
2025-05-21 04:40:00+00:00,151.0,151.0,151.0,151.0,1000,0.0,0.0
2025-05-21 05:00:00+00:00,151.0,151.0,149.0,149.0,4177,0.0,0.0
2025-05-21 05:20:00+00:00,149.5,149.5,149.5,149.5,1025,0.0,0.0
2025-05-22 01:00:00+00:00,147.5,147.5,147.5,147.5,0,0.0,0.0
2025-05-22 01:05:00+00:00,148.5,148.5,148.5,148.5,2400,0.0,0.0
2025-05-22 01:20:00+00:00,148.5,149.5,148.5,149.5,1000,0.0,0.0
2025-05-22 01:25:00+00:00,149.5,149.5,149.5,149.5,2000,0.0,0.0
2025-05-22 01:35:00+00:00,150.0,150.0,150.0,150.0,1000,0.0,0.0
2025-05-22 01:55:00+00:00,150.0,150.5,150.0,150.5,5000,0.0,0.0
2025-05-22 02:00:00+00:00,150.5,151.0,150.5,151.0,5050,0.0,0.0
2025-05-22 02:15:00+00:00,151.0,152.0,151.0,152.0,6010,0.0,0.0
2025-05-22 02:45:00+00:00,152.0,156.0,152.0,156.0,15100,0.0,0.0
2025-05-22 02:50:00+00:00,156.0,156.0,156.0,156.0,1019,0.0,0.0
2025-05-22 03:05:00+00:00,154.0,155.5,154.0,155.5,3050,0.0,0.0
2025-05-22 03:25:00+00:00,154.5,154.5,153.5,153.5,2000,0.0,0.0
2025-05-22 03:30:00+00:00,153.0,153.0,153.0,153.0,1000,0.0,0.0
2025-05-22 03:45:00+00:00,154.5,155.5,154.5,155.5,4105,0.0,0.0
2025-05-22 04:10:00+00:00,155.0,155.0,155.0,155.0,1008,0.0,0.0
2025-05-22 04:25:00+00:00,155.0,155.0,155.0,155.0,2000,0.0,0.0
2025-05-22 04:40:00+00:00,155.5,155.5,155.5,155.5,2062,0.0,0.0
2025-05-22 04:45:00+00:00,155.5,155.5,155.5,155.5,2149,0.0,0.0
2025-05-22 05:05:00+00:00,155.5,155.5,155.5,155.5,3125,0.0,0.0
2025-05-22 05:20:00+00:00,155.5,155.5,153.5,153.5,4100,0.0,0.0
2025-05-23 01:00:00+00:00,155.0,156.0,154.5,156.0,0,0.0,0.0
2025-05-23 01:05:00+00:00,157.0,158.5,157.0,158.5,6113,0.0,0.0
2025-05-23 01:10:00+00:00,158.5,161.5,158.5,161.0,19170,0.0,0.0
2025-05-23 01:15:00+00:00,160.0,160.0,158.5,158.5,5020,0.0,0.0
2025-05-23 01:20:00+00:00,158.5,158.5,158.5,158.5,1000,0.0,0.0
2025-05-23 01:35:00+00:00,159.5,159.5,159.5,159.5,1050,0.0,0.0
2025-05-23 01:40:00+00:00,159.0,159.0,159.0,159.0,1005,0.0,0.0
2025-05-23 01:55:00+00:00,158.5,158.5,158.0,158.0,2005,0.0,0.0
2025-05-23 02:00:00+00:00,157.5,157.5,157.5,157.5,2000,0.0,0.0
2025-05-23 02:05:00+00:00,157.5,157.5,157.5,157.5,1000,0.0,0.0
2025-05-23 02:10:00+00:00,157.0,157.5,157.0,157.0,6050,0.0,0.0
2025-05-23 02:15:00+00:00,158.0,158.5,158.0,158.5,2016,0.0,0.0
2025-05-23 02:20:00+00:00,157.0,157.0,156.5,156.5,2000,0.0,0.0
2025-05-23 02:30:00+00:00,156.5,156.5,156.5,156.5,1000,0.0,0.0
2025-05-23 02:40:00+00:00,157.0,157.0,157.0,157.0,2000,0.0,0.0
2025-05-23 02:45:00+00:00,157.5,158.5,157.5,158.5,2000,0.0,0.0
2025-05-23 02:50:00+00:00,158.0,158.0,158.0,158.0,1050,0.0,0.0
2025-05-23 04:00:00+00:00,158.0,158.0,158.0,158.0,1000,0.0,0.0
2025-05-23 04:05:00+00:00,157.0,157.0,156.5,156.5,4146,0.0,0.0
2025-05-23 04:40:00+00:00,154.0,154.0,154.0,154.0,6133,0.0,0.0
2025-05-23 04:45:00+00:00,153.5,154.0,153.5,154.0,7000,0.0,0.0
2025-05-23 04:50:00+00:00,156.0,156.0,156.0,156.0,1000,0.0,0.0
2025-05-23 05:05:00+00:00,155.5,155.5,155.5,155.5,2000,0.0,0.0
2025-05-23 05:20:00+00:00,154.0,155.5,154.0,155.5,3000,0.0,0.0
2025-05-26 01:00:00+00:00,153.5,156.0,153.5,155.0,0,0.0,0.0
2025-05-26 01:10:00+00:00,156.0,156.5,156.0,156.5,3003,0.0,0.0
2025-05-26 01:35:00+00:00,154.5,154.5,154.5,154.5,1000,0.0,0.0
2025-05-26 01:40:00+00:00,153.5,153.5,153.5,153.5,1000,0.0,0.0
2025-05-26 01:45:00+00:00,153.5,153.5,153.5,153.5,1178,0.0,0.0
2025-05-26 02:00:00+00:00,153.5,153.5,153.5,153.5,1000,0.0,0.0
2025-05-26 02:25:00+00:00,154.5,154.5,154.5,154.5,1000,0.0,0.0
2025-05-26 02:55:00+00:00,154.5,154.5,154.5,154.5,1000,0.0,0.0
2025-05-26 03:05:00+00:00,155.0,155.0,155.0,155.0,1000,0.0,0.0
2025-05-26 03:10:00+00:00,155.0,155.5,155.0,155.5,2076,0.0,0.0
2025-05-26 04:20:00+00:00,154.0,154.0,154.0,154.0,2000,0.0,0.0
2025-05-26 04:35:00+00:00,154.0,154.0,154.0,154.0,1500,0.0,0.0
2025-05-26 05:20:00+00:00,154.0,155.5,154.0,155.5,5000,0.0,0.0
2025-05-27 01:05:00+00:00,155.5,156.0,155.5,156.0,0,0.0,0.0
2025-05-27 01:45:00+00:00,153.5,153.5,153.5,153.5,1000,0.0,0.0
2025-05-27 01:50:00+00:00,153.5,153.5,153.5,153.5,1000,0.0,0.0
2025-05-27 02:20:00+00:00,153.5,153.5,153.5,153.5,1000,0.0,0.0
2025-05-27 02:30:00+00:00,153.0,153.0,153.0,153.0,1000,0.0,0.0
2025-05-27 02:40:00+00:00,152.5,152.5,152.5,152.5,1000,0.0,0.0
2025-05-27 02:45:00+00:00,152.0,152.0,152.0,152.0,1000,0.0,0.0
2025-05-27 03:15:00+00:00,152.5,152.5,152.5,152.5,1020,0.0,0.0
2025-05-27 03:30:00+00:00,152.0,152.0,152.0,152.0,4183,0.0,0.0
2025-05-27 04:15:00+00:00,151.0,151.0,151.0,151.0,2165,0.0,0.0
2025-05-27 04:30:00+00:00,150.5,150.5,150.5,150.5,1000,0.0,0.0
2025-05-27 04:40:00+00:00,149.5,149.5,149.5,149.5,3009,0.0,0.0
2025-05-27 04:55:00+00:00,151.0,151.0,150.0,150.0,8000,0.0,0.0
2025-05-27 05:10:00+00:00,150.0,150.0,150.0,150.0,1220,0.0,0.0
2025-05-27 05:15:00+00:00,150.5,150.5,150.5,150.5,2640,0.0,0.0
2025-05-28 01:00:00+00:00,154.0,154.5,154.0,154.5,0,0.0,0.0
2025-05-28 01:20:00+00:00,152.0,152.0,152.0,152.0,1000,0.0,0.0
2025-05-28 01:25:00+00:00,151.0,151.0,151.0,151.0,1000,0.0,0.0
2025-05-28 01:30:00+00:00,152.5,153.0,152.5,153.0,2155,0.0,0.0
2025-05-28 02:10:00+00:00,151.0,151.0,150.5,150.5,2144,0.0,0.0
2025-05-28 03:15:00+00:00,151.5,151.5,151.5,151.5,1006,0.0,0.0
2025-05-28 03:20:00+00:00,152.5,153.0,152.5,153.0,2026,0.0,0.0
2025-05-28 04:35:00+00:00,151.0,151.0,150.5,150.5,3000,0.0,0.0
2025-05-28 05:00:00+00:00,150.5,150.5,150.5,150.5,2000,0.0,0.0
2025-05-29 01:00:00+00:00,152.0,152.0,152.0,152.0,0,0.0,0.0
2025-05-29 01:15:00+00:00,150.0,150.0,149.5,149.5,2000,0.0,0.0
2025-05-29 01:30:00+00:00,148.5,148.5,148.5,148.5,3000,0.0,0.0
2025-05-29 01:35:00+00:00,148.5,148.5,148.5,148.5,1110,0.0,0.0
2025-05-29 01:50:00+00:00,148.5,148.5,148.5,148.5,3000,0.0,0.0
2025-05-29 01:55:00+00:00,149.0,149.0,149.0,149.0,1016,0.0,0.0
2025-05-29 02:00:00+00:00,148.5,148.5,148.5,148.5,1000,0.0,0.0
2025-05-29 02:40:00+00:00,148.5,148.5,148.5,148.5,1462,0.0,0.0
2025-05-29 03:25:00+00:00,149.0,149.0,149.0,149.0,1000,0.0,0.0
2025-05-29 03:35:00+00:00,150.0,150.0,150.0,150.0,4010,0.0,0.0
2025-05-29 04:05:00+00:00,150.0,150.0,150.0,150.0,2020,0.0,0.0
2025-05-29 05:00:00+00:00,150.0,150.0,150.0,150.0,5140,0.0,0.0
2025-05-29 05:15:00+00:00,151.0,151.0,151.0,151.0,1000,0.0,0.0
2025-06-02 01:15:00+00:00,152.0,152.5,152.0,152.5,0,0.0,0.0
2025-06-02 01:35:00+00:00,152.0,152.0,152.0,152.0,1000,0.0,0.0
2025-06-02 01:40:00+00:00,152.0,152.0,152.0,152.0,1000,0.0,0.0
2025-06-02 01:50:00+00:00,151.0,151.0,151.0,151.0,1000,0.0,0.0
2025-06-02 01:55:00+00:00,150.5,150.5,150.5,150.5,2000,0.0,0.0
2025-06-02 02:05:00+00:00,151.5,151.5,151.5,151.5,1000,0.0,0.0
2025-06-02 02:10:00+00:00,151.0,151.0,151.0,151.0,1000,0.0,0.0
2025-06-02 03:30:00+00:00,150.0,150.0,150.0,150.0,1000,0.0,0.0
2025-06-02 04:00:00+00:00,150.0,150.0,150.0,150.0,1010,0.0,0.0
2025-06-02 05:20:00+00:00,150.0,150.0,150.0,150.0,3000,0.0,0.0
2025-06-03 01:00:00+00:00,150.0,151.5,149.5,149.5,0,0.0,0.0
2025-06-03 01:25:00+00:00,151.5,153.5,151.5,153.5,6061,0.0,0.0
2025-06-03 01:30:00+00:00,153.0,153.0,153.0,153.0,3170,0.0,0.0
2025-06-03 02:40:00+00:00,150.5,150.5,150.5,150.5,1094,0.0,0.0
2025-06-03 04:40:00+00:00,150.0,150.0,150.0,150.0,3050,0.0,0.0
2025-06-03 05:20:00+00:00,150.0,150.0,149.5,149.5,6000,0.0,0.0
2025-06-04 01:00:00+00:00,152.5,152.5,152.5,152.5,0,0.0,0.0
2025-06-04 01:30:00+00:00,151.0,151.0,151.0,151.0,1000,0.0,0.0
2025-06-04 01:40:00+00:00,152.0,152.0,152.0,152.0,1000,0.0,0.0
2025-06-04 01:45:00+00:00,152.0,152.5,152.0,152.5,6100,0.0,0.0
2025-06-04 02:10:00+00:00,152.0,152.0,152.0,152.0,2000,0.0,0.0
2025-06-04 04:10:00+00:00,151.0,151.0,150.5,150.5,4023,0.0,0.0
2025-06-04 05:20:00+00:00,150.5,151.5,150.5,151.5,2000,0.0,0.0
2025-06-05 01:00:00+00:00,150.0,150.0,150.0,150.0,0,0.0,0.0
2025-06-05 01:05:00+00:00,150.0,150.0,150.0,150.0,3000,0.0,0.0
2025-06-05 01:10:00+00:00,153.0,153.0,153.0,153.0,1010,0.0,0.0
2025-06-05 01:25:00+00:00,150.0,150.0,150.0,150.0,1000,0.0,0.0
2025-06-05 01:50:00+00:00,151.5,151.5,151.5,151.5,3000,0.0,0.0
2025-06-05 02:15:00+00:00,151.5,151.5,151.5,151.5,1000,0.0,0.0
2025-06-05 03:40:00+00:00,152.0,152.0,152.0,152.0,4000,0.0,0.0
2025-06-05 03:45:00+00:00,152.0,153.5,152.0,153.5,21095,0.0,0.0
2025-06-05 04:25:00+00:00,153.5,153.5,153.5,153.5,1011,0.0,0.0
2025-06-05 05:10:00+00:00,152.5,152.5,152.0,152.0,13000,0.0,0.0
2025-06-05 05:20:00+00:00,151.5,152.5,151.0,152.5,7385,0.0,0.0
2025-06-06 01:00:00+00:00,151.5,153.0,151.5,151.5,0,0.0,0.0
2025-06-06 01:05:00+00:00,151.0,151.0,151.0,151.0,2000,0.0,0.0
2025-06-06 01:15:00+00:00,151.0,153.0,151.0,151.5,4000,0.0,0.0
2025-06-06 01:25:00+00:00,151.5,151.5,151.5,151.5,1100,0.0,0.0
2025-06-06 02:15:00+00:00,152.5,152.5,152.5,152.5,2202,0.0,0.0
2025-06-06 05:20:00+00:00,152.0,152.0,152.0,152.0,2000,0.0,0.0
2025-06-09 01:00:00+00:00,153.0,153.0,153.0,153.0,0,0.0,0.0
2025-06-09 01:20:00+00:00,151.5,151.5,151.5,151.5,2000,0.0,0.0
2025-06-09 02:35:00+00:00,152.5,152.5,152.5,152.5,1000,0.0,0.0
2025-06-09 02:40:00+00:00,152.5,153.0,152.5,153.0,2000,0.0,0.0
2025-06-09 02:45:00+00:00,153.0,153.0,153.0,153.0,2000,0.0,0.0
2025-06-09 03:00:00+00:00,152.0,152.0,152.0,152.0,2000,0.0,0.0
2025-06-09 04:25:00+00:00,153.0,153.5,153.0,153.5,9000,0.0,0.0
2025-06-09 04:40:00+00:00,153.5,153.5,153.5,153.5,2022,0.0,0.0
2025-06-09 05:05:00+00:00,153.5,154.5,153.0,153.0,11000,0.0,0.0
2025-06-09 05:10:00+00:00,154.5,154.5,154.5,154.5,2078,0.0,0.0
2025-06-09 05:20:00+00:00,155.0,155.0,155.0,155.0,3337,0.0,0.0
2025-06-10 01:05:00+00:00,153.0,153.0,153.0,153.0,0,0.0,0.0
2025-06-10 01:30:00+00:00,153.0,153.0,153.0,153.0,1012,0.0,0.0
2025-06-10 01:55:00+00:00,153.0,153.0,153.0,153.0,2082,0.0,0.0
2025-06-10 02:20:00+00:00,153.0,153.0,153.0,153.0,1000,0.0,0.0
2025-06-10 02:40:00+00:00,154.0,154.0,154.0,154.0,1000,0.0,0.0
2025-06-10 02:55:00+00:00,153.5,153.5,153.5,153.5,1000,0.0,0.0
2025-06-10 03:20:00+00:00,153.0,153.0,153.0,153.0,2000,0.0,0.0
2025-06-10 03:50:00+00:00,153.5,153.5,153.5,153.5,1130,0.0,0.0
2025-06-10 04:30:00+00:00,153.0,153.0,152.5,152.5,7030,0.0,0.0
2025-06-11 01:00:00+00:00,156.0,156.0,155.0,155.5,0,0.0,0.0
2025-06-11 02:30:00+00:00,152.0,152.0,152.0,152.0,2000,0.0,0.0
2025-06-11 03:45:00+00:00,152.0,152.0,152.0,152.0,2000,0.0,0.0
2025-06-11 04:00:00+00:00,152.0,152.0,152.0,152.0,1000,0.0,0.0
2025-06-12 01:00:00+00:00,152.5,152.5,152.5,152.5,1010,0.0,0.0
2025-06-12 03:50:00+00:00,151.0,151.0,151.0,151.0,4018,0.0,0.0
2025-06-12 03:55:00+00:00,150.5,150.5,150.5,150.5,1000,0.0,0.0
2025-06-12 04:05:00+00:00,150.5,150.5,150.5,150.5,2000,0.0,0.0
2025-06-12 05:05:00+00:00,150.5,150.5,150.0,150.0,17071,0.0,0.0
2025-06-12 05:10:00+00:00,149.5,149.5,149.5,149.5,2000,0.0,0.0
2025-06-12 05:15:00+00:00,149.0,149.0,149.0,149.0,5000,0.0,0.0
2025-06-12 05:20:00+00:00,149.5,149.5,149.0,149.0,6009,0.0,0.0
2025-06-13 01:00:00+00:00,147.5,147.5,147.0,147.0,0,0.0,0.0
2025-06-13 01:20:00+00:00,146.0,146.0,145.5,145.5,5000,0.0,0.0
2025-06-13 01:25:00+00:00,146.0,146.0,146.0,146.0,1000,0.0,0.0
2025-06-13 01:30:00+00:00,146.0,147.0,146.0,147.0,2100,0.0,0.0
2025-06-13 02:10:00+00:00,147.0,147.0,147.0,147.0,3000,0.0,0.0
2025-06-13 02:20:00+00:00,147.5,149.5,147.5,149.5,4000,0.0,0.0
2025-06-13 02:30:00+00:00,147.0,147.0,147.0,147.0,2000,0.0,0.0
2025-06-13 02:35:00+00:00,149.0,149.0,149.0,149.0,1000,0.0,0.0
2025-06-13 02:40:00+00:00,147.0,147.0,147.0,147.0,2003,0.0,0.0
2025-06-13 03:00:00+00:00,147.0,147.0,147.0,147.0,2000,0.0,0.0
2025-06-13 03:05:00+00:00,147.0,147.0,147.0,147.0,1000,0.0,0.0
2025-06-13 03:15:00+00:00,146.0,146.0,146.0,146.0,2000,0.0,0.0
2025-06-13 03:20:00+00:00,146.0,146.0,146.0,146.0,3165,0.0,0.0
2025-06-13 03:25:00+00:00,145.5,145.5,145.0,145.0,3609,0.0,0.0
2025-06-13 03:40:00+00:00,142.5,143.5,142.5,143.5,4000,0.0,0.0
2025-06-13 03:45:00+00:00,143.5,144.0,143.0,144.0,3000,0.0,0.0
2025-06-13 03:50:00+00:00,144.5,145.0,144.5,145.0,3100,0.0,0.0
2025-06-13 04:20:00+00:00,143.5,143.5,143.5,143.5,3000,0.0,0.0
2025-06-13 04:25:00+00:00,143.0,143.0,143.0,143.0,2000,0.0,0.0
2025-06-13 04:35:00+00:00,143.0,143.0,143.0,143.0,2000,0.0,0.0
2025-06-13 04:40:00+00:00,143.0,143.0,143.0,143.0,1000,0.0,0.0
2025-06-13 04:50:00+00:00,143.0,143.0,143.0,143.0,3000,0.0,0.0
2025-06-13 04:55:00+00:00,143.0,143.0,143.0,143.0,3000,0.0,0.0
2025-06-13 05:00:00+00:00,143.0,143.0,143.0,143.0,2010,0.0,0.0
2025-06-13 05:10:00+00:00,143.5,143.5,143.5,143.5,2000,0.0,0.0
2025-06-13 05:20:00+00:00,143.5,145.0,143.5,145.0,8005,0.0,0.0
2025-06-16 01:00:00+00:00,145.0,145.0,145.0,145.0,0,0.0,0.0
2025-06-16 01:10:00+00:00,144.0,146.5,144.0,146.5,3000,0.0,0.0
2025-06-16 01:30:00+00:00,145.0,146.0,144.5,146.0,3000,0.0,0.0
2025-06-16 01:50:00+00:00,146.0,146.0,144.5,144.5,2000,0.0,0.0
2025-06-16 02:00:00+00:00,145.5,145.5,145.5,145.5,2000,0.0,0.0
2025-06-16 02:20:00+00:00,144.5,144.5,143.5,143.5,8000,0.0,0.0
2025-06-16 02:25:00+00:00,143.5,143.5,143.5,143.5,3100,0.0,0.0
2025-06-16 02:30:00+00:00,143.5,143.5,143.5,143.5,1000,0.0,0.0
2025-06-16 02:40:00+00:00,143.5,143.5,143.0,143.0,5010,0.0,0.0
2025-06-16 02:45:00+00:00,143.0,143.0,142.5,142.5,3228,0.0,0.0
2025-06-16 03:00:00+00:00,143.0,143.0,143.0,143.0,3000,0.0,0.0
2025-06-16 03:05:00+00:00,142.5,142.5,142.5,142.5,1000,0.0,0.0
2025-06-16 03:10:00+00:00,142.5,142.5,142.5,142.5,1019,0.0,0.0
2025-06-16 03:30:00+00:00,142.0,142.0,142.0,142.0,1937,0.0,0.0
2025-06-16 04:05:00+00:00,142.5,142.5,141.5,141.5,7000,0.0,0.0
2025-06-16 04:35:00+00:00,142.0,142.0,142.0,142.0,2000,0.0,0.0
2025-06-16 04:40:00+00:00,141.5,141.5,141.5,141.5,1068,0.0,0.0
2025-06-16 05:00:00+00:00,141.5,141.5,141.0,141.0,2000,0.0,0.0
2025-06-16 05:05:00+00:00,141.0,141.0,141.0,141.0,4389,0.0,0.0
2025-06-16 05:10:00+00:00,141.0,141.0,141.0,141.0,1000,0.0,0.0
2025-06-16 05:15:00+00:00,141.0,141.0,141.0,141.0,2010,0.0,0.0
2025-06-16 05:20:00+00:00,141.0,141.0,141.0,141.0,3610,0.0,0.0
2025-06-17 01:00:00+00:00,145.0,145.5,145.0,145.5,0,0.0,0.0
2025-06-17 01:05:00+00:00,144.0,144.0,144.0,144.0,1034,0.0,0.0
2025-06-17 01:30:00+00:00,143.5,144.0,143.5,144.0,2000,0.0,0.0
2025-06-17 01:40:00+00:00,144.0,144.0,144.0,144.0,1000,0.0,0.0
2025-06-17 01:45:00+00:00,143.5,143.5,143.5,143.5,1000,0.0,0.0
2025-06-17 01:50:00+00:00,143.5,143.5,143.5,143.5,1000,0.0,0.0
2025-06-17 02:00:00+00:00,143.5,143.5,143.5,143.5,1000,0.0,0.0
2025-06-17 02:40:00+00:00,143.5,143.5,143.5,143.5,1000,0.0,0.0
2025-06-17 02:50:00+00:00,144.5,144.5,144.5,144.5,1000,0.0,0.0
2025-06-17 03:05:00+00:00,144.5,144.5,144.5,144.5,1000,0.0,0.0
2025-06-17 03:20:00+00:00,144.0,144.0,144.0,144.0,1000,0.0,0.0
2025-06-17 03:30:00+00:00,144.0,144.0,143.5,143.5,2130,0.0,0.0
2025-06-17 05:10:00+00:00,144.0,144.0,144.0,144.0,1000,0.0,0.0
2025-06-17 05:20:00+00:00,143.5,143.5,143.5,143.5,1000,0.0,0.0
2025-06-18 01:00:00+00:00,143.5,146.5,143.5,146.5,3276,0.0,0.0
2025-06-18 01:25:00+00:00,144.0,144.0,144.0,144.0,1000,0.0,0.0
2025-06-18 01:30:00+00:00,143.5,144.5,143.5,144.5,2000,0.0,0.0
2025-06-18 02:05:00+00:00,144.5,145.0,143.0,145.0,6000,0.0,0.0
2025-06-18 02:40:00+00:00,143.5,143.5,143.5,143.5,1050,0.0,0.0
2025-06-18 03:10:00+00:00,143.5,143.5,143.5,143.5,1000,0.0,0.0
2025-06-18 03:15:00+00:00,143.5,143.5,143.5,143.5,1000,0.0,0.0
2025-06-18 03:25:00+00:00,144.5,144.5,143.5,143.5,3000,0.0,0.0
2025-06-18 03:30:00+00:00,144.5,144.5,144.5,144.5,1000,0.0,0.0
2025-06-18 03:45:00+00:00,144.5,144.5,144.5,144.5,1005,0.0,0.0
2025-06-18 04:00:00+00:00,144.5,146.0,144.5,146.0,15000,0.0,0.0
2025-06-18 04:05:00+00:00,145.0,146.5,145.0,146.5,2045,0.0,0.0
2025-06-18 04:10:00+00:00,146.5,146.5,145.0,145.0,2000,0.0,0.0
2025-06-18 04:15:00+00:00,145.0,145.0,145.0,145.0,3101,0.0,0.0
2025-06-18 04:55:00+00:00,145.0,145.0,145.0,145.0,3019,0.0,0.0
2025-06-18 05:00:00+00:00,144.5,144.5,143.5,143.5,8110,0.0,0.0
2025-06-18 05:05:00+00:00,143.0,144.5,142.5,144.5,9130,0.0,0.0
2025-06-18 05:10:00+00:00,144.0,144.0,144.0,144.0,1000,0.0,0.0
2025-06-18 05:20:00+00:00,144.0,144.0,144.0,144.0,1000,0.0,0.0
2025-06-19 01:00:00+00:00,142.0,144.0,142.0,144.0,0,0.0,0.0
2025-06-19 01:05:00+00:00,142.0,143.0,142.0,143.0,2000,0.0,0.0
2025-06-19 01:15:00+00:00,143.5,143.5,143.5,143.5,1010,0.0,0.0
2025-06-19 01:25:00+00:00,143.5,143.5,143.5,143.5,5000,0.0,0.0
2025-06-19 01:35:00+00:00,142.5,142.5,142.0,142.0,2000,0.0,0.0
2025-06-19 01:40:00+00:00,142.0,142.0,142.0,142.0,1000,0.0,0.0
2025-06-19 01:45:00+00:00,142.0,142.0,142.0,142.0,1000,0.0,0.0
2025-06-19 02:05:00+00:00,143.0,143.0,141.5,143.0,3120,0.0,0.0
2025-06-19 02:55:00+00:00,142.0,142.0,142.0,142.0,1176,0.0,0.0
2025-06-19 03:55:00+00:00,142.0,142.0,142.0,142.0,1000,0.0,0.0
2025-06-19 04:10:00+00:00,142.5,142.5,141.5,141.5,4000,0.0,0.0
2025-06-19 04:30:00+00:00,141.5,141.5,141.5,141.5,1000,0.0,0.0
2025-06-19 04:35:00+00:00,142.5,142.5,142.5,142.5,2000,0.0,0.0
2025-06-19 04:55:00+00:00,142.5,142.5,142.5,142.5,1100,0.0,0.0
2025-06-19 05:10:00+00:00,142.0,142.0,142.0,142.0,1020,0.0,0.0
2025-06-19 05:20:00+00:00,141.5,141.5,141.5,141.5,1000,0.0,0.0
2025-06-20 01:10:00+00:00,143.0,143.0,143.0,143.0,0,0.0,0.0
2025-06-20 01:35:00+00:00,141.5,141.5,140.0,140.0,7010,0.0,0.0
2025-06-20 01:40:00+00:00,140.5,140.5,140.0,140.0,2012,0.0,0.0
2025-06-20 01:45:00+00:00,140.0,140.0,140.0,140.0,2000,0.0,0.0
2025-06-20 01:50:00+00:00,139.5,139.5,138.5,138.5,3111,0.0,0.0
2025-06-20 01:55:00+00:00,139.5,139.5,139.5,139.5,3100,0.0,0.0
2025-06-20 02:05:00+00:00,139.0,139.0,139.0,139.0,1000,0.0,0.0
2025-06-20 02:10:00+00:00,139.0,139.0,139.0,139.0,5039,0.0,0.0
2025-06-20 02:15:00+00:00,139.0,139.0,139.0,139.0,1000,0.0,0.0
2025-06-20 02:20:00+00:00,139.5,141.0,139.5,141.0,6000,0.0,0.0
2025-06-20 02:25:00+00:00,139.5,139.5,139.5,139.5,1000,0.0,0.0
2025-06-20 02:35:00+00:00,141.0,141.5,141.0,141.5,4000,0.0,0.0
2025-06-20 03:30:00+00:00,141.5,141.5,141.5,141.5,1100,0.0,0.0
2025-06-20 03:50:00+00:00,141.5,141.5,141.5,141.5,2000,0.0,0.0
2025-06-20 04:30:00+00:00,141.0,141.0,141.0,141.0,1000,0.0,0.0
2025-06-20 04:40:00+00:00,141.0,141.0,141.0,141.0,1000,0.0,0.0
2025-06-20 05:05:00+00:00,141.5,141.5,141.5,141.5,1000,0.0,0.0
2025-06-20 05:10:00+00:00,142.0,142.0,142.0,142.0,2000,0.0,0.0
2025-06-20 05:20:00+00:00,141.5,141.5,141.5,141.5,1000,0.0,0.0
2025-06-23 01:05:00+00:00,142.5,143.0,142.5,143.0,0,0.0,0.0
2025-06-23 01:15:00+00:00,144.0,145.0,144.0,145.0,3000,0.0,0.0
2025-06-23 01:25:00+00:00,144.5,144.5,144.5,144.5,2011,0.0,0.0
2025-06-23 04:00:00+00:00,143.5,143.5,143.5,143.5,2001,0.0,0.0
2025-06-23 05:20:00+00:00,144.0,144.0,142.5,142.5,4000,0.0,0.0
2025-06-24 01:00:00+00:00,143.0,145.0,143.0,145.0,0,0.0,0.0
2025-06-24 01:05:00+00:00,145.5,148.0,145.5,147.5,9000,0.0,0.0
2025-06-24 01:10:00+00:00,148.0,148.0,148.0,148.0,4000,0.0,0.0
2025-06-24 01:15:00+00:00,148.5,149.5,148.5,149.5,7119,0.0,0.0
2025-06-24 01:20:00+00:00,152.5,153.5,152.5,153.5,3000,0.0,0.0
2025-06-24 01:25:00+00:00,153.0,153.0,153.0,153.0,1249,0.0,0.0
2025-06-24 01:30:00+00:00,153.5,153.5,153.0,153.0,3274,0.0,0.0
2025-06-24 01:35:00+00:00,154.0,156.0,154.0,156.0,15825,0.0,0.0
2025-06-24 01:40:00+00:00,156.0,156.5,156.0,156.5,30570,0.0,0.0
2025-06-24 01:45:00+00:00,156.5,156.5,156.5,156.5,5601,0.0,0.0
2025-06-24 01:55:00+00:00,156.5,156.5,156.5,156.5,1024,0.0,0.0
2025-06-24 02:00:00+00:00,156.5,156.5,156.5,156.5,2000,0.0,0.0
2025-06-24 02:10:00+00:00,156.5,156.5,156.5,156.5,3140,0.0,0.0
2025-06-24 02:30:00+00:00,156.5,156.5,156.5,156.5,1855,0.0,0.0
2025-06-24 02:35:00+00:00,156.5,156.5,156.5,156.5,6000,0.0,0.0
2025-06-24 02:50:00+00:00,156.5,156.5,156.5,156.5,1000,0.0,0.0
2025-06-24 03:15:00+00:00,156.5,156.5,156.5,156.5,1000,0.0,0.0
2025-06-24 03:40:00+00:00,156.5,156.5,156.5,156.5,1000,0.0,0.0
2025-06-24 04:10:00+00:00,156.5,156.5,156.5,156.5,1000,0.0,0.0
2025-06-24 04:15:00+00:00,156.5,156.5,156.5,156.5,3000,0.0,0.0
2025-06-24 04:35:00+00:00,156.5,156.5,156.5,156.5,1000,0.0,0.0
2025-06-24 05:05:00+00:00,156.5,156.5,156.5,156.5,1001,0.0,0.0
2025-06-24 05:20:00+00:00,156.5,156.5,156.5,156.5,3000,0.0,0.0
2025-06-25 01:00:00+00:00,156.5,156.5,156.5,156.5,0,0.0,0.0
2025-06-25 01:05:00+00:00,153.5,153.5,153.0,153.0,5422,0.0,0.0
2025-06-25 01:15:00+00:00,154.0,155.0,154.0,155.0,3080,0.0,0.0
2025-06-25 01:20:00+00:00,154.5,154.5,154.5,154.5,1020,0.0,0.0
2025-06-25 01:25:00+00:00,154.5,155.0,154.0,155.0,4265,0.0,0.0
2025-06-25 01:30:00+00:00,156.0,156.5,156.0,156.5,2000,0.0,0.0
2025-06-25 01:35:00+00:00,157.0,157.0,157.0,157.0,1000,0.0,0.0
2025-06-25 01:40:00+00:00,157.5,158.0,156.5,156.5,7000,0.0,0.0
2025-06-25 01:45:00+00:00,155.5,155.5,155.5,155.5,1003,0.0,0.0
2025-06-25 01:55:00+00:00,155.5,155.5,154.5,154.5,3048,0.0,0.0
2025-06-25 02:05:00+00:00,154.5,154.5,154.5,154.5,1000,0.0,0.0
2025-06-25 02:10:00+00:00,154.5,154.5,154.5,154.5,1100,0.0,0.0
2025-06-25 02:25:00+00:00,155.0,155.0,154.5,154.5,5100,0.0,0.0
2025-06-25 02:30:00+00:00,155.0,155.0,155.0,155.0,4002,0.0,0.0
2025-06-25 02:35:00+00:00,156.5,157.0,156.5,157.0,2000,0.0,0.0
2025-06-25 02:40:00+00:00,156.5,156.5,156.5,156.5,1000,0.0,0.0
2025-06-25 02:45:00+00:00,156.0,157.5,156.0,157.5,3000,0.0,0.0
2025-06-25 03:00:00+00:00,155.5,155.5,155.5,155.5,1000,0.0,0.0
2025-06-25 03:45:00+00:00,155.0,155.0,154.0,154.0,6050,0.0,0.0
2025-06-25 04:40:00+00:00,154.0,154.0,154.0,154.0,1100,0.0,0.0
2025-06-25 05:05:00+00:00,154.0,154.0,154.0,154.0,1000,0.0,0.0
2025-06-25 05:10:00+00:00,154.0,154.5,153.0,154.5,5100,0.0,0.0
2025-06-25 05:15:00+00:00,154.0,154.0,154.0,154.0,1000,0.0,0.0
2025-06-25 05:20:00+00:00,153.0,153.0,153.0,153.0,2050,0.0,0.0
2025-06-26 01:00:00+00:00,153.0,157.0,153.0,157.0,0,0.0,0.0
2025-06-26 01:20:00+00:00,156.5,156.5,154.5,154.5,2000,0.0,0.0
2025-06-26 01:25:00+00:00,155.5,155.5,155.5,155.5,1065,0.0,0.0
2025-06-26 01:30:00+00:00,155.0,155.0,155.0,155.0,1000,0.0,0.0
2025-06-26 01:35:00+00:00,156.0,158.5,156.0,158.0,24000,0.0,0.0
2025-06-26 01:40:00+00:00,157.0,158.5,155.0,158.5,8000,0.0,0.0
2025-06-26 01:45:00+00:00,159.0,159.0,159.0,159.0,1022,0.0,0.0
2025-06-26 02:05:00+00:00,159.0,159.5,158.5,158.5,8000,0.0,0.0
2025-06-26 02:10:00+00:00,158.5,159.0,158.5,159.0,2000,0.0,0.0
2025-06-26 02:15:00+00:00,159.0,159.0,159.0,159.0,1000,0.0,0.0
2025-06-26 02:35:00+00:00,158.0,158.0,158.0,158.0,0,0.0,0.0
2025-06-26 02:40:00+00:00,158.0,158.0,158.0,158.0,63365,0.0,0.0
2025-06-26 02:45:00+00:00,158.5,158.5,158.0,158.0,4000,0.0,0.0
2025-06-26 02:50:00+00:00,158.0,158.0,158.0,158.0,2000,0.0,0.0
2025-06-26 03:00:00+00:00,158.0,158.5,158.0,158.5,4000,0.0,0.0
2025-06-26 03:05:00+00:00,159.0,160.5,159.0,160.5,11250,0.0,0.0
2025-06-26 03:10:00+00:00,161.0,161.5,161.0,161.5,14174,0.0,0.0
2025-06-26 03:15:00+00:00,161.5,162.0,161.0,161.0,7010,0.0,0.0
2025-06-26 03:20:00+00:00,160.5,160.5,160.5,160.5,1000,0.0,0.0
2025-06-26 03:25:00+00:00,161.0,161.0,161.0,161.0,0,0.0,0.0
2025-06-26 03:30:00+00:00,161.5,162.0,161.5,162.0,110849,0.0,0.0
2025-06-26 03:40:00+00:00,161.5,162.0,161.5,161.5,4003,0.0,0.0
2025-06-26 03:50:00+00:00,162.0,163.0,162.0,163.0,8003,0.0,0.0
2025-06-26 03:55:00+00:00,162.5,162.5,161.5,161.5,6000,0.0,0.0
2025-06-26 04:10:00+00:00,161.5,161.5,161.5,161.5,1000,0.0,0.0
2025-06-26 04:20:00+00:00,161.5,161.5,161.5,161.5,1000,0.0,0.0
2025-06-26 04:25:00+00:00,161.5,161.5,161.5,161.5,1236,0.0,0.0
2025-06-26 04:30:00+00:00,161.0,161.0,161.0,161.0,3000,0.0,0.0
2025-06-26 04:35:00+00:00,160.0,160.0,160.0,160.0,1000,0.0,0.0
2025-06-26 04:40:00+00:00,160.0,160.0,160.0,160.0,1000,0.0,0.0
2025-06-26 04:45:00+00:00,160.0,160.0,160.0,160.0,1172,0.0,0.0
2025-06-26 05:05:00+00:00,159.0,159.0,159.0,159.0,1000,0.0,0.0
2025-06-26 05:15:00+00:00,159.0,159.0,158.0,158.0,4000,0.0,0.0
2025-06-26 05:20:00+00:00,158.0,158.5,157.0,158.5,5010,0.0,0.0
2025-06-27 01:00:00+00:00,173.5,173.5,173.5,173.5,0,0.0,0.0
2025-06-27 01:05:00+00:00,173.5,173.5,173.5,173.5,8000,0.0,0.0
2025-06-27 01:10:00+00:00,173.5,173.5,173.5,173.5,18129,0.0,0.0
2025-06-27 01:20:00+00:00,173.5,173.5,173.5,173.5,3416,0.0,0.0
2025-06-27 01:25:00+00:00,173.5,173.5,173.5,173.5,1040,0.0,0.0
2025-06-27 01:30:00+00:00,173.5,173.5,173.5,173.5,1003,0.0,0.0
2025-06-27 01:35:00+00:00,173.5,173.5,173.5,173.5,2075,0.0,0.0
2025-06-27 01:50:00+00:00,173.5,173.5,173.5,173.5,1000,0.0,0.0
2025-06-27 01:55:00+00:00,173.5,173.5,173.5,173.5,1010,0.0,0.0
2025-06-27 02:00:00+00:00,173.5,173.5,173.5,173.5,1809,0.0,0.0
2025-06-27 02:15:00+00:00,173.5,173.5,173.5,173.5,2000,0.0,0.0
2025-06-27 02:20:00+00:00,173.5,173.5,173.5,173.5,1756,0.0,0.0
2025-06-27 02:45:00+00:00,173.5,173.5,173.5,173.5,1000,0.0,0.0
2025-06-27 02:50:00+00:00,173.5,173.5,173.5,173.5,1000,0.0,0.0
2025-06-27 02:55:00+00:00,173.5,173.5,173.5,173.5,4362,0.0,0.0
2025-06-27 03:20:00+00:00,173.5,173.5,173.5,173.5,1610,0.0,0.0
2025-06-27 04:10:00+00:00,173.5,173.5,173.5,173.5,2006,0.0,0.0
2025-06-27 04:30:00+00:00,173.5,173.5,173.5,173.5,2001,0.0,0.0
2025-06-27 04:45:00+00:00,173.5,173.5,173.5,173.5,1000,0.0,0.0
2025-06-27 04:50:00+00:00,173.5,173.5,173.5,173.5,1000,0.0,0.0
2025-06-27 05:10:00+00:00,173.5,173.5,173.5,173.5,1007,0.0,0.0
2025-06-27 05:20:00+00:00,173.5,173.5,173.5,173.5,1800,0.0,0.0
2025-05-02 01:05:00+00:00,145.5,146.5,145.5,146.5,0,0.0,0.0
2025-05-02 01:35:00+00:00,146.5,146.5,146.5,146.5,1008,0.0,0.0
2025-05-02 01:40:00+00:00,146.5,148.0,146.5,148.0,2465,0.0,0.0
2025-05-02 05:10:00+00:00,147.5,147.5,147.5,147.5,2000,0.0,0.0
2025-05-05 01:00:00+00:00,146.5,146.5,146.5,146.5,0,0.0,0.0
2025-05-05 01:10:00+00:00,145.0,145.0,145.0,145.0,1000,0.0,0.0
2025-05-05 01:20:00+00:00,144.0,144.0,144.0,144.0,1060,0.0,0.0
2025-05-05 01:35:00+00:00,143.5,143.5,142.5,142.5,5000,0.0,0.0
2025-05-05 01:45:00+00:00,140.0,140.0,140.0,140.0,2000,0.0,0.0
2025-05-05 01:50:00+00:00,140.0,140.0,140.0,140.0,1000,0.0,0.0
2025-05-05 01:55:00+00:00,139.0,139.0,139.0,139.0,1050,0.0,0.0
2025-05-05 02:10:00+00:00,138.0,138.0,138.0,138.0,2000,0.0,0.0
2025-05-05 02:15:00+00:00,139.5,139.5,139.5,139.5,7000,0.0,0.0
2025-05-05 02:20:00+00:00,139.5,140.0,139.5,140.0,8211,0.0,0.0
2025-05-05 02:55:00+00:00,139.0,139.0,139.0,139.0,1000,0.0,0.0
2025-05-05 03:35:00+00:00,139.5,139.5,139.5,139.5,1000,0.0,0.0
2025-05-05 04:10:00+00:00,141.0,141.0,141.0,141.0,1000,0.0,0.0
2025-05-05 04:35:00+00:00,142.5,142.5,142.5,142.5,1200,0.0,0.0
2025-05-05 05:05:00+00:00,142.0,142.0,142.0,142.0,3000,0.0,0.0
2025-05-05 05:15:00+00:00,142.0,142.0,142.0,142.0,5000,0.0,0.0
2025-05-05 05:20:00+00:00,142.0,143.5,142.0,143.5,4000,0.0,0.0
2025-05-06 01:00:00+00:00,143.5,143.5,143.5,143.5,0,0.0,0.0
2025-05-06 01:40:00+00:00,144.0,144.5,144.0,144.5,2000,0.0,0.0
2025-05-06 01:50:00+00:00,143.0,143.0,143.0,143.0,1100,0.0,0.0
2025-05-06 02:15:00+00:00,144.5,144.5,144.5,144.5,1068,0.0,0.0
2025-05-06 03:20:00+00:00,144.5,145.0,144.5,145.0,13053,0.0,0.0
2025-05-06 03:25:00+00:00,145.5,146.5,145.5,146.5,3000,0.0,0.0
2025-05-06 03:40:00+00:00,145.5,145.5,145.5,145.5,1050,0.0,0.0
2025-05-06 04:20:00+00:00,144.0,144.0,144.0,144.0,1100,0.0,0.0
2025-05-06 05:15:00+00:00,145.0,145.5,145.0,145.5,3000,0.0,0.0
2025-05-06 05:20:00+00:00,145.5,145.5,145.5,145.5,1000,0.0,0.0
2025-05-07 01:05:00+00:00,145.5,147.0,145.5,147.0,3027,0.0,0.0
2025-05-07 02:20:00+00:00,145.5,145.5,145.0,145.0,2007,0.0,0.0
2025-05-07 03:05:00+00:00,145.0,145.0,145.0,145.0,1000,0.0,0.0
2025-05-07 03:30:00+00:00,144.5,144.5,144.5,144.5,1000,0.0,0.0
2025-05-07 03:35:00+00:00,145.0,145.0,145.0,145.0,4010,0.0,0.0
2025-05-07 05:00:00+00:00,144.0,144.0,144.0,144.0,1000,0.0,0.0
2025-05-07 05:20:00+00:00,144.0,144.0,144.0,144.0,2000,0.0,0.0
2025-05-08 01:00:00+00:00,146.0,147.0,146.0,147.0,0,0.0,0.0
2025-05-08 02:15:00+00:00,147.0,147.5,147.0,147.5,0,0.0,0.0
2025-05-08 02:20:00+00:00,147.5,147.5,147.5,147.5,2000,0.0,0.0
2025-05-08 02:45:00+00:00,146.0,146.0,146.0,146.0,1000,0.0,0.0
2025-05-08 02:55:00+00:00,145.0,145.0,145.0,145.0,1001,0.0,0.0
2025-05-08 03:00:00+00:00,145.5,145.5,145.0,145.0,2000,0.0,0.0
2025-05-08 03:05:00+00:00,145.5,145.5,145.5,145.5,1130,0.0,0.0
2025-05-08 03:20:00+00:00,146.0,146.0,146.0,146.0,1125,0.0,0.0
2025-05-08 04:15:00+00:00,146.0,146.0,146.0,146.0,1007,0.0,0.0
2025-05-08 04:55:00+00:00,146.0,146.0,145.5,145.5,5000,0.0,0.0
2025-05-08 05:00:00+00:00,146.5,146.5,146.5,146.5,6000,0.0,0.0
2025-05-08 05:05:00+00:00,147.0,147.5,147.0,147.5,3000,0.0,0.0
2025-05-08 05:20:00+00:00,147.5,147.5,146.0,146.0,3000,0.0,0.0
2025-05-09 01:00:00+00:00,146.5,149.0,146.5,149.0,0,0.0,0.0
2025-05-09 01:15:00+00:00,148.0,148.0,148.0,148.0,3000,0.0,0.0
2025-05-09 01:20:00+00:00,148.5,149.5,148.5,149.5,16100,0.0,0.0
2025-05-09 01:25:00+00:00,150.0,150.0,150.0,150.0,5000,0.0,0.0
2025-05-09 01:30:00+00:00,151.5,151.5,150.0,150.0,3350,0.0,0.0
2025-05-09 01:35:00+00:00,151.5,152.0,151.5,152.0,2000,0.0,0.0
2025-05-09 01:40:00+00:00,152.0,153.5,152.0,153.5,8220,0.0,0.0
2025-05-09 01:45:00+00:00,153.5,153.5,153.5,153.5,1108,0.0,0.0
2025-05-09 01:55:00+00:00,153.5,153.5,153.5,153.5,1050,0.0,0.0
2025-05-09 02:20:00+00:00,151.0,151.0,150.0,150.0,6218,0.0,0.0
2025-05-09 04:45:00+00:00,149.0,149.0,149.0,149.0,1089,0.0,0.0
2025-05-09 04:50:00+00:00,149.0,149.0,149.0,149.0,4000,0.0,0.0
2025-05-09 05:10:00+00:00,149.0,149.0,149.0,149.0,2000,0.0,0.0
2025-05-09 05:20:00+00:00,151.0,151.0,151.0,151.0,1000,0.0,0.0
2025-05-12 01:05:00+00:00,156.0,156.0,156.0,156.0,0,0.0,0.0
2025-05-12 01:30:00+00:00,154.5,155.5,154.5,155.5,4000,0.0,0.0
2025-05-12 01:50:00+00:00,154.5,154.5,154.5,154.5,1080,0.0,0.0
2025-05-12 02:25:00+00:00,152.0,152.0,152.0,152.0,2069,0.0,0.0
2025-05-12 03:10:00+00:00,152.0,153.5,152.0,153.5,3000,0.0,0.0
2025-05-12 03:30:00+00:00,153.5,153.5,153.5,153.5,2000,0.0,0.0
2025-05-12 04:05:00+00:00,153.5,154.0,153.5,154.0,2314,0.0,0.0
2025-05-13 01:00:00+00:00,154.0,156.5,154.0,156.5,5100,0.0,0.0
2025-05-13 01:10:00+00:00,154.0,154.0,154.0,154.0,1000,0.0,0.0
2025-05-13 01:20:00+00:00,152.5,152.5,152.5,152.5,2190,0.0,0.0
2025-05-13 01:50:00+00:00,152.0,152.0,152.0,152.0,2001,0.0,0.0
2025-05-13 02:00:00+00:00,152.0,152.0,152.0,152.0,1000,0.0,0.0
2025-05-13 02:05:00+00:00,152.0,152.0,152.0,152.0,1000,0.0,0.0
2025-05-13 02:30:00+00:00,152.0,153.0,151.5,151.5,5070,0.0,0.0
2025-05-13 02:35:00+00:00,151.5,151.5,150.5,150.5,5142,0.0,0.0
2025-05-13 02:40:00+00:00,151.0,151.0,151.0,151.0,3000,0.0,0.0
2025-05-13 02:55:00+00:00,151.0,151.0,151.0,151.0,2000,0.0,0.0
2025-05-13 03:00:00+00:00,150.5,150.5,150.5,150.5,2123,0.0,0.0
2025-05-13 03:10:00+00:00,150.0,150.0,150.0,150.0,3017,0.0,0.0
2025-05-13 03:35:00+00:00,150.5,150.5,150.5,150.5,1000,0.0,0.0
2025-05-13 03:40:00+00:00,150.5,150.5,150.5,150.5,1000,0.0,0.0
2025-05-13 03:45:00+00:00,151.0,151.0,151.0,151.0,2743,0.0,0.0
2025-05-13 04:00:00+00:00,150.5,150.5,150.5,150.5,1000,0.0,0.0
2025-05-13 04:40:00+00:00,150.0,150.0,149.5,149.5,3036,0.0,0.0
2025-05-13 04:50:00+00:00,149.0,149.0,149.0,149.0,1000,0.0,0.0
2025-05-13 05:00:00+00:00,149.0,149.0,149.0,149.0,1000,0.0,0.0
2025-05-13 05:05:00+00:00,149.0,149.0,149.0,149.0,1000,0.0,0.0
2025-05-13 05:20:00+00:00,149.5,152.5,149.5,152.5,9104,0.0,0.0
2025-05-14 01:00:00+00:00,147.5,148.0,147.5,148.0,5000,0.0,0.0
2025-05-14 01:05:00+00:00,150.0,151.5,150.0,151.5,2000,0.0,0.0
2025-05-14 01:10:00+00:00,149.0,149.0,149.0,149.0,1000,0.0,0.0
2025-05-14 01:15:00+00:00,150.0,151.0,150.0,151.0,2000,0.0,0.0
2025-05-14 01:25:00+00:00,150.0,150.0,149.0,149.0,3000,0.0,0.0
2025-05-14 01:45:00+00:00,149.0,149.0,149.0,149.0,1000,0.0,0.0
2025-05-14 01:50:00+00:00,148.5,150.5,148.5,150.5,3093,0.0,0.0
2025-05-14 02:10:00+00:00,148.5,148.5,148.5,148.5,2000,0.0,0.0
2025-05-14 02:15:00+00:00,148.0,148.0,147.0,148.0,19000,0.0,0.0
2025-05-14 02:20:00+00:00,148.0,148.0,148.0,148.0,4000,0.0,0.0
2025-05-14 02:35:00+00:00,148.5,148.5,148.5,148.5,2140,0.0,0.0
2025-05-14 02:50:00+00:00,149.0,149.0,149.0,149.0,1000,0.0,0.0
2025-05-14 02:55:00+00:00,149.0,149.0,149.0,149.0,1000,0.0,0.0
2025-05-14 03:05:00+00:00,149.5,149.5,149.5,149.5,1000,0.0,0.0
2025-05-14 03:40:00+00:00,149.5,149.5,149.5,149.5,2000,0.0,0.0
2025-05-14 03:45:00+00:00,149.5,149.5,149.5,149.5,2000,0.0,0.0
2025-05-14 04:10:00+00:00,149.5,149.5,149.5,149.5,2404,0.0,0.0
2025-05-14 04:25:00+00:00,149.5,149.5,149.5,149.5,2006,0.0,0.0
2025-05-14 04:30:00+00:00,149.5,149.5,149.5,149.5,1018,0.0,0.0
2025-05-14 04:40:00+00:00,150.0,150.0,150.0,150.0,3018,0.0,0.0
2025-05-14 04:50:00+00:00,150.0,150.0,150.0,150.0,1006,0.0,0.0
2025-05-14 04:55:00+00:00,150.5,150.5,150.5,150.5,1011,0.0,0.0
2025-05-14 05:00:00+00:00,150.5,151.0,150.5,151.0,10285,0.0,0.0
2025-05-14 05:10:00+00:00,151.5,151.5,151.5,151.5,3061,0.0,0.0
2025-05-15 01:00:00+00:00,150.5,150.5,150.0,150.0,0,0.0,0.0
2025-05-15 01:10:00+00:00,152.0,152.5,150.0,150.0,3010,0.0,0.0
2025-05-15 01:15:00+00:00,149.5,149.5,149.0,149.0,4000,0.0,0.0
2025-05-15 01:20:00+00:00,149.0,149.0,149.0,149.0,2000,0.0,0.0
2025-05-15 01:35:00+00:00,149.0,149.0,148.5,148.5,3000,0.0,0.0
2025-05-15 01:40:00+00:00,148.5,148.5,148.5,148.5,1068,0.0,0.0
2025-05-15 01:55:00+00:00,148.5,148.5,148.0,148.0,6047,0.0,0.0
2025-05-15 02:10:00+00:00,149.5,149.5,149.5,149.5,1093,0.0,0.0
2025-05-15 03:05:00+00:00,149.5,149.5,149.5,149.5,2000,0.0,0.0
2025-05-15 03:10:00+00:00,149.5,149.5,149.5,149.5,1000,0.0,0.0
2025-05-15 04:15:00+00:00,149.5,149.5,149.5,149.5,1000,0.0,0.0
2025-05-15 04:30:00+00:00,150.0,150.0,150.0,150.0,1000,0.0,0.0
2025-05-15 04:35:00+00:00,150.0,150.5,150.0,150.5,3058,0.0,0.0
2025-05-15 04:50:00+00:00,150.0,150.0,150.0,150.0,3020,0.0,0.0
2025-05-15 05:10:00+00:00,149.5,149.5,149.0,149.0,7000,0.0,0.0
2025-05-15 05:15:00+00:00,149.0,149.0,149.0,149.0,4000,0.0,0.0
2025-05-15 05:20:00+00:00,149.0,149.0,148.5,148.5,3000,0.0,0.0
2025-05-16 01:00:00+00:00,148.0,148.0,147.0,147.0,0,0.0,0.0
2025-05-16 01:05:00+00:00,147.0,147.0,146.5,146.5,7016,0.0,0.0
2025-05-16 01:10:00+00:00,148.0,148.5,147.5,147.5,3000,0.0,0.0
2025-05-16 01:15:00+00:00,147.5,148.0,147.5,148.0,3000,0.0,0.0
2025-05-16 01:20:00+00:00,147.5,147.5,147.5,147.5,1000,0.0,0.0
2025-05-16 01:25:00+00:00,147.5,147.5,147.5,147.5,1000,0.0,0.0
2025-05-16 01:30:00+00:00,147.5,147.5,147.5,147.5,2000,0.0,0.0
2025-05-16 01:35:00+00:00,147.0,147.0,147.0,147.0,1424,0.0,0.0
2025-05-16 01:40:00+00:00,147.0,148.0,147.0,148.0,7000,0.0,0.0
2025-05-16 01:45:00+00:00,147.5,147.5,147.5,147.5,2000,0.0,0.0
2025-05-16 01:50:00+00:00,147.5,147.5,147.5,147.5,1000,0.0,0.0
2025-05-16 01:55:00+00:00,147.5,147.5,147.5,147.5,1000,0.0,0.0
2025-05-16 02:00:00+00:00,148.5,148.5,148.0,148.0,3000,0.0,0.0
2025-05-16 02:05:00+00:00,148.5,148.5,148.5,148.5,7000,0.0,0.0
2025-05-16 02:10:00+00:00,148.5,148.5,148.0,148.0,2000,0.0,0.0
2025-05-16 02:15:00+00:00,148.0,148.0,148.0,148.0,1000,0.0,0.0
2025-05-16 02:20:00+00:00,148.0,148.0,148.0,148.0,1000,0.0,0.0
2025-05-16 02:25:00+00:00,148.0,148.0,148.0,148.0,1000,0.0,0.0
2025-05-16 02:30:00+00:00,148.0,148.0,148.0,148.0,2000,0.0,0.0
2025-05-16 02:35:00+00:00,147.5,147.5,147.5,147.5,2000,0.0,0.0
2025-05-16 02:40:00+00:00,148.0,148.5,148.0,148.5,6000,0.0,0.0
2025-05-16 02:45:00+00:00,148.0,148.5,148.0,148.5,2000,0.0,0.0
2025-05-16 02:50:00+00:00,148.0,148.5,148.0,148.5,2000,0.0,0.0
2025-05-16 02:55:00+00:00,149.0,149.5,148.5,149.5,4089,0.0,0.0
2025-05-16 03:00:00+00:00,149.0,149.5,149.0,149.5,3238,0.0,0.0
2025-05-16 03:05:00+00:00,149.5,150.0,149.0,150.0,5000,0.0,0.0
2025-05-16 03:10:00+00:00,149.5,149.5,149.5,149.5,1000,0.0,0.0
2025-05-16 03:15:00+00:00,149.0,150.0,149.0,150.0,5000,0.0,0.0
2025-05-16 03:20:00+00:00,149.5,149.5,149.5,149.5,2000,0.0,0.0
2025-05-16 03:25:00+00:00,149.5,150.0,149.5,150.0,2000,0.0,0.0
2025-05-16 03:30:00+00:00,149.5,149.5,149.5,149.5,1000,0.0,0.0
2025-05-16 03:35:00+00:00,149.5,150.0,149.5,150.0,2000,0.0,0.0
2025-05-16 03:40:00+00:00,149.5,150.0,149.5,150.0,2000,0.0,0.0
2025-05-16 03:45:00+00:00,149.5,149.5,149.5,149.5,1000,0.0,0.0
2025-05-16 03:50:00+00:00,149.0,149.0,149.0,149.0,1000,0.0,0.0
2025-05-16 03:55:00+00:00,149.5,150.5,149.0,150.5,11000,0.0,0.0
2025-05-16 04:00:00+00:00,150.0,150.0,150.0,150.0,1000,0.0,0.0
2025-05-16 04:05:00+00:00,151.0,151.0,150.5,150.5,8179,0.0,0.0
2025-05-16 04:10:00+00:00,150.0,150.0,150.0,150.0,1001,0.0,0.0
2025-05-16 04:15:00+00:00,150.0,150.0,150.0,150.0,1000,0.0,0.0
2025-05-16 04:20:00+00:00,149.5,149.5,149.5,149.5,1000,0.0,0.0
2025-05-16 04:25:00+00:00,149.5,149.5,149.5,149.5,1000,0.0,0.0
2025-05-16 04:30:00+00:00,150.5,150.5,150.0,150.0,2000,0.0,0.0
2025-05-16 04:35:00+00:00,150.5,150.5,150.0,150.0,2000,0.0,0.0
2025-05-16 04:40:00+00:00,149.5,149.5,149.5,149.5,1000,0.0,0.0
2025-05-16 04:45:00+00:00,149.5,150.5,149.5,150.5,2100,0.0,0.0
2025-05-16 04:50:00+00:00,150.0,150.0,150.0,150.0,1000,0.0,0.0
2025-05-16 04:55:00+00:00,149.5,150.5,149.5,150.5,2099,0.0,0.0
2025-05-16 05:05:00+00:00,150.5,150.5,150.5,150.5,1200,0.0,0.0
2025-05-19 01:40:00+00:00,151.0,151.0,151.0,151.0,0,0.0,0.0
2025-05-19 01:50:00+00:00,149.5,149.5,149.5,149.5,1000,0.0,0.0
2025-05-19 02:35:00+00:00,149.0,149.0,149.0,149.0,1000,0.0,0.0
2025-05-19 04:25:00+00:00,150.5,151.0,150.5,151.0,2001,0.0,0.0
2025-05-19 05:00:00+00:00,150.5,150.5,150.5,150.5,1000,0.0,0.0
2025-05-19 05:20:00+00:00,150.5,150.5,150.5,150.5,1000,0.0,0.0
2025-05-20 01:10:00+00:00,150.5,151.5,150.5,151.5,2004,0.0,0.0
2025-05-20 01:15:00+00:00,151.0,151.0,151.0,151.0,1000,0.0,0.0
2025-05-20 01:20:00+00:00,151.0,151.0,151.0,151.0,1000,0.0,0.0
2025-05-20 01:35:00+00:00,151.0,151.0,151.0,151.0,1030,0.0,0.0
2025-05-20 02:20:00+00:00,150.0,150.0,150.0,150.0,1329,0.0,0.0
2025-05-20 04:15:00+00:00,150.0,150.0,150.0,150.0,1000,0.0,0.0
2025-05-20 04:55:00+00:00,150.0,150.0,150.0,150.0,2000,0.0,0.0
2025-05-20 05:20:00+00:00,150.5,150.5,150.5,150.5,2000,0.0,0.0
2025-05-21 01:10:00+00:00,150.0,150.0,150.0,150.0,1000,0.0,0.0
2025-05-21 02:05:00+00:00,150.0,150.0,150.0,150.0,1000,0.0,0.0
2025-05-21 02:10:00+00:00,150.5,150.5,150.5,150.5,1040,0.0,0.0
2025-05-21 04:30:00+00:00,150.5,150.5,150.5,150.5,2150,0.0,0.0
2025-05-21 04:40:00+00:00,151.0,151.0,151.0,151.0,1000,0.0,0.0
2025-05-21 05:00:00+00:00,151.0,151.0,149.0,149.0,4177,0.0,0.0
2025-05-21 05:20:00+00:00,149.5,149.5,149.5,149.5,1025,0.0,0.0
2025-05-22 01:00:00+00:00,147.5,147.5,147.5,147.5,0,0.0,0.0
2025-05-22 01:05:00+00:00,148.5,148.5,148.5,148.5,2400,0.0,0.0
2025-05-22 01:20:00+00:00,148.5,149.5,148.5,149.5,2000,0.0,0.0
2025-05-22 01:25:00+00:00,149.5,149.5,149.5,149.5,1000,0.0,0.0
2025-05-22 01:35:00+00:00,150.0,150.0,150.0,150.0,1000,0.0,0.0
2025-05-22 01:55:00+00:00,150.0,150.5,150.0,150.5,5000,0.0,0.0
2025-05-22 02:00:00+00:00,150.5,151.0,150.5,151.0,5050,0.0,0.0
2025-05-22 02:15:00+00:00,151.0,152.0,151.0,152.0,6010,0.0,0.0
2025-05-22 02:45:00+00:00,152.0,156.0,152.0,156.0,15100,0.0,0.0
2025-05-22 02:50:00+00:00,156.0,156.0,156.0,156.0,1019,0.0,0.0
2025-05-22 03:05:00+00:00,154.0,155.5,154.0,155.5,3050,0.0,0.0
2025-05-22 03:25:00+00:00,154.5,154.5,153.5,153.5,2000,0.0,0.0
2025-05-22 03:30:00+00:00,153.0,153.0,153.0,153.0,1000,0.0,0.0
2025-05-22 03:45:00+00:00,154.5,155.5,154.5,155.5,4105,0.0,0.0
2025-05-22 04:10:00+00:00,155.0,155.0,155.0,155.0,1008,0.0,0.0
2025-05-22 04:25:00+00:00,155.0,155.0,155.0,155.0,2000,0.0,0.0
2025-05-22 04:40:00+00:00,155.5,155.5,155.5,155.5,2062,0.0,0.0
2025-05-22 04:45:00+00:00,155.5,155.5,155.5,155.5,2149,0.0,0.0
2025-05-22 05:05:00+00:00,155.5,155.5,155.5,155.5,3125,0.0,0.0
2025-05-22 05:20:00+00:00,155.5,155.5,153.5,153.5,4100,0.0,0.0
2025-05-23 01:00:00+00:00,155.0,156.0,154.5,156.0,0,0.0,0.0
2025-05-23 01:05:00+00:00,157.0,158.5,157.0,158.5,6113,0.0,0.0
2025-05-23 01:10:00+00:00,158.5,161.5,158.5,161.0,19170,0.0,0.0
2025-05-23 01:15:00+00:00,160.0,160.0,158.5,158.5,5020,0.0,0.0
2025-05-23 01:20:00+00:00,158.5,158.5,158.5,158.5,1000,0.0,0.0
2025-05-23 01:35:00+00:00,159.5,159.5,159.5,159.5,1050,0.0,0.0
2025-05-23 01:40:00+00:00,159.0,159.0,159.0,159.0,1005,0.0,0.0
2025-05-23 01:55:00+00:00,158.5,158.5,158.0,158.0,2005,0.0,0.0
2025-05-23 02:00:00+00:00,157.5,157.5,157.5,157.5,2000,0.0,0.0
2025-05-23 02:05:00+00:00,157.5,157.5,157.5,157.5,1000,0.0,0.0
2025-05-23 02:10:00+00:00,157.0,157.5,157.0,157.0,6050,0.0,0.0
2025-05-23 02:15:00+00:00,158.0,158.5,158.0,158.5,2016,0.0,0.0
2025-05-23 02:20:00+00:00,157.0,157.0,156.5,156.5,2000,0.0,0.0
2025-05-23 02:30:00+00:00,156.5,156.5,156.5,156.5,1000,0.0,0.0
2025-05-23 02:40:00+00:00,157.0,157.0,157.0,157.0,2000,0.0,0.0
2025-05-23 02:45:00+00:00,157.5,158.5,157.5,158.5,2000,0.0,0.0
2025-05-23 02:50:00+00:00,158.0,158.0,158.0,158.0,1050,0.0,0.0
2025-05-23 04:00:00+00:00,158.0,158.0,158.0,158.0,1000,0.0,0.0
2025-05-23 04:05:00+00:00,157.0,157.0,156.5,156.5,4146,0.0,0.0
2025-05-23 04:40:00+00:00,154.0,154.0,154.0,154.0,6133,0.0,0.0
2025-05-23 04:45:00+00:00,153.5,154.0,153.5,154.0,7000,0.0,0.0
2025-05-23 04:50:00+00:00,156.0,156.0,156.0,156.0,1000,0.0,0.0
2025-05-23 05:05:00+00:00,155.5,155.5,155.5,155.5,2000,0.0,0.0
2025-05-23 05:20:00+00:00,154.0,155.5,154.0,155.5,3000,0.0,0.0
2025-05-26 01:00:00+00:00,153.5,156.0,153.5,155.0,0,0.0,0.0
2025-05-26 01:10:00+00:00,156.0,156.5,156.0,156.5,3003,0.0,0.0
2025-05-26 01:35:00+00:00,154.5,154.5,154.5,154.5,1000,0.0,0.0
2025-05-26 01:40:00+00:00,153.5,153.5,153.5,153.5,1000,0.0,0.0
2025-05-26 01:45:00+00:00,153.5,153.5,153.5,153.5,1178,0.0,0.0
2025-05-26 02:00:00+00:00,153.5,153.5,153.5,153.5,1000,0.0,0.0
2025-05-26 02:25:00+00:00,154.5,154.5,154.5,154.5,1000,0.0,0.0
2025-05-26 02:55:00+00:00,154.5,154.5,154.5,154.5,1000,0.0,0.0
2025-05-26 03:05:00+00:00,155.0,155.0,155.0,155.0,1000,0.0,0.0
2025-05-26 03:10:00+00:00,155.0,155.5,155.0,155.5,2076,0.0,0.0
2025-05-26 04:20:00+00:00,154.0,154.0,154.0,154.0,2000,0.0,0.0
2025-05-26 04:35:00+00:00,154.0,154.0,154.0,154.0,1500,0.0,0.0
2025-05-26 05:20:00+00:00,154.0,155.5,154.0,155.5,5000,0.0,0.0
2025-05-27 01:05:00+00:00,155.5,156.0,155.5,156.0,0,0.0,0.0
2025-05-27 01:45:00+00:00,153.5,153.5,153.5,153.5,1000,0.0,0.0
2025-05-27 01:50:00+00:00,153.5,153.5,153.5,153.5,1000,0.0,0.0
2025-05-27 02:20:00+00:00,153.5,153.5,153.5,153.5,1000,0.0,0.0
2025-05-27 02:30:00+00:00,153.0,153.0,153.0,153.0,1000,0.0,0.0
2025-05-27 02:40:00+00:00,152.5,152.5,152.5,152.5,1000,0.0,0.0
2025-05-27 02:45:00+00:00,152.0,152.0,152.0,152.0,1000,0.0,0.0
2025-05-27 03:15:00+00:00,152.5,152.5,152.5,152.5,1020,0.0,0.0
2025-05-27 03:30:00+00:00,152.0,152.0,152.0,152.0,4183,0.0,0.0
2025-05-27 04:15:00+00:00,151.0,151.0,151.0,151.0,2165,0.0,0.0
2025-05-27 04:30:00+00:00,150.5,150.5,150.5,150.5,1000,0.0,0.0
2025-05-27 04:40:00+00:00,149.5,149.5,149.5,149.5,3009,0.0,0.0
2025-05-27 04:55:00+00:00,151.0,151.0,150.0,150.0,8000,0.0,0.0
2025-05-27 05:10:00+00:00,150.0,150.0,150.0,150.0,1220,0.0,0.0
2025-05-27 05:15:00+00:00,150.5,150.5,150.5,150.5,2640,0.0,0.0
2025-05-28 01:00:00+00:00,154.0,154.5,154.0,154.5,0,0.0,0.0
2025-05-28 01:20:00+00:00,152.0,152.0,152.0,152.0,1000,0.0,0.0
2025-05-28 01:25:00+00:00,151.0,151.0,151.0,151.0,1000,0.0,0.0
2025-05-28 01:30:00+00:00,152.5,153.0,152.5,153.0,2155,0.0,0.0
2025-05-28 02:10:00+00:00,151.0,151.0,150.5,150.5,2144,0.0,0.0
2025-05-28 03:15:00+00:00,151.5,151.5,151.5,151.5,1006,0.0,0.0
2025-05-28 03:20:00+00:00,152.5,153.0,152.5,153.0,2026,0.0,0.0
2025-05-28 04:35:00+00:00,151.0,151.0,150.5,150.5,3000,0.0,0.0
2025-05-28 05:00:00+00:00,150.5,150.5,150.5,150.5,2000,0.0,0.0
2025-05-29 01:00:00+00:00,152.0,152.0,152.0,152.0,0,0.0,0.0
2025-05-29 01:15:00+00:00,150.0,150.0,149.5,149.5,2000,0.0,0.0
2025-05-29 01:30:00+00:00,148.5,148.5,148.5,148.5,3000,0.0,0.0
2025-05-29 01:35:00+00:00,148.5,148.5,148.5,148.5,1110,0.0,0.0
2025-05-29 01:50:00+00:00,148.5,148.5,148.5,148.5,3000,0.0,0.0
2025-05-29 01:55:00+00:00,149.0,149.0,149.0,149.0,1016,0.0,0.0
2025-05-29 02:00:00+00:00,148.5,148.5,148.5,148.5,1000,0.0,0.0
2025-05-29 02:40:00+00:00,148.5,148.5,148.5,148.5,1462,0.0,0.0
2025-05-29 03:25:00+00:00,149.0,149.0,149.0,149.0,1000,0.0,0.0
2025-05-29 03:35:00+00:00,150.0,150.0,150.0,150.0,4010,0.0,0.0
2025-05-29 04:05:00+00:00,150.0,150.0,150.0,150.0,2020,0.0,0.0
2025-05-29 05:00:00+00:00,150.0,150.0,150.0,150.0,5140,0.0,0.0
2025-05-29 05:15:00+00:00,151.0,151.0,151.0,151.0,1000,0.0,0.0
2025-06-02 01:15:00+00:00,152.0,152.5,152.0,152.5,0,0.0,0.0
2025-06-02 01:35:00+00:00,152.0,152.0,152.0,152.0,1000,0.0,0.0
2025-06-02 01:40:00+00:00,152.0,152.0,152.0,152.0,1000,0.0,0.0
2025-06-02 01:50:00+00:00,151.0,151.0,151.0,151.0,1000,0.0,0.0
2025-06-02 01:55:00+00:00,150.5,150.5,150.5,150.5,2000,0.0,0.0
2025-06-02 02:05:00+00:00,151.5,151.5,151.5,151.5,1000,0.0,0.0
2025-06-02 02:10:00+00:00,151.0,151.0,151.0,151.0,1000,0.0,0.0
2025-06-02 03:30:00+00:00,150.0,150.0,150.0,150.0,1000,0.0,0.0
2025-06-02 04:00:00+00:00,150.0,150.0,150.0,150.0,1010,0.0,0.0
2025-06-02 05:20:00+00:00,150.0,150.0,150.0,150.0,3000,0.0,0.0
2025-06-03 01:00:00+00:00,150.0,151.5,149.5,149.5,0,0.0,0.0
2025-06-03 01:25:00+00:00,151.5,153.5,151.5,153.5,6061,0.0,0.0
2025-06-03 01:30:00+00:00,153.0,153.0,153.0,153.0,3170,0.0,0.0
2025-06-03 02:40:00+00:00,150.5,150.5,150.5,150.5,1094,0.0,0.0
2025-06-03 04:40:00+00:00,150.0,150.0,150.0,150.0,3050,0.0,0.0
2025-06-03 05:20:00+00:00,150.0,150.0,149.5,149.5,6000,0.0,0.0
2025-06-04 01:00:00+00:00,152.5,152.5,152.5,152.5,1000,0.0,0.0
2025-06-04 01:30:00+00:00,151.0,151.0,151.0,151.0,1000,0.0,0.0
2025-06-04 01:40:00+00:00,152.0,152.0,152.0,152.0,1000,0.0,0.0
2025-06-04 01:45:00+00:00,152.0,152.5,152.0,152.5,6100,0.0,0.0
2025-06-04 02:10:00+00:00,152.0,152.0,152.0,152.0,2000,0.0,0.0
2025-06-04 04:10:00+00:00,151.0,151.0,150.5,150.5,4023,0.0,0.0
2025-06-04 05:20:00+00:00,150.5,151.5,150.5,151.5,2000,0.0,0.0
2025-06-05 01:00:00+00:00,150.0,150.0,150.0,150.0,2000,0.0,0.0
2025-06-05 01:05:00+00:00,150.0,150.0,150.0,150.0,3000,0.0,0.0
2025-06-05 01:10:00+00:00,153.0,153.0,153.0,153.0,1010,0.0,0.0
2025-06-05 01:25:00+00:00,150.0,150.0,150.0,150.0,1000,0.0,0.0
2025-06-05 01:50:00+00:00,151.5,151.5,151.5,151.5,3000,0.0,0.0
2025-06-05 02:15:00+00:00,151.5,151.5,151.5,151.5,1000,0.0,0.0
2025-06-05 03:40:00+00:00,152.0,152.0,152.0,152.0,4000,0.0,0.0
2025-06-05 03:45:00+00:00,152.0,153.5,152.0,153.5,21095,0.0,0.0
2025-06-05 04:25:00+00:00,153.5,153.5,153.5,153.5,1011,0.0,0.0
2025-06-05 05:10:00+00:00,152.5,152.5,152.0,152.0,13000,0.0,0.0
2025-06-05 05:20:00+00:00,151.5,152.5,151.0,152.5,7385,0.0,0.0
2025-06-06 01:00:00+00:00,151.5,153.0,151.5,151.5,3000,0.0,0.0
2025-06-06 01:05:00+00:00,151.0,151.0,151.0,151.0,2000,0.0,0.0
2025-06-06 01:15:00+00:00,151.0,153.0,151.0,151.5,4000,0.0,0.0
2025-06-06 01:25:00+00:00,151.5,151.5,151.5,151.5,1100,0.0,0.0
2025-06-06 02:15:00+00:00,152.5,152.5,152.5,152.5,2202,0.0,0.0
2025-06-06 05:20:00+00:00,152.0,152.0,152.0,152.0,2000,0.0,0.0
2025-06-09 01:00:00+00:00,153.0,153.0,153.0,153.0,0,0.0,0.0
2025-06-09 01:20:00+00:00,151.5,151.5,151.5,151.5,3000,0.0,0.0
2025-06-09 02:35:00+00:00,152.5,152.5,152.5,152.5,1000,0.0,0.0
2025-06-09 02:40:00+00:00,152.5,153.0,152.5,153.0,2000,0.0,0.0
2025-06-09 02:45:00+00:00,153.0,153.0,153.0,153.0,2000,0.0,0.0
2025-06-09 03:00:00+00:00,152.0,152.0,152.0,152.0,2000,0.0,0.0
2025-06-09 04:25:00+00:00,153.0,153.5,153.0,153.5,9000,0.0,0.0
2025-06-09 04:40:00+00:00,153.5,153.5,153.5,153.5,2022,0.0,0.0
2025-06-09 05:05:00+00:00,153.5,154.5,153.0,153.0,11000,0.0,0.0
2025-06-09 05:10:00+00:00,154.5,154.5,154.5,154.5,2078,0.0,0.0
2025-06-09 05:20:00+00:00,155.0,155.0,155.0,155.0,3337,0.0,0.0
2025-06-10 01:05:00+00:00,153.0,153.0,153.0,153.0,1000,0.0,0.0
2025-06-10 01:30:00+00:00,153.0,153.0,153.0,153.0,1012,0.0,0.0
2025-06-10 01:55:00+00:00,153.0,153.0,153.0,153.0,2082,0.0,0.0
2025-06-10 02:20:00+00:00,153.0,153.0,153.0,153.0,1000,0.0,0.0
2025-06-10 02:40:00+00:00,154.0,154.0,154.0,154.0,1000,0.0,0.0
2025-06-10 02:55:00+00:00,153.5,153.5,153.5,153.5,1000,0.0,0.0
2025-06-10 03:20:00+00:00,153.0,153.0,153.0,153.0,2000,0.0,0.0
2025-06-10 03:50:00+00:00,153.5,153.5,153.5,153.5,1130,0.0,0.0
2025-06-10 04:30:00+00:00,153.0,153.0,152.5,152.5,7030,0.0,0.0
2025-06-11 01:00:00+00:00,156.0,156.0,155.0,155.5,4044,0.0,0.0
2025-06-11 02:30:00+00:00,152.0,152.0,152.0,152.0,2000,0.0,0.0
2025-06-11 03:45:00+00:00,152.0,152.0,152.0,152.0,2000,0.0,0.0
2025-06-11 04:00:00+00:00,152.0,152.0,152.0,152.0,1117,0.0,0.0
2025-06-12 01:00:00+00:00,152.5,152.5,152.5,152.5,1010,0.0,0.0
2025-06-12 03:50:00+00:00,151.0,151.0,151.0,151.0,4018,0.0,0.0
2025-06-12 03:55:00+00:00,150.5,150.5,150.5,150.5,1000,0.0,0.0
2025-06-12 04:05:00+00:00,150.5,150.5,150.5,150.5,2000,0.0,0.0
2025-06-12 05:05:00+00:00,150.5,150.5,150.0,150.0,17071,0.0,0.0
2025-06-12 05:10:00+00:00,149.5,149.5,149.5,149.5,2000,0.0,0.0
2025-06-12 05:15:00+00:00,149.0,149.0,149.0,149.0,5000,0.0,0.0
2025-06-12 05:20:00+00:00,149.5,149.5,149.0,149.0,6009,0.0,0.0
2025-06-13 01:00:00+00:00,147.5,147.5,147.0,147.0,3138,0.0,0.0
2025-06-13 01:20:00+00:00,146.0,146.0,145.5,145.5,5000,0.0,0.0
2025-06-13 01:25:00+00:00,146.0,146.0,146.0,146.0,1000,0.0,0.0
2025-06-13 01:30:00+00:00,146.0,147.0,146.0,147.0,2100,0.0,0.0
2025-06-13 02:10:00+00:00,147.0,147.0,147.0,147.0,3000,0.0,0.0
2025-06-13 02:20:00+00:00,147.5,149.5,147.5,149.5,4000,0.0,0.0
2025-06-13 02:30:00+00:00,147.0,147.0,147.0,147.0,2000,0.0,0.0
2025-06-13 02:35:00+00:00,149.0,149.0,149.0,149.0,1000,0.0,0.0
2025-06-13 02:40:00+00:00,147.0,147.0,147.0,147.0,2003,0.0,0.0
2025-06-13 03:00:00+00:00,147.0,147.0,147.0,147.0,2000,0.0,0.0
2025-06-13 03:05:00+00:00,147.0,147.0,147.0,147.0,1000,0.0,0.0
2025-06-13 03:15:00+00:00,146.0,146.0,146.0,146.0,2000,0.0,0.0
2025-06-13 03:20:00+00:00,146.0,146.0,146.0,146.0,3165,0.0,0.0
2025-06-13 03:25:00+00:00,145.5,145.5,145.0,145.0,3609,0.0,0.0
2025-06-13 03:40:00+00:00,142.5,143.5,142.5,143.5,4000,0.0,0.0
2025-06-13 03:45:00+00:00,143.5,144.0,143.0,144.0,3000,0.0,0.0
2025-06-13 03:50:00+00:00,144.5,145.0,144.5,145.0,3100,0.0,0.0
2025-06-13 04:20:00+00:00,143.5,143.5,143.5,143.5,3000,0.0,0.0
2025-06-13 04:25:00+00:00,143.0,143.0,143.0,143.0,2000,0.0,0.0
2025-06-13 04:35:00+00:00,143.0,143.0,143.0,143.0,2000,0.0,0.0
2025-06-13 04:40:00+00:00,143.0,143.0,143.0,143.0,1000,0.0,0.0
2025-06-13 04:50:00+00:00,143.0,143.0,143.0,143.0,3000,0.0,0.0
2025-06-13 04:55:00+00:00,143.0,143.0,143.0,143.0,3000,0.0,0.0
2025-06-13 05:00:00+00:00,143.0,143.0,143.0,143.0,2010,0.0,0.0
2025-06-13 05:10:00+00:00,143.5,143.5,143.5,143.5,2000,0.0,0.0
2025-06-13 05:20:00+00:00,143.5,145.0,143.5,145.0,8005,0.0,0.0
2025-06-16 01:00:00+00:00,145.0,145.0,145.0,145.0,1000,0.0,0.0
2025-06-16 01:10:00+00:00,144.0,146.5,144.0,146.5,3000,0.0,0.0
2025-06-16 01:30:00+00:00,145.0,146.0,144.5,146.0,3000,0.0,0.0
2025-06-16 01:50:00+00:00,146.0,146.0,144.5,144.5,2000,0.0,0.0
2025-06-16 02:00:00+00:00,145.5,145.5,145.5,145.5,2000,0.0,0.0
2025-06-16 02:20:00+00:00,144.5,144.5,143.5,143.5,8000,0.0,0.0
2025-06-16 02:25:00+00:00,143.5,143.5,143.5,143.5,3100,0.0,0.0
2025-06-16 02:30:00+00:00,143.5,143.5,143.5,143.5,1000,0.0,0.0
2025-06-16 02:40:00+00:00,143.5,143.5,143.0,143.0,5010,0.0,0.0
2025-06-16 02:45:00+00:00,143.0,143.0,142.5,142.5,3228,0.0,0.0
2025-06-16 03:00:00+00:00,143.0,143.0,143.0,143.0,3000,0.0,0.0
2025-06-16 03:05:00+00:00,142.5,142.5,142.5,142.5,1000,0.0,0.0
2025-06-16 03:10:00+00:00,142.5,142.5,142.5,142.5,1019,0.0,0.0
2025-06-16 03:30:00+00:00,142.0,142.0,142.0,142.0,1937,0.0,0.0
2025-06-16 04:05:00+00:00,142.5,142.5,141.5,141.5,7000,0.0,0.0
2025-06-16 04:35:00+00:00,142.0,142.0,142.0,142.0,2000,0.0,0.0
2025-06-16 04:40:00+00:00,141.5,141.5,141.5,141.5,1068,0.0,0.0
2025-06-16 05:00:00+00:00,141.5,141.5,141.0,141.0,2000,0.0,0.0
2025-06-16 05:05:00+00:00,141.0,141.0,141.0,141.0,4389,0.0,0.0
2025-06-16 05:10:00+00:00,141.0,141.0,141.0,141.0,1000,0.0,0.0
2025-06-16 05:15:00+00:00,141.0,141.0,141.0,141.0,2010,0.0,0.0
2025-06-16 05:20:00+00:00,141.0,141.0,141.0,141.0,3610,0.0,0.0
2025-06-17 01:00:00+00:00,145.0,145.5,145.0,145.5,2000,0.0,0.0
2025-06-17 01:05:00+00:00,144.0,144.0,144.0,144.0,1034,0.0,0.0
2025-06-17 01:30:00+00:00,143.5,144.0,143.5,144.0,2000,0.0,0.0
2025-06-17 01:40:00+00:00,144.0,144.0,144.0,144.0,1000,0.0,0.0
2025-06-17 01:45:00+00:00,143.5,143.5,143.5,143.5,1000,0.0,0.0
2025-06-17 01:50:00+00:00,143.5,143.5,143.5,143.5,1000,0.0,0.0
2025-06-17 02:00:00+00:00,143.5,143.5,143.5,143.5,1000,0.0,0.0
2025-06-17 02:40:00+00:00,143.5,143.5,143.5,143.5,1000,0.0,0.0
2025-06-17 02:50:00+00:00,144.5,144.5,144.5,144.5,1000,0.0,0.0
2025-06-17 03:05:00+00:00,144.5,144.5,144.5,144.5,1000,0.0,0.0
2025-06-17 03:20:00+00:00,144.0,144.0,144.0,144.0,1000,0.0,0.0
2025-06-17 03:30:00+00:00,144.0,144.0,143.5,143.5,2130,0.0,0.0
2025-06-17 05:10:00+00:00,144.0,144.0,144.0,144.0,1000,0.0,0.0
2025-06-17 05:20:00+00:00,143.5,143.5,143.5,143.5,1000,0.0,0.0
2025-06-18 01:00:00+00:00,143.5,146.5,143.5,146.5,3276,0.0,0.0
2025-06-18 01:25:00+00:00,144.0,144.0,144.0,144.0,1000,0.0,0.0
2025-06-18 01:30:00+00:00,143.5,144.5,143.5,144.5,2000,0.0,0.0
2025-06-18 02:05:00+00:00,144.5,145.0,143.0,145.0,6000,0.0,0.0
2025-06-18 02:40:00+00:00,143.5,143.5,143.5,143.5,1050,0.0,0.0
2025-06-18 03:10:00+00:00,143.5,143.5,143.5,143.5,1000,0.0,0.0
2025-06-18 03:15:00+00:00,143.5,143.5,143.5,143.5,1000,0.0,0.0
2025-06-18 03:25:00+00:00,144.5,144.5,143.5,143.5,3000,0.0,0.0
2025-06-18 03:30:00+00:00,144.5,144.5,144.5,144.5,1000,0.0,0.0
2025-06-18 03:45:00+00:00,144.5,144.5,144.5,144.5,1005,0.0,0.0
2025-06-18 04:00:00+00:00,144.5,146.0,144.5,146.0,15000,0.0,0.0
2025-06-18 04:05:00+00:00,145.0,146.5,145.0,146.5,2045,0.0,0.0
2025-06-18 04:10:00+00:00,146.5,146.5,145.0,145.0,2000,0.0,0.0
2025-06-18 04:15:00+00:00,145.0,145.0,145.0,145.0,3101,0.0,0.0
2025-06-18 04:55:00+00:00,145.0,145.0,145.0,145.0,3019,0.0,0.0
2025-06-18 05:00:00+00:00,144.5,144.5,143.5,143.5,8110,0.0,0.0
2025-06-18 05:05:00+00:00,143.0,144.5,142.5,144.5,9130,0.0,0.0
2025-06-18 05:10:00+00:00,144.0,144.0,144.0,144.0,1000,0.0,0.0
2025-06-18 05:20:00+00:00,144.0,144.0,144.0,144.0,1000,0.0,0.0
2025-06-19 01:00:00+00:00,142.0,144.0,142.0,144.0,0,0.0,0.0
2025-06-19 01:05:00+00:00,142.0,143.0,142.0,143.0,2000,0.0,0.0
2025-06-19 01:15:00+00:00,143.5,143.5,143.5,143.5,1010,0.0,0.0
2025-06-19 01:25:00+00:00,143.5,143.5,143.5,143.5,5000,0.0,0.0
2025-06-19 01:35:00+00:00,142.5,142.5,142.0,142.0,2000,0.0,0.0
2025-06-19 01:40:00+00:00,142.0,142.0,142.0,142.0,1000,0.0,0.0
2025-06-19 01:45:00+00:00,142.0,142.0,142.0,142.0,1000,0.0,0.0
2025-06-19 02:05:00+00:00,143.0,143.0,141.5,143.0,3120,0.0,0.0
2025-06-19 02:55:00+00:00,142.0,142.0,142.0,142.0,1176,0.0,0.0
2025-06-19 03:55:00+00:00,142.0,142.0,142.0,142.0,1000,0.0,0.0
2025-06-19 04:10:00+00:00,142.5,142.5,141.5,141.5,4000,0.0,0.0
2025-06-19 04:30:00+00:00,141.5,141.5,141.5,141.5,1000,0.0,0.0
2025-06-19 04:35:00+00:00,142.5,142.5,142.5,142.5,2000,0.0,0.0
2025-06-19 04:55:00+00:00,142.5,142.5,142.5,142.5,1100,0.0,0.0
2025-06-19 05:10:00+00:00,142.0,142.0,142.0,142.0,1020,0.0,0.0
2025-06-19 05:20:00+00:00,141.5,141.5,141.5,141.5,1000,0.0,0.0
2025-06-20 01:10:00+00:00,143.0,143.0,143.0,143.0,1018,0.0,0.0
2025-06-20 01:35:00+00:00,141.5,141.5,140.0,140.0,7010,0.0,0.0
2025-06-20 01:40:00+00:00,140.5,140.5,140.0,140.0,2012,0.0,0.0
2025-06-20 01:45:00+00:00,140.0,140.0,140.0,140.0,2000,0.0,0.0
2025-06-20 01:50:00+00:00,139.5,139.5,138.5,138.5,3111,0.0,0.0
2025-06-20 01:55:00+00:00,139.5,139.5,139.5,139.5,3100,0.0,0.0
2025-06-20 02:05:00+00:00,139.0,139.0,139.0,139.0,1000,0.0,0.0
2025-06-20 02:10:00+00:00,139.0,139.0,139.0,139.0,5039,0.0,0.0
2025-06-20 02:15:00+00:00,139.0,139.0,139.0,139.0,1000,0.0,0.0
2025-06-20 02:20:00+00:00,139.5,141.0,139.5,141.0,6000,0.0,0.0
2025-06-20 02:25:00+00:00,139.5,139.5,139.5,139.5,1000,0.0,0.0
2025-06-20 02:35:00+00:00,141.0,141.5,141.0,141.5,4000,0.0,0.0
2025-06-20 03:30:00+00:00,141.5,141.5,141.5,141.5,1100,0.0,0.0
2025-06-20 03:50:00+00:00,141.5,141.5,141.5,141.5,2000,0.0,0.0
2025-06-20 04:30:00+00:00,141.0,141.0,141.0,141.0,1000,0.0,0.0
2025-06-20 04:40:00+00:00,141.0,141.0,141.0,141.0,1000,0.0,0.0
2025-06-20 05:05:00+00:00,141.5,141.5,141.5,141.5,1000,0.0,0.0
2025-06-20 05:10:00+00:00,142.0,142.0,142.0,142.0,2000,0.0,0.0
2025-06-20 05:20:00+00:00,141.5,141.5,141.5,141.5,1000,0.0,0.0
2025-06-23 01:05:00+00:00,142.5,143.0,142.5,143.0,2000,0.0,0.0
2025-06-23 01:15:00+00:00,144.0,145.0,144.0,145.0,3000,0.0,0.0
2025-06-23 01:25:00+00:00,144.5,144.5,144.5,144.5,2011,0.0,0.0
2025-06-23 04:00:00+00:00,143.5,143.5,143.5,143.5,2001,0.0,0.0
2025-06-23 05:20:00+00:00,144.0,144.0,142.5,142.5,4000,0.0,0.0
2025-06-24 01:00:00+00:00,143.0,145.0,143.0,145.0,4000,0.0,0.0
2025-06-24 01:05:00+00:00,145.5,148.0,145.5,147.5,9000,0.0,0.0
2025-06-24 01:10:00+00:00,148.0,148.0,148.0,148.0,4000,0.0,0.0
2025-06-24 01:15:00+00:00,148.5,149.5,148.5,149.5,7119,0.0,0.0
2025-06-24 01:20:00+00:00,152.5,153.5,152.5,153.5,3000,0.0,0.0
2025-06-24 01:25:00+00:00,153.0,153.0,153.0,153.0,1249,0.0,0.0
2025-06-24 01:30:00+00:00,153.5,153.5,153.0,153.0,3274,0.0,0.0
2025-06-24 01:35:00+00:00,154.0,156.0,154.0,156.0,15825,0.0,0.0
2025-06-24 01:40:00+00:00,156.0,156.5,156.0,156.5,30570,0.0,0.0
2025-06-24 01:45:00+00:00,156.5,156.5,156.5,156.5,5601,0.0,0.0
2025-06-24 01:55:00+00:00,156.5,156.5,156.5,156.5,1024,0.0,0.0
2025-06-24 02:00:00+00:00,156.5,156.5,156.5,156.5,2000,0.0,0.0
2025-06-24 02:10:00+00:00,156.5,156.5,156.5,156.5,3140,0.0,0.0
2025-06-24 02:30:00+00:00,156.5,156.5,156.5,156.5,1855,0.0,0.0
2025-06-24 02:35:00+00:00,156.5,156.5,156.5,156.5,6000,0.0,0.0
2025-06-24 02:50:00+00:00,156.5,156.5,156.5,156.5,1000,0.0,0.0
2025-06-24 03:15:00+00:00,156.5,156.5,156.5,156.5,1000,0.0,0.0
2025-06-24 03:40:00+00:00,156.5,156.5,156.5,156.5,1000,0.0,0.0
2025-06-24 04:10:00+00:00,156.5,156.5,156.5,156.5,1000,0.0,0.0
2025-06-24 04:15:00+00:00,156.5,156.5,156.5,156.5,3000,0.0,0.0
2025-06-24 04:35:00+00:00,156.5,156.5,156.5,156.5,1000,0.0,0.0
2025-06-24 05:05:00+00:00,156.5,156.5,156.5,156.5,1001,0.0,0.0
2025-06-24 05:20:00+00:00,156.5,156.5,156.5,156.5,0,0.0,0.0
2025-06-25 01:00:00+00:00,156.5,156.5,156.5,156.5,9000,0.0,0.0
2025-06-25 01:05:00+00:00,153.5,153.5,153.0,153.0,5422,0.0,0.0
2025-06-25 01:15:00+00:00,154.0,155.0,154.0,155.0,3080,0.0,0.0
2025-06-25 01:20:00+00:00,154.5,154.5,154.5,154.5,1020,0.0,0.0
2025-06-25 01:25:00+00:00,154.5,155.0,154.0,155.0,4265,0.0,0.0
2025-06-25 01:30:00+00:00,156.0,156.5,156.0,156.5,2000,0.0,0.0
2025-06-25 01:35:00+00:00,157.0,157.0,157.0,157.0,1000,0.0,0.0
2025-06-25 01:40:00+00:00,157.5,158.0,156.5,156.5,7000,0.0,0.0
2025-06-25 01:45:00+00:00,155.5,155.5,155.5,155.5,1003,0.0,0.0
2025-06-25 01:55:00+00:00,155.5,155.5,154.5,154.5,3048,0.0,0.0
2025-06-25 02:05:00+00:00,154.5,154.5,154.5,154.5,1000,0.0,0.0
2025-06-25 02:10:00+00:00,154.5,154.5,154.5,154.5,1100,0.0,0.0
2025-06-25 02:25:00+00:00,155.0,155.0,154.5,154.5,5100,0.0,0.0
2025-06-25 02:30:00+00:00,155.0,155.0,155.0,155.0,4002,0.0,0.0
2025-06-25 02:35:00+00:00,156.5,157.0,156.5,157.0,2000,0.0,0.0
2025-06-25 02:40:00+00:00,156.5,156.5,156.5,156.5,1000,0.0,0.0
2025-06-25 02:45:00+00:00,156.0,157.5,156.0,157.5,3000,0.0,0.0
2025-06-25 03:00:00+00:00,155.5,155.5,155.5,155.5,1000,0.0,0.0
2025-06-25 03:45:00+00:00,155.0,155.0,154.0,154.0,6050,0.0,0.0
2025-06-25 04:40:00+00:00,154.0,154.0,154.0,154.0,1100,0.0,0.0
2025-06-25 05:05:00+00:00,154.0,154.0,154.0,154.0,1000,0.0,0.0
2025-06-25 05:10:00+00:00,154.0,154.5,153.0,154.5,5100,0.0,0.0
2025-06-25 05:15:00+00:00,154.0,154.0,154.0,154.0,1000,0.0,0.0
2025-06-25 05:20:00+00:00,153.0,153.0,153.0,153.0,2050,0.0,0.0
2025-06-26 01:00:00+00:00,153.0,157.0,153.0,157.0,10278,0.0,0.0
2025-06-26 01:20:00+00:00,156.5,156.5,154.5,154.5,2000,0.0,0.0
2025-06-26 01:25:00+00:00,155.5,155.5,155.5,155.5,1065,0.0,0.0
2025-06-26 01:30:00+00:00,155.0,155.0,155.0,155.0,1000,0.0,0.0
2025-06-26 01:35:00+00:00,156.0,158.5,156.0,158.0,24000,0.0,0.0
2025-06-26 01:40:00+00:00,157.0,158.5,155.0,158.5,8000,0.0,0.0
2025-06-26 01:45:00+00:00,159.0,159.0,159.0,159.0,1022,0.0,0.0
2025-06-26 02:05:00+00:00,159.0,159.5,158.5,158.5,8000,0.0,0.0
2025-06-26 02:10:00+00:00,158.5,159.0,158.5,159.0,2000,0.0,0.0
2025-06-26 02:15:00+00:00,159.0,159.0,159.0,159.0,1000,0.0,0.0
2025-06-26 02:35:00+00:00,158.0,158.0,158.0,158.0,0,0.0,0.0
2025-06-26 02:40:00+00:00,158.0,158.0,158.0,158.0,63365,0.0,0.0
2025-06-26 02:45:00+00:00,158.5,158.5,158.0,158.0,4000,0.0,0.0
2025-06-26 02:50:00+00:00,158.0,158.0,158.0,158.0,2000,0.0,0.0
2025-06-26 03:00:00+00:00,158.0,158.5,158.0,158.5,4000,0.0,0.0
2025-06-26 03:05:00+00:00,159.0,160.5,159.0,160.5,11250,0.0,0.0
2025-06-26 03:10:00+00:00,161.0,161.5,161.0,161.5,14174,0.0,0.0
2025-06-26 03:15:00+00:00,161.5,162.0,161.0,161.0,7010,0.0,0.0
2025-06-26 03:20:00+00:00,160.5,160.5,160.5,160.5,1000,0.0,0.0
2025-06-26 03:25:00+00:00,161.0,161.0,161.0,161.0,0,0.0,0.0
2025-06-26 03:30:00+00:00,161.5,162.0,161.5,162.0,110849,0.0,0.0
2025-06-26 03:40:00+00:00,161.5,162.0,161.5,161.5,4003,0.0,0.0
2025-06-26 03:50:00+00:00,162.0,163.0,162.0,163.0,8003,0.0,0.0
2025-06-26 03:55:00+00:00,162.5,162.5,161.5,161.5,6000,0.0,0.0
2025-06-26 04:10:00+00:00,161.5,161.5,161.5,161.5,1000,0.0,0.0
2025-06-26 04:20:00+00:00,161.5,161.5,161.5,161.5,1000,0.0,0.0
2025-06-26 04:25:00+00:00,161.5,161.5,161.5,161.5,1236,0.0,0.0
2025-06-26 04:30:00+00:00,161.0,161.0,161.0,161.0,3000,0.0,0.0
2025-06-26 04:35:00+00:00,160.0,160.0,160.0,160.0,1000,0.0,0.0
2025-06-26 04:40:00+00:00,160.0,160.0,160.0,160.0,1000,0.0,0.0
2025-06-26 04:45:00+00:00,160.0,160.0,160.0,160.0,1172,0.0,0.0
2025-06-26 05:05:00+00:00,159.0,159.0,159.0,159.0,1000,0.0,0.0
2025-06-26 05:15:00+00:00,159.0,159.0,158.0,158.0,4000,0.0,0.0
2025-06-26 05:20:00+00:00,158.0,158.5,157.0,158.5,5010,0.0,0.0
2025-06-27 01:00:00+00:00,173.5,173.5,173.5,173.5,64000,0.0,0.0
2025-06-27 01:05:00+00:00,173.5,173.5,173.5,173.5,8000,0.0,0.0
2025-06-27 01:10:00+00:00,173.5,173.5,173.5,173.5,18129,0.0,0.0
2025-06-27 01:20:00+00:00,173.5,173.5,173.5,173.5,3416,0.0,0.0
2025-06-27 01:25:00+00:00,173.5,173.5,173.5,173.5,1040,0.0,0.0
2025-06-27 01:30:00+00:00,173.5,173.5,173.5,173.5,1003,0.0,0.0
2025-06-27 01:35:00+00:00,173.5,173.5,173.5,173.5,2075,0.0,0.0
2025-06-27 01:50:00+00:00,173.5,173.5,173.5,173.5,1000,0.0,0.0
2025-06-27 01:55:00+00:00,173.5,173.5,173.5,173.5,1010,0.0,0.0
2025-06-27 02:00:00+00:00,173.5,173.5,173.5,173.5,1809,0.0,0.0
2025-06-27 02:15:00+00:00,173.5,173.5,173.5,173.5,2000,0.0,0.0
2025-06-27 02:20:00+00:00,173.5,173.5,173.5,173.5,1756,0.0,0.0
2025-06-27 02:45:00+00:00,173.5,173.5,173.5,173.5,1000,0.0,0.0
2025-06-27 02:50:00+00:00,173.5,173.5,173.5,173.5,1000,0.0,0.0
2025-06-27 02:55:00+00:00,173.5,173.5,173.5,173.5,4362,0.0,0.0
2025-06-27 03:20:00+00:00,173.5,173.5,173.5,173.5,1610,0.0,0.0
2025-06-27 04:10:00+00:00,173.5,173.5,173.5,173.5,2006,0.0,0.0
2025-06-27 04:30:00+00:00,173.5,173.5,173.5,173.5,2001,0.0,0.0
2025-06-27 04:45:00+00:00,173.5,173.5,173.5,173.5,1000,0.0,0.0
2025-06-27 04:50:00+00:00,173.5,173.5,173.5,173.5,1000,0.0,0.0
2025-06-27 05:10:00+00:00,173.5,173.5,173.5,173.5,1007,0.0,0.0
2025-06-27 05:20:00+00:00,173.5,173.5,173.5,173.5,1800,0.0,0.0
2025-05-02 01:05:00+00:00,145.5,146.5,145.5,146.5,0,0.0,0.0
2025-05-02 01:35:00+00:00,146.5,146.5,146.5,146.5,1008,0.0,0.0
2025-05-02 01:40:00+00:00,146.5,148.0,146.5,148.0,2465,0.0,0.0
2025-05-02 05:10:00+00:00,147.5,147.5,147.5,147.5,2000,0.0,0.0
2025-05-05 01:00:00+00:00,146.5,146.5,146.5,146.5,0,0.0,0.0
2025-05-05 01:10:00+00:00,145.0,145.0,145.0,145.0,1000,0.0,0.0
2025-05-05 01:20:00+00:00,144.0,144.0,144.0,144.0,1060,0.0,0.0
2025-05-05 01:35:00+00:00,143.5,143.5,142.5,142.5,5000,0.0,0.0
2025-05-05 01:45:00+00:00,140.0,140.0,140.0,140.0,2000,0.0,0.0
2025-05-05 01:50:00+00:00,140.0,140.0,140.0,140.0,1000,0.0,0.0
2025-05-05 01:55:00+00:00,139.0,139.0,139.0,139.0,1050,0.0,0.0
2025-05-05 02:10:00+00:00,138.0,138.0,138.0,138.0,2000,0.0,0.0
2025-05-05 02:15:00+00:00,139.5,139.5,139.5,139.5,7000,0.0,0.0
2025-05-05 02:20:00+00:00,139.5,140.0,139.5,140.0,8211,0.0,0.0
2025-05-05 02:55:00+00:00,139.0,139.0,139.0,139.0,1000,0.0,0.0
2025-05-05 03:35:00+00:00,139.5,139.5,139.5,139.5,1000,0.0,0.0
2025-05-05 04:10:00+00:00,141.0,141.0,141.0,141.0,1000,0.0,0.0
2025-05-05 04:35:00+00:00,142.5,142.5,142.5,142.5,1200,0.0,0.0
2025-05-05 05:05:00+00:00,142.0,142.0,142.0,142.0,3000,0.0,0.0
2025-05-05 05:15:00+00:00,142.0,142.0,142.0,142.0,5000,0.0,0.0
2025-05-05 05:20:00+00:00,142.0,143.5,142.0,143.5,4000,0.0,0.0
2025-05-06 01:00:00+00:00,143.5,143.5,143.5,143.5,0,0.0,0.0
2025-05-06 01:40:00+00:00,144.0,144.5,144.0,144.5,2000,0.0,0.0
2025-05-06 01:50:00+00:00,143.0,143.0,143.0,143.0,1100,0.0,0.0
2025-05-06 02:15:00+00:00,144.5,144.5,144.5,144.5,1068,0.0,0.0
2025-05-06 03:20:00+00:00,144.5,145.0,144.5,145.0,13053,0.0,0.0
2025-05-06 03:25:00+00:00,145.5,146.5,145.5,146.5,3000,0.0,0.0
2025-05-06 03:40:00+00:00,145.5,145.5,145.5,145.5,1050,0.0,0.0
2025-05-06 04:20:00+00:00,144.0,144.0,144.0,144.0,1100,0.0,0.0
2025-05-06 05:15:00+00:00,145.0,145.5,145.0,145.5,3000,0.0,0.0
2025-05-06 05:20:00+00:00,145.5,145.5,145.5,145.5,1000,0.0,0.0
2025-05-07 01:05:00+00:00,145.5,147.0,145.5,147.0,3027,0.0,0.0
2025-05-07 02:20:00+00:00,145.5,145.5,145.0,145.0,2007,0.0,0.0
2025-05-07 03:05:00+00:00,145.0,145.0,145.0,145.0,1000,0.0,0.0
2025-05-07 03:30:00+00:00,144.5,144.5,144.5,144.5,1000,0.0,0.0
2025-05-07 03:35:00+00:00,145.0,145.0,145.0,145.0,4010,0.0,0.0
2025-05-07 05:00:00+00:00,144.0,144.0,144.0,144.0,1000,0.0,0.0
2025-05-07 05:20:00+00:00,144.0,144.0,144.0,144.0,2000,0.0,0.0
2025-05-08 01:00:00+00:00,146.0,147.0,146.0,147.0,0,0.0,0.0
2025-05-08 02:20:00+00:00,147.5,147.5,147.5,147.5,0,0.0,0.0
2025-05-08 02:45:00+00:00,146.0,146.0,146.0,146.0,8100,0.0,0.0
2025-05-08 02:55:00+00:00,145.0,145.0,145.0,145.0,1001,0.0,0.0
2025-05-08 03:00:00+00:00,145.5,145.5,145.0,145.0,2000,0.0,0.0
2025-05-08 03:05:00+00:00,145.5,145.5,145.5,145.5,1130,0.0,0.0
2025-05-08 03:20:00+00:00,146.0,146.0,146.0,146.0,1125,0.0,0.0
2025-05-08 04:15:00+00:00,146.0,146.0,146.0,146.0,1007,0.0,0.0
2025-05-08 04:55:00+00:00,146.0,146.0,145.5,145.5,5000,0.0,0.0
2025-05-08 05:00:00+00:00,146.5,146.5,146.5,146.5,6000,0.0,0.0
2025-05-08 05:05:00+00:00,147.0,147.5,147.0,147.5,3000,0.0,0.0
2025-05-08 05:20:00+00:00,147.5,147.5,146.0,146.0,3000,0.0,0.0
2025-05-09 01:00:00+00:00,146.5,149.0,146.5,149.0,0,0.0,0.0
2025-05-09 01:15:00+00:00,148.0,148.0,148.0,148.0,3000,0.0,0.0
2025-05-09 01:20:00+00:00,148.5,149.5,148.5,149.5,16100,0.0,0.0
2025-05-09 01:25:00+00:00,150.0,150.0,150.0,150.0,5000,0.0,0.0
2025-05-09 01:30:00+00:00,151.5,151.5,150.0,150.0,3350,0.0,0.0
2025-05-09 01:35:00+00:00,151.5,152.0,151.5,152.0,2000,0.0,0.0
2025-05-09 01:40:00+00:00,152.0,153.5,152.0,153.5,8220,0.0,0.0
2025-05-09 01:45:00+00:00,153.5,153.5,153.5,153.5,1108,0.0,0.0
2025-05-09 01:55:00+00:00,153.5,153.5,153.5,153.5,1050,0.0,0.0
2025-05-09 02:20:00+00:00,151.0,151.0,150.0,150.0,6218,0.0,0.0
2025-05-09 04:45:00+00:00,149.0,149.0,149.0,149.0,1089,0.0,0.0
2025-05-09 04:50:00+00:00,149.0,149.0,149.0,149.0,4000,0.0,0.0
2025-05-09 05:10:00+00:00,149.0,149.0,149.0,149.0,2000,0.0,0.0
2025-05-09 05:20:00+00:00,151.0,151.0,151.0,151.0,1000,0.0,0.0
2025-05-12 01:05:00+00:00,156.0,156.0,156.0,156.0,0,0.0,0.0
2025-05-12 01:30:00+00:00,154.5,155.5,154.5,155.5,4000,0.0,0.0
2025-05-12 01:50:00+00:00,154.5,154.5,154.5,154.5,1080,0.0,0.0
2025-05-12 02:25:00+00:00,152.0,152.0,152.0,152.0,2069,0.0,0.0
2025-05-12 03:10:00+00:00,152.0,153.5,152.0,153.5,3000,0.0,0.0
2025-05-12 03:30:00+00:00,153.5,153.5,153.5,153.5,2000,0.0,0.0
2025-05-12 04:05:00+00:00,153.5,154.0,153.5,154.0,2314,0.0,0.0
2025-05-13 01:00:00+00:00,154.0,156.5,154.0,156.5,0,0.0,0.0
2025-05-13 01:10:00+00:00,154.0,154.0,154.0,154.0,1000,0.0,0.0
2025-05-13 01:20:00+00:00,152.5,152.5,152.5,152.5,2190,0.0,0.0
2025-05-13 01:50:00+00:00,152.0,152.0,152.0,152.0,2001,0.0,0.0
2025-05-13 02:00:00+00:00,152.0,152.0,152.0,152.0,1000,0.0,0.0
2025-05-13 02:05:00+00:00,152.0,152.0,152.0,152.0,1000,0.0,0.0
2025-05-13 02:30:00+00:00,152.0,153.0,151.5,151.5,5070,0.0,0.0
2025-05-13 02:35:00+00:00,151.5,151.5,150.5,150.5,5142,0.0,0.0
2025-05-13 02:40:00+00:00,151.0,151.0,151.0,151.0,3000,0.0,0.0
2025-05-13 02:55:00+00:00,151.0,151.0,151.0,151.0,2000,0.0,0.0
2025-05-13 03:00:00+00:00,150.5,150.5,150.5,150.5,2123,0.0,0.0
2025-05-13 03:10:00+00:00,150.0,150.0,150.0,150.0,3017,0.0,0.0
2025-05-13 03:35:00+00:00,150.5,150.5,150.5,150.5,1000,0.0,0.0
2025-05-13 03:40:00+00:00,150.5,150.5,150.5,150.5,1000,0.0,0.0
2025-05-13 03:45:00+00:00,151.0,151.0,151.0,151.0,2743,0.0,0.0
2025-05-13 04:00:00+00:00,150.5,150.5,150.5,150.5,1000,0.0,0.0
2025-05-13 04:40:00+00:00,150.0,150.0,149.5,149.5,3036,0.0,0.0
2025-05-13 04:50:00+00:00,149.0,149.0,149.0,149.0,1000,0.0,0.0
2025-05-13 05:00:00+00:00,149.0,149.0,149.0,149.0,1000,0.0,0.0
2025-05-13 05:05:00+00:00,149.0,149.0,149.0,149.0,1000,0.0,0.0
2025-05-13 05:20:00+00:00,149.5,152.5,149.5,152.5,9104,0.0,0.0
2025-05-14 01:00:00+00:00,147.5,148.0,147.5,148.0,0,0.0,0.0
2025-05-14 01:05:00+00:00,150.0,151.5,150.0,151.5,2000,0.0,0.0
2025-05-14 01:10:00+00:00,149.0,149.0,149.0,149.0,1000,0.0,0.0
2025-05-14 01:15:00+00:00,150.0,151.0,150.0,151.0,2000,0.0,0.0
2025-05-14 01:25:00+00:00,150.0,150.0,149.0,149.0,3000,0.0,0.0
2025-05-14 01:45:00+00:00,149.0,149.0,149.0,149.0,1000,0.0,0.0
2025-05-14 01:50:00+00:00,148.5,150.5,148.5,150.5,3093,0.0,0.0
2025-05-14 02:10:00+00:00,148.5,148.5,148.5,148.5,2000,0.0,0.0
2025-05-14 02:15:00+00:00,148.0,148.0,147.0,148.0,19000,0.0,0.0
2025-05-14 02:20:00+00:00,148.0,148.0,148.0,148.0,4000,0.0,0.0
2025-05-14 02:35:00+00:00,148.5,148.5,148.5,148.5,2140,0.0,0.0
2025-05-14 02:50:00+00:00,149.0,149.0,149.0,149.0,1000,0.0,0.0
2025-05-14 02:55:00+00:00,149.0,149.0,149.0,149.0,1000,0.0,0.0
2025-05-14 03:05:00+00:00,149.5,149.5,149.5,149.5,1000,0.0,0.0
2025-05-14 03:40:00+00:00,149.5,149.5,149.5,149.5,2000,0.0,0.0
2025-05-14 03:45:00+00:00,149.5,149.5,149.5,149.5,2000,0.0,0.0
2025-05-14 04:10:00+00:00,149.5,149.5,149.5,149.5,2404,0.0,0.0
2025-05-14 04:25:00+00:00,149.5,149.5,149.5,149.5,2006,0.0,0.0
2025-05-14 04:30:00+00:00,149.5,149.5,149.5,149.5,1018,0.0,0.0
2025-05-14 04:40:00+00:00,150.0,150.0,150.0,150.0,3018,0.0,0.0
2025-05-14 04:50:00+00:00,150.0,150.0,150.0,150.0,1006,0.0,0.0
2025-05-14 04:55:00+00:00,150.5,150.5,150.5,150.5,1011,0.0,0.0
2025-05-14 05:00:00+00:00,150.5,151.0,150.5,151.0,10285,0.0,0.0
2025-05-14 05:10:00+00:00,151.5,151.5,151.5,151.5,3061,0.0,0.0
2025-05-15 01:00:00+00:00,150.5,150.5,150.0,150.0,0,0.0,0.0
2025-05-15 01:10:00+00:00,152.0,152.5,150.0,150.0,3010,0.0,0.0
2025-05-15 01:15:00+00:00,149.5,149.5,149.0,149.0,4000,0.0,0.0
2025-05-15 01:20:00+00:00,149.0,149.0,149.0,149.0,2000,0.0,0.0
2025-05-15 01:35:00+00:00,149.0,149.0,148.5,148.5,3000,0.0,0.0
2025-05-15 01:40:00+00:00,148.5,148.5,148.5,148.5,1068,0.0,0.0
2025-05-15 01:55:00+00:00,148.5,148.5,148.0,148.0,6047,0.0,0.0
2025-05-15 02:10:00+00:00,149.5,149.5,149.5,149.5,1093,0.0,0.0
2025-05-15 03:05:00+00:00,149.5,149.5,149.5,149.5,2000,0.0,0.0
2025-05-15 03:10:00+00:00,149.5,149.5,149.5,149.5,1000,0.0,0.0
2025-05-15 04:15:00+00:00,149.5,149.5,149.5,149.5,1000,0.0,0.0
2025-05-15 04:30:00+00:00,150.0,150.0,150.0,150.0,1000,0.0,0.0
2025-05-15 04:35:00+00:00,150.0,150.5,150.0,150.5,3058,0.0,0.0
2025-05-15 04:50:00+00:00,150.0,150.0,150.0,150.0,3020,0.0,0.0
2025-05-15 05:10:00+00:00,149.5,149.5,149.0,149.0,7000,0.0,0.0
2025-05-15 05:15:00+00:00,149.0,149.0,149.0,149.0,4000,0.0,0.0
2025-05-15 05:20:00+00:00,149.0,149.0,148.5,148.5,3000,0.0,0.0
2025-05-16 01:00:00+00:00,148.0,148.0,147.0,147.0,0,0.0,0.0
2025-05-16 01:05:00+00:00,147.0,147.0,146.5,146.5,7016,0.0,0.0
2025-05-16 01:10:00+00:00,148.0,148.5,147.5,147.5,3000,0.0,0.0
2025-05-16 01:15:00+00:00,147.5,148.0,147.5,148.0,3000,0.0,0.0
2025-05-16 01:20:00+00:00,147.5,147.5,147.5,147.5,1000,0.0,0.0
2025-05-16 01:25:00+00:00,147.5,147.5,147.5,147.5,1000,0.0,0.0
2025-05-16 01:30:00+00:00,147.5,147.5,147.5,147.5,2000,0.0,0.0
2025-05-16 01:35:00+00:00,147.0,147.0,147.0,147.0,1424,0.0,0.0
2025-05-16 01:40:00+00:00,147.0,148.0,147.0,148.0,7000,0.0,0.0
2025-05-16 01:45:00+00:00,147.5,147.5,147.5,147.5,2000,0.0,0.0
2025-05-16 01:50:00+00:00,147.5,147.5,147.5,147.5,1000,0.0,0.0
2025-05-16 01:55:00+00:00,147.5,147.5,147.5,147.5,1000,0.0,0.0
2025-05-16 02:00:00+00:00,148.5,148.5,148.0,148.0,3000,0.0,0.0
2025-05-16 02:05:00+00:00,148.5,148.5,148.5,148.5,7000,0.0,0.0
2025-05-16 02:10:00+00:00,148.5,148.5,148.0,148.0,2000,0.0,0.0
2025-05-16 02:15:00+00:00,148.0,148.0,148.0,148.0,1000,0.0,0.0
2025-05-16 02:20:00+00:00,148.0,148.0,148.0,148.0,1000,0.0,0.0
2025-05-16 02:25:00+00:00,148.0,148.0,148.0,148.0,1000,0.0,0.0
2025-05-16 02:30:00+00:00,148.0,148.0,148.0,148.0,2000,0.0,0.0
2025-05-16 02:35:00+00:00,147.5,147.5,147.5,147.5,2000,0.0,0.0
2025-05-16 02:40:00+00:00,148.0,148.5,148.0,148.5,6000,0.0,0.0
2025-05-16 02:45:00+00:00,148.0,148.5,148.0,148.5,2000,0.0,0.0
2025-05-16 02:50:00+00:00,148.0,148.5,148.0,148.5,2000,0.0,0.0
2025-05-16 02:55:00+00:00,149.0,149.5,148.5,149.5,4089,0.0,0.0
2025-05-16 03:00:00+00:00,149.0,149.5,149.0,149.5,3238,0.0,0.0
2025-05-16 03:05:00+00:00,149.5,150.0,149.0,150.0,5000,0.0,0.0
2025-05-16 03:10:00+00:00,149.5,149.5,149.5,149.5,1000,0.0,0.0
2025-05-16 03:15:00+00:00,149.0,150.0,149.0,150.0,5000,0.0,0.0
2025-05-16 03:20:00+00:00,149.5,149.5,149.5,149.5,2000,0.0,0.0
2025-05-16 03:25:00+00:00,149.5,150.0,149.5,150.0,2000,0.0,0.0
2025-05-16 03:30:00+00:00,149.5,149.5,149.5,149.5,1000,0.0,0.0
2025-05-16 03:35:00+00:00,149.5,150.0,149.5,150.0,2000,0.0,0.0
2025-05-16 03:40:00+00:00,149.5,150.0,149.5,150.0,2000,0.0,0.0
2025-05-16 03:45:00+00:00,149.5,149.5,149.5,149.5,1000,0.0,0.0
2025-05-16 03:50:00+00:00,149.0,149.0,149.0,149.0,1000,0.0,0.0
2025-05-16 03:55:00+00:00,149.5,150.5,149.0,150.5,11000,0.0,0.0
2025-05-16 04:00:00+00:00,150.0,150.0,150.0,150.0,1000,0.0,0.0
2025-05-16 04:05:00+00:00,151.0,151.0,150.5,150.5,8179,0.0,0.0
2025-05-16 04:10:00+00:00,150.0,150.0,150.0,150.0,1001,0.0,0.0
2025-05-16 04:15:00+00:00,150.0,150.0,150.0,150.0,1000,0.0,0.0
2025-05-16 04:20:00+00:00,149.5,149.5,149.5,149.5,1000,0.0,0.0
2025-05-16 04:25:00+00:00,149.5,149.5,149.5,149.5,1000,0.0,0.0
2025-05-16 04:30:00+00:00,150.5,150.5,150.0,150.0,2000,0.0,0.0
2025-05-16 04:35:00+00:00,150.5,150.5,150.0,150.0,2000,0.0,0.0
2025-05-16 04:40:00+00:00,149.5,149.5,149.5,149.5,1000,0.0,0.0
2025-05-16 04:45:00+00:00,149.5,150.5,149.5,150.5,2100,0.0,0.0
2025-05-16 04:50:00+00:00,150.0,150.0,150.0,150.0,1000,0.0,0.0
2025-05-16 04:55:00+00:00,149.5,150.5,149.5,150.5,2099,0.0,0.0
2025-05-16 05:05:00+00:00,150.5,150.5,150.5,150.5,1200,0.0,0.0
2025-05-19 01:40:00+00:00,151.0,151.0,151.0,151.0,0,0.0,0.0
2025-05-19 01:50:00+00:00,149.5,149.5,149.5,149.5,1000,0.0,0.0
2025-05-19 02:35:00+00:00,149.0,149.0,149.0,149.0,1000,0.0,0.0
2025-05-19 04:25:00+00:00,150.5,151.0,150.5,151.0,2001,0.0,0.0
2025-05-19 05:00:00+00:00,150.5,150.5,150.5,150.5,1000,0.0,0.0
2025-05-19 05:20:00+00:00,150.5,150.5,150.5,150.5,1000,0.0,0.0
2025-05-20 01:10:00+00:00,150.5,151.5,150.5,151.5,2004,0.0,0.0
2025-05-20 01:15:00+00:00,151.0,151.0,151.0,151.0,1000,0.0,0.0
2025-05-20 01:20:00+00:00,151.0,151.0,151.0,151.0,1000,0.0,0.0
2025-05-20 01:35:00+00:00,151.0,151.0,151.0,151.0,1030,0.0,0.0
2025-05-20 02:20:00+00:00,150.0,150.0,150.0,150.0,1329,0.0,0.0
2025-05-20 04:15:00+00:00,150.0,150.0,150.0,150.0,1000,0.0,0.0
2025-05-20 04:55:00+00:00,150.0,150.0,150.0,150.0,2000,0.0,0.0
2025-05-20 05:20:00+00:00,150.5,150.5,150.5,150.5,2000,0.0,0.0
2025-05-21 01:10:00+00:00,150.0,150.0,150.0,150.0,1000,0.0,0.0
2025-05-21 02:05:00+00:00,150.0,150.0,150.0,150.0,1000,0.0,0.0
2025-05-21 02:10:00+00:00,150.5,150.5,150.5,150.5,1040,0.0,0.0
2025-05-21 04:30:00+00:00,150.5,150.5,150.5,150.5,2150,0.0,0.0
2025-05-21 04:40:00+00:00,151.0,151.0,151.0,151.0,1000,0.0,0.0
2025-05-21 05:00:00+00:00,151.0,151.0,149.0,149.0,4177,0.0,0.0
2025-05-21 05:20:00+00:00,149.5,149.5,149.5,149.5,1025,0.0,0.0
2025-05-22 01:00:00+00:00,147.5,147.5,147.5,147.5,0,0.0,0.0
2025-05-22 01:05:00+00:00,148.5,148.5,148.5,148.5,2400,0.0,0.0
2025-05-22 01:20:00+00:00,148.5,149.5,148.5,149.5,1000,0.0,0.0
2025-05-22 01:25:00+00:00,149.5,149.5,149.5,149.5,2000,0.0,0.0
2025-05-22 01:35:00+00:00,150.0,150.0,150.0,150.0,1000,0.0,0.0
2025-05-22 01:55:00+00:00,150.0,150.5,150.0,150.5,5000,0.0,0.0
2025-05-22 02:00:00+00:00,150.5,151.0,150.5,151.0,5050,0.0,0.0
2025-05-22 02:15:00+00:00,151.0,152.0,151.0,152.0,6010,0.0,0.0
2025-05-22 02:45:00+00:00,152.0,156.0,152.0,156.0,15100,0.0,0.0
2025-05-22 02:50:00+00:00,156.0,156.0,156.0,156.0,1019,0.0,0.0
2025-05-22 03:05:00+00:00,154.0,155.5,154.0,155.5,3050,0.0,0.0
2025-05-22 03:25:00+00:00,154.5,154.5,153.5,153.5,2000,0.0,0.0
2025-05-22 03:30:00+00:00,153.0,153.0,153.0,153.0,1000,0.0,0.0
2025-05-22 03:45:00+00:00,154.5,155.5,154.5,155.5,4105,0.0,0.0
2025-05-22 04:10:00+00:00,155.0,155.0,155.0,155.0,1008,0.0,0.0
2025-05-22 04:25:00+00:00,155.0,155.0,155.0,155.0,2000,0.0,0.0
2025-05-22 04:40:00+00:00,155.5,155.5,155.5,155.5,2062,0.0,0.0
2025-05-22 04:45:00+00:00,155.5,155.5,155.5,155.5,2149,0.0,0.0
2025-05-22 05:05:00+00:00,155.5,155.5,155.5,155.5,3125,0.0,0.0
2025-05-22 05:20:00+00:00,155.5,155.5,153.5,153.5,4100,0.0,0.0
2025-05-23 01:00:00+00:00,155.0,156.0,154.5,156.0,0,0.0,0.0
2025-05-23 01:05:00+00:00,157.0,158.5,157.0,158.5,6113,0.0,0.0
2025-05-23 01:10:00+00:00,158.5,161.5,158.5,161.0,19170,0.0,0.0
2025-05-23 01:15:00+00:00,160.0,160.0,158.5,158.5,5020,0.0,0.0
2025-05-23 01:20:00+00:00,158.5,158.5,158.5,158.5,1000,0.0,0.0
2025-05-23 01:35:00+00:00,159.5,159.5,159.5,159.5,1050,0.0,0.0
2025-05-23 01:40:00+00:00,159.0,159.0,159.0,159.0,1005,0.0,0.0
2025-05-23 01:55:00+00:00,158.5,158.5,158.0,158.0,2005,0.0,0.0
2025-05-23 02:00:00+00:00,157.5,157.5,157.5,157.5,2000,0.0,0.0
2025-05-23 02:05:00+00:00,157.5,157.5,157.5,157.5,1000,0.0,0.0
2025-05-23 02:10:00+00:00,157.0,157.5,157.0,157.0,6050,0.0,0.0
2025-05-23 02:15:00+00:00,158.0,158.5,158.0,158.5,2016,0.0,0.0
2025-05-23 02:20:00+00:00,157.0,157.0,156.5,156.5,2000,0.0,0.0
2025-05-23 02:30:00+00:00,156.5,156.5,156.5,156.5,1000,0.0,0.0
2025-05-23 02:40:00+00:00,157.0,157.0,157.0,157.0,2000,0.0,0.0
2025-05-23 02:45:00+00:00,157.5,158.5,157.5,158.5,2000,0.0,0.0
2025-05-23 02:50:00+00:00,158.0,158.0,158.0,158.0,1050,0.0,0.0
2025-05-23 04:00:00+00:00,158.0,158.0,158.0,158.0,1000,0.0,0.0
2025-05-23 04:05:00+00:00,157.0,157.0,156.5,156.5,4146,0.0,0.0
2025-05-23 04:40:00+00:00,154.0,154.0,154.0,154.0,6133,0.0,0.0
2025-05-23 04:45:00+00:00,153.5,154.0,153.5,154.0,7000,0.0,0.0
2025-05-23 04:50:00+00:00,156.0,156.0,156.0,156.0,1000,0.0,0.0
2025-05-23 05:05:00+00:00,155.5,155.5,155.5,155.5,2000,0.0,0.0
2025-05-23 05:20:00+00:00,154.0,155.5,154.0,155.5,3000,0.0,0.0
2025-05-26 01:00:00+00:00,153.5,156.0,153.5,155.0,0,0.0,0.0
2025-05-26 01:10:00+00:00,156.0,156.5,156.0,156.5,3003,0.0,0.0
2025-05-26 01:35:00+00:00,154.5,154.5,154.5,154.5,1000,0.0,0.0
2025-05-26 01:40:00+00:00,153.5,153.5,153.5,153.5,1000,0.0,0.0
2025-05-26 01:45:00+00:00,153.5,153.5,153.5,153.5,1178,0.0,0.0
2025-05-26 02:00:00+00:00,153.5,153.5,153.5,153.5,1000,0.0,0.0
2025-05-26 02:25:00+00:00,154.5,154.5,154.5,154.5,1000,0.0,0.0
2025-05-26 02:55:00+00:00,154.5,154.5,154.5,154.5,1000,0.0,0.0
2025-05-26 03:05:00+00:00,155.0,155.0,155.0,155.0,1000,0.0,0.0
2025-05-26 03:10:00+00:00,155.0,155.5,155.0,155.5,2076,0.0,0.0
2025-05-26 04:20:00+00:00,154.0,154.0,154.0,154.0,2000,0.0,0.0
2025-05-26 04:35:00+00:00,154.0,154.0,154.0,154.0,1500,0.0,0.0
2025-05-26 05:20:00+00:00,154.0,155.5,154.0,155.5,5000,0.0,0.0
2025-05-27 01:05:00+00:00,155.5,156.0,155.5,156.0,0,0.0,0.0
2025-05-27 01:45:00+00:00,153.5,153.5,153.5,153.5,1000,0.0,0.0
2025-05-27 01:50:00+00:00,153.5,153.5,153.5,153.5,1000,0.0,0.0
2025-05-27 02:20:00+00:00,153.5,153.5,153.5,153.5,1000,0.0,0.0
2025-05-27 02:30:00+00:00,153.0,153.0,153.0,153.0,1000,0.0,0.0
2025-05-27 02:40:00+00:00,152.5,152.5,152.5,152.5,1000,0.0,0.0
2025-05-27 02:45:00+00:00,152.0,152.0,152.0,152.0,1000,0.0,0.0
2025-05-27 03:15:00+00:00,152.5,152.5,152.5,152.5,1020,0.0,0.0
2025-05-27 03:30:00+00:00,152.0,152.0,152.0,152.0,4183,0.0,0.0
2025-05-27 04:15:00+00:00,151.0,151.0,151.0,151.0,2165,0.0,0.0
2025-05-27 04:30:00+00:00,150.5,150.5,150.5,150.5,1000,0.0,0.0
2025-05-27 04:40:00+00:00,149.5,149.5,149.5,149.5,3009,0.0,0.0
2025-05-27 04:55:00+00:00,151.0,151.0,150.0,150.0,8000,0.0,0.0
2025-05-27 05:10:00+00:00,150.0,150.0,150.0,150.0,1220,0.0,0.0
2025-05-27 05:15:00+00:00,150.5,150.5,150.5,150.5,2640,0.0,0.0
2025-05-28 01:00:00+00:00,154.0,154.5,154.0,154.5,0,0.0,0.0
2025-05-28 01:20:00+00:00,152.0,152.0,152.0,152.0,1000,0.0,0.0
2025-05-28 01:25:00+00:00,151.0,151.0,151.0,151.0,1000,0.0,0.0
2025-05-28 01:30:00+00:00,152.5,153.0,152.5,153.0,2155,0.0,0.0
2025-05-28 02:10:00+00:00,151.0,151.0,150.5,150.5,2144,0.0,0.0
2025-05-28 03:15:00+00:00,151.5,151.5,151.5,151.5,1006,0.0,0.0
2025-05-28 03:20:00+00:00,152.5,153.0,152.5,153.0,2026,0.0,0.0
2025-05-28 04:35:00+00:00,151.0,151.0,150.5,150.5,3000,0.0,0.0
2025-05-28 05:00:00+00:00,150.5,150.5,150.5,150.5,2000,0.0,0.0
2025-05-29 01:00:00+00:00,152.0,152.0,152.0,152.0,0,0.0,0.0
2025-05-29 01:15:00+00:00,150.0,150.0,149.5,149.5,2000,0.0,0.0
2025-05-29 01:30:00+00:00,148.5,148.5,148.5,148.5,3000,0.0,0.0
2025-05-29 01:35:00+00:00,148.5,148.5,148.5,148.5,1110,0.0,0.0
2025-05-29 01:50:00+00:00,148.5,148.5,148.5,148.5,3000,0.0,0.0
2025-05-29 01:55:00+00:00,149.0,149.0,149.0,149.0,1016,0.0,0.0
2025-05-29 02:00:00+00:00,148.5,148.5,148.5,148.5,1000,0.0,0.0
2025-05-29 02:40:00+00:00,148.5,148.5,148.5,148.5,1462,0.0,0.0
2025-05-29 03:25:00+00:00,149.0,149.0,149.0,149.0,1000,0.0,0.0
2025-05-29 03:35:00+00:00,150.0,150.0,150.0,150.0,4010,0.0,0.0
2025-05-29 04:05:00+00:00,150.0,150.0,150.0,150.0,2020,0.0,0.0
2025-05-29 05:00:00+00:00,150.0,150.0,150.0,150.0,5140,0.0,0.0
2025-05-29 05:15:00+00:00,151.0,151.0,151.0,151.0,1000,0.0,0.0
2025-06-02 01:15:00+00:00,152.0,152.5,152.0,152.5,0,0.0,0.0
2025-06-02 01:35:00+00:00,152.0,152.0,152.0,152.0,1000,0.0,0.0
2025-06-02 01:40:00+00:00,152.0,152.0,152.0,152.0,1000,0.0,0.0
2025-06-02 01:50:00+00:00,151.0,151.0,151.0,151.0,1000,0.0,0.0
2025-06-02 01:55:00+00:00,150.5,150.5,150.5,150.5,2000,0.0,0.0
2025-06-02 02:05:00+00:00,151.5,151.5,151.5,151.5,1000,0.0,0.0
2025-06-02 02:10:00+00:00,151.0,151.0,151.0,151.0,1000,0.0,0.0
2025-06-02 03:30:00+00:00,150.0,150.0,150.0,150.0,1000,0.0,0.0
2025-06-02 04:00:00+00:00,150.0,150.0,150.0,150.0,1010,0.0,0.0
2025-06-02 05:20:00+00:00,150.0,150.0,150.0,150.0,3000,0.0,0.0
2025-06-03 01:00:00+00:00,150.0,151.5,149.5,149.5,0,0.0,0.0
2025-06-03 01:25:00+00:00,151.5,153.5,151.5,153.5,6061,0.0,0.0
2025-06-03 01:30:00+00:00,153.0,153.0,153.0,153.0,3170,0.0,0.0
2025-06-03 02:40:00+00:00,150.5,150.5,150.5,150.5,1094,0.0,0.0
2025-06-03 04:40:00+00:00,150.0,150.0,150.0,150.0,3050,0.0,0.0
2025-06-03 05:20:00+00:00,150.0,150.0,149.5,149.5,6000,0.0,0.0
2025-06-04 01:00:00+00:00,152.5,152.5,152.5,152.5,0,0.0,0.0
2025-06-04 01:30:00+00:00,151.0,151.0,151.0,151.0,1000,0.0,0.0
2025-06-04 01:40:00+00:00,152.0,152.0,152.0,152.0,1000,0.0,0.0
2025-06-04 01:45:00+00:00,152.0,152.5,152.0,152.5,6100,0.0,0.0
2025-06-04 02:10:00+00:00,152.0,152.0,152.0,152.0,2000,0.0,0.0
2025-06-04 04:10:00+00:00,151.0,151.0,150.5,150.5,4023,0.0,0.0
2025-06-04 05:20:00+00:00,150.5,151.5,150.5,151.5,2000,0.0,0.0
2025-06-05 01:00:00+00:00,150.0,150.0,150.0,150.0,0,0.0,0.0
2025-06-05 01:05:00+00:00,150.0,150.0,150.0,150.0,3000,0.0,0.0
2025-06-05 01:10:00+00:00,153.0,153.0,153.0,153.0,1010,0.0,0.0
2025-06-05 01:25:00+00:00,150.0,150.0,150.0,150.0,1000,0.0,0.0
2025-06-05 01:50:00+00:00,151.5,151.5,151.5,151.5,3000,0.0,0.0
2025-06-05 02:15:00+00:00,151.5,151.5,151.5,151.5,1000,0.0,0.0
2025-06-05 03:40:00+00:00,152.0,152.0,152.0,152.0,4000,0.0,0.0
2025-06-05 03:45:00+00:00,152.0,153.5,152.0,153.5,21095,0.0,0.0
2025-06-05 04:25:00+00:00,153.5,153.5,153.5,153.5,1011,0.0,0.0
2025-06-05 05:10:00+00:00,152.5,152.5,152.0,152.0,13000,0.0,0.0
2025-06-05 05:20:00+00:00,151.5,152.5,151.0,152.5,7385,0.0,0.0
2025-06-06 01:00:00+00:00,151.5,153.0,151.5,151.5,0,0.0,0.0
2025-06-06 01:05:00+00:00,151.0,151.0,151.0,151.0,2000,0.0,0.0
2025-06-06 01:15:00+00:00,151.0,153.0,151.0,151.5,4000,0.0,0.0
2025-06-06 01:25:00+00:00,151.5,151.5,151.5,151.5,1100,0.0,0.0
2025-06-06 02:15:00+00:00,152.5,152.5,152.5,152.5,2202,0.0,0.0
2025-06-06 05:20:00+00:00,152.0,152.0,152.0,152.0,2000,0.0,0.0
2025-06-09 01:00:00+00:00,153.0,153.0,153.0,153.0,0,0.0,0.0
2025-06-09 01:20:00+00:00,151.5,151.5,151.5,151.5,2000,0.0,0.0
2025-06-09 02:35:00+00:00,152.5,152.5,152.5,152.5,1000,0.0,0.0
2025-06-09 02:40:00+00:00,152.5,153.0,152.5,153.0,2000,0.0,0.0
2025-06-09 02:45:00+00:00,153.0,153.0,153.0,153.0,2000,0.0,0.0
2025-06-09 03:00:00+00:00,152.0,152.0,152.0,152.0,2000,0.0,0.0
2025-06-09 04:25:00+00:00,153.0,153.5,153.0,153.5,9000,0.0,0.0
2025-06-09 04:40:00+00:00,153.5,153.5,153.5,153.5,2022,0.0,0.0
2025-06-09 05:05:00+00:00,153.5,154.5,153.0,153.0,11000,0.0,0.0
2025-06-09 05:10:00+00:00,154.5,154.5,154.5,154.5,2078,0.0,0.0
2025-06-09 05:20:00+00:00,155.0,155.0,155.0,155.0,3337,0.0,0.0
2025-06-10 01:05:00+00:00,153.0,153.0,153.0,153.0,0,0.0,0.0
2025-06-10 01:30:00+00:00,153.0,153.0,153.0,153.0,1012,0.0,0.0
2025-06-10 01:55:00+00:00,153.0,153.0,153.0,153.0,2082,0.0,0.0
2025-06-10 02:20:00+00:00,153.0,153.0,153.0,153.0,1000,0.0,0.0
2025-06-10 02:40:00+00:00,154.0,154.0,154.0,154.0,1000,0.0,0.0
2025-06-10 02:55:00+00:00,153.5,153.5,153.5,153.5,1000,0.0,0.0
2025-06-10 03:20:00+00:00,153.0,153.0,153.0,153.0,2000,0.0,0.0
2025-06-10 03:50:00+00:00,153.5,153.5,153.5,153.5,1130,0.0,0.0
2025-06-10 04:30:00+00:00,153.0,153.0,152.5,152.5,7030,0.0,0.0
2025-06-11 01:00:00+00:00,156.0,156.0,155.0,155.5,0,0.0,0.0
2025-06-11 02:30:00+00:00,152.0,152.0,152.0,152.0,2000,0.0,0.0
2025-06-11 03:45:00+00:00,152.0,152.0,152.0,152.0,2000,0.0,0.0
2025-06-11 04:00:00+00:00,152.0,152.0,152.0,152.0,1000,0.0,0.0
2025-06-12 01:00:00+00:00,152.5,152.5,152.5,152.5,1010,0.0,0.0
2025-06-12 03:50:00+00:00,151.0,151.0,151.0,151.0,4018,0.0,0.0
2025-06-12 03:55:00+00:00,150.5,150.5,150.5,150.5,1000,0.0,0.0
2025-06-12 04:05:00+00:00,150.5,150.5,150.5,150.5,2000,0.0,0.0
2025-06-12 05:05:00+00:00,150.5,150.5,150.0,150.0,17071,0.0,0.0
2025-06-12 05:10:00+00:00,149.5,149.5,149.5,149.5,2000,0.0,0.0
2025-06-12 05:15:00+00:00,149.0,149.0,149.0,149.0,5000,0.0,0.0
2025-06-12 05:20:00+00:00,149.5,149.5,149.0,149.0,6009,0.0,0.0
2025-06-13 01:00:00+00:00,147.5,147.5,147.0,147.0,0,0.0,0.0
2025-06-13 01:20:00+00:00,146.0,146.0,145.5,145.5,5000,0.0,0.0
2025-06-13 01:25:00+00:00,146.0,146.0,146.0,146.0,1000,0.0,0.0
2025-06-13 01:30:00+00:00,146.0,147.0,146.0,147.0,2100,0.0,0.0
2025-06-13 02:10:00+00:00,147.0,147.0,147.0,147.0,3000,0.0,0.0
2025-06-13 02:20:00+00:00,147.5,149.5,147.5,149.5,4000,0.0,0.0
2025-06-13 02:30:00+00:00,147.0,147.0,147.0,147.0,2000,0.0,0.0
2025-06-13 02:35:00+00:00,149.0,149.0,149.0,149.0,1000,0.0,0.0
2025-06-13 02:40:00+00:00,147.0,147.0,147.0,147.0,2003,0.0,0.0
2025-06-13 03:00:00+00:00,147.0,147.0,147.0,147.0,2000,0.0,0.0
2025-06-13 03:05:00+00:00,147.0,147.0,147.0,147.0,1000,0.0,0.0
2025-06-13 03:15:00+00:00,146.0,146.0,146.0,146.0,2000,0.0,0.0
2025-06-13 03:20:00+00:00,146.0,146.0,146.0,146.0,3165,0.0,0.0
2025-06-13 03:25:00+00:00,145.5,145.5,145.0,145.0,3609,0.0,0.0
2025-06-13 03:40:00+00:00,142.5,143.5,142.5,143.5,4000,0.0,0.0
2025-06-13 03:45:00+00:00,143.5,144.0,143.0,144.0,3000,0.0,0.0
2025-06-13 03:50:00+00:00,144.5,145.0,144.5,145.0,3100,0.0,0.0
2025-06-13 04:20:00+00:00,143.5,143.5,143.5,143.5,3000,0.0,0.0
2025-06-13 04:25:00+00:00,143.0,143.0,143.0,143.0,2000,0.0,0.0
2025-06-13 04:35:00+00:00,143.0,143.0,143.0,143.0,2000,0.0,0.0
2025-06-13 04:40:00+00:00,143.0,143.0,143.0,143.0,1000,0.0,0.0
2025-06-13 04:50:00+00:00,143.0,143.0,143.0,143.0,3000,0.0,0.0
2025-06-13 04:55:00+00:00,143.0,143.0,143.0,143.0,3000,0.0,0.0
2025-06-13 05:00:00+00:00,143.0,143.0,143.0,143.0,2010,0.0,0.0
2025-06-13 05:10:00+00:00,143.5,143.5,143.5,143.5,2000,0.0,0.0
2025-06-13 05:20:00+00:00,143.5,145.0,143.5,145.0,8005,0.0,0.0
2025-06-16 01:00:00+00:00,145.0,145.0,145.0,145.0,0,0.0,0.0
2025-06-16 01:10:00+00:00,144.0,146.5,144.0,146.5,3000,0.0,0.0
2025-06-16 01:30:00+00:00,145.0,146.0,144.5,146.0,3000,0.0,0.0
2025-06-16 01:50:00+00:00,146.0,146.0,144.5,144.5,2000,0.0,0.0
2025-06-16 02:00:00+00:00,145.5,145.5,145.5,145.5,2000,0.0,0.0
2025-06-16 02:20:00+00:00,144.5,144.5,143.5,143.5,8000,0.0,0.0
2025-06-16 02:25:00+00:00,143.5,143.5,143.5,143.5,3100,0.0,0.0
2025-06-16 02:30:00+00:00,143.5,143.5,143.5,143.5,1000,0.0,0.0
2025-06-16 02:40:00+00:00,143.5,143.5,143.0,143.0,5010,0.0,0.0
2025-06-16 02:45:00+00:00,143.0,143.0,142.5,142.5,3228,0.0,0.0
2025-06-16 03:00:00+00:00,143.0,143.0,143.0,143.0,3000,0.0,0.0
2025-06-16 03:05:00+00:00,142.5,142.5,142.5,142.5,1000,0.0,0.0
2025-06-16 03:10:00+00:00,142.5,142.5,142.5,142.5,1019,0.0,0.0
2025-06-16 03:30:00+00:00,142.0,142.0,142.0,142.0,1937,0.0,0.0
2025-06-16 04:05:00+00:00,142.5,142.5,141.5,141.5,7000,0.0,0.0
2025-06-16 04:35:00+00:00,142.0,142.0,142.0,142.0,2000,0.0,0.0
2025-06-16 04:40:00+00:00,141.5,141.5,141.5,141.5,1068,0.0,0.0
2025-06-16 05:00:00+00:00,141.5,141.5,141.0,141.0,2000,0.0,0.0
2025-06-16 05:05:00+00:00,141.0,141.0,141.0,141.0,4389,0.0,0.0
2025-06-16 05:10:00+00:00,141.0,141.0,141.0,141.0,1000,0.0,0.0
2025-06-16 05:15:00+00:00,141.0,141.0,141.0,141.0,2010,0.0,0.0
2025-06-16 05:20:00+00:00,141.0,141.0,141.0,141.0,3610,0.0,0.0
2025-06-17 01:00:00+00:00,145.0,145.5,145.0,145.5,0,0.0,0.0
2025-06-17 01:05:00+00:00,144.0,144.0,144.0,144.0,1034,0.0,0.0
2025-06-17 01:30:00+00:00,143.5,144.0,143.5,144.0,2000,0.0,0.0
2025-06-17 01:40:00+00:00,144.0,144.0,144.0,144.0,1000,0.0,0.0
2025-06-17 01:45:00+00:00,143.5,143.5,143.5,143.5,1000,0.0,0.0
2025-06-17 01:50:00+00:00,143.5,143.5,143.5,143.5,1000,0.0,0.0
2025-06-17 02:00:00+00:00,143.5,143.5,143.5,143.5,1000,0.0,0.0
2025-06-17 02:40:00+00:00,143.5,143.5,143.5,143.5,1000,0.0,0.0
2025-06-17 02:50:00+00:00,144.5,144.5,144.5,144.5,1000,0.0,0.0
2025-06-17 03:05:00+00:00,144.5,144.5,144.5,144.5,1000,0.0,0.0
2025-06-17 03:20:00+00:00,144.0,144.0,144.0,144.0,1000,0.0,0.0
2025-06-17 03:30:00+00:00,144.0,144.0,143.5,143.5,2130,0.0,0.0
2025-06-17 05:10:00+00:00,144.0,144.0,144.0,144.0,1000,0.0,0.0
2025-06-17 05:20:00+00:00,143.5,143.5,143.5,143.5,1000,0.0,0.0
2025-06-18 01:00:00+00:00,143.5,146.5,143.5,146.5,3276,0.0,0.0
2025-06-18 01:25:00+00:00,144.0,144.0,144.0,144.0,1000,0.0,0.0
2025-06-18 01:30:00+00:00,143.5,144.5,143.5,144.5,2000,0.0,0.0
2025-06-18 02:05:00+00:00,144.5,145.0,143.0,145.0,6000,0.0,0.0
2025-06-18 02:40:00+00:00,143.5,143.5,143.5,143.5,1050,0.0,0.0
2025-06-18 03:10:00+00:00,143.5,143.5,143.5,143.5,1000,0.0,0.0
2025-06-18 03:15:00+00:00,143.5,143.5,143.5,143.5,1000,0.0,0.0
2025-06-18 03:25:00+00:00,144.5,144.5,143.5,143.5,3000,0.0,0.0
2025-06-18 03:30:00+00:00,144.5,144.5,144.5,144.5,1000,0.0,0.0
2025-06-18 03:45:00+00:00,144.5,144.5,144.5,144.5,1005,0.0,0.0
2025-06-18 04:00:00+00:00,144.5,146.0,144.5,146.0,15000,0.0,0.0
2025-06-18 04:05:00+00:00,145.0,146.5,145.0,146.5,2045,0.0,0.0
2025-06-18 04:10:00+00:00,146.5,146.5,145.0,145.0,2000,0.0,0.0
2025-06-18 04:15:00+00:00,145.0,145.0,145.0,145.0,3101,0.0,0.0
2025-06-18 04:55:00+00:00,145.0,145.0,145.0,145.0,3019,0.0,0.0
2025-06-18 05:00:00+00:00,144.5,144.5,143.5,143.5,8110,0.0,0.0
2025-06-18 05:05:00+00:00,143.0,144.5,142.5,144.5,9130,0.0,0.0
2025-06-18 05:10:00+00:00,144.0,144.0,144.0,144.0,1000,0.0,0.0
2025-06-18 05:20:00+00:00,144.0,144.0,144.0,144.0,1000,0.0,0.0
2025-06-19 01:00:00+00:00,142.0,144.0,142.0,144.0,0,0.0,0.0
2025-06-19 01:05:00+00:00,142.0,143.0,142.0,143.0,2000,0.0,0.0
2025-06-19 01:15:00+00:00,143.5,143.5,143.5,143.5,1010,0.0,0.0
2025-06-19 01:25:00+00:00,143.5,143.5,143.5,143.5,5000,0.0,0.0
2025-06-19 01:35:00+00:00,142.5,142.5,142.0,142.0,2000,0.0,0.0
2025-06-19 01:40:00+00:00,142.0,142.0,142.0,142.0,1000,0.0,0.0
2025-06-19 01:45:00+00:00,142.0,142.0,142.0,142.0,1000,0.0,0.0
2025-06-19 02:05:00+00:00,143.0,143.0,141.5,143.0,3120,0.0,0.0
2025-06-19 02:55:00+00:00,142.0,142.0,142.0,142.0,1176,0.0,0.0
2025-06-19 03:55:00+00:00,142.0,142.0,142.0,142.0,1000,0.0,0.0
2025-06-19 04:10:00+00:00,142.5,142.5,141.5,141.5,4000,0.0,0.0
2025-06-19 04:30:00+00:00,141.5,141.5,141.5,141.5,1000,0.0,0.0
2025-06-19 04:35:00+00:00,142.5,142.5,142.5,142.5,2000,0.0,0.0
2025-06-19 04:55:00+00:00,142.5,142.5,142.5,142.5,1100,0.0,0.0
2025-06-19 05:10:00+00:00,142.0,142.0,142.0,142.0,1020,0.0,0.0
2025-06-19 05:20:00+00:00,141.5,141.5,141.5,141.5,1000,0.0,0.0
2025-06-20 01:10:00+00:00,143.0,143.0,143.0,143.0,0,0.0,0.0
2025-06-20 01:35:00+00:00,141.5,141.5,140.0,140.0,7010,0.0,0.0
2025-06-20 01:40:00+00:00,140.5,140.5,140.0,140.0,2012,0.0,0.0
2025-06-20 01:45:00+00:00,140.0,140.0,140.0,140.0,2000,0.0,0.0
2025-06-20 01:50:00+00:00,139.5,139.5,138.5,138.5,3111,0.0,0.0
2025-06-20 01:55:00+00:00,139.5,139.5,139.5,139.5,3100,0.0,0.0
2025-06-20 02:05:00+00:00,139.0,139.0,139.0,139.0,1000,0.0,0.0
2025-06-20 02:10:00+00:00,139.0,139.0,139.0,139.0,5039,0.0,0.0
2025-06-20 02:15:00+00:00,139.0,139.0,139.0,139.0,1000,0.0,0.0
2025-06-20 02:20:00+00:00,139.5,141.0,139.5,141.0,6000,0.0,0.0
2025-06-20 02:25:00+00:00,139.5,139.5,139.5,139.5,1000,0.0,0.0
2025-06-20 02:35:00+00:00,141.0,141.5,141.0,141.5,4000,0.0,0.0
2025-06-20 03:30:00+00:00,141.5,141.5,141.5,141.5,1100,0.0,0.0
2025-06-20 03:50:00+00:00,141.5,141.5,141.5,141.5,2000,0.0,0.0
2025-06-20 04:30:00+00:00,141.0,141.0,141.0,141.0,1000,0.0,0.0
2025-06-20 04:40:00+00:00,141.0,141.0,141.0,141.0,1000,0.0,0.0
2025-06-20 05:05:00+00:00,141.5,141.5,141.5,141.5,1000,0.0,0.0
2025-06-20 05:10:00+00:00,142.0,142.0,142.0,142.0,2000,0.0,0.0
2025-06-20 05:20:00+00:00,141.5,141.5,141.5,141.5,1000,0.0,0.0
2025-06-23 01:05:00+00:00,142.5,143.0,142.5,143.0,0,0.0,0.0
2025-06-23 01:15:00+00:00,144.0,145.0,144.0,145.0,3000,0.0,0.0
2025-06-23 01:25:00+00:00,144.5,144.5,144.5,144.5,2011,0.0,0.0
2025-06-23 04:00:00+00:00,143.5,143.5,143.5,143.5,2001,0.0,0.0
2025-06-23 05:20:00+00:00,144.0,144.0,142.5,142.5,4000,0.0,0.0
2025-06-24 01:00:00+00:00,143.0,145.0,143.0,145.0,0,0.0,0.0
2025-06-24 01:05:00+00:00,145.5,148.0,145.5,147.5,9000,0.0,0.0
2025-06-24 01:10:00+00:00,148.0,148.0,148.0,148.0,4000,0.0,0.0
2025-06-24 01:15:00+00:00,148.5,149.5,148.5,149.5,7119,0.0,0.0
2025-06-24 01:20:00+00:00,152.5,153.5,152.5,153.5,3000,0.0,0.0
2025-06-24 01:25:00+00:00,153.0,153.0,153.0,153.0,1249,0.0,0.0
2025-06-24 01:30:00+00:00,153.5,153.5,153.0,153.0,3274,0.0,0.0
2025-06-24 01:35:00+00:00,154.0,156.0,154.0,156.0,15825,0.0,0.0
2025-06-24 01:40:00+00:00,156.0,156.5,156.0,156.5,30570,0.0,0.0
2025-06-24 01:45:00+00:00,156.5,156.5,156.5,156.5,5601,0.0,0.0
2025-06-24 01:55:00+00:00,156.5,156.5,156.5,156.5,1024,0.0,0.0
2025-06-24 02:00:00+00:00,156.5,156.5,156.5,156.5,2000,0.0,0.0
2025-06-24 02:10:00+00:00,156.5,156.5,156.5,156.5,3140,0.0,0.0
2025-06-24 02:30:00+00:00,156.5,156.5,156.5,156.5,1855,0.0,0.0
2025-06-24 02:35:00+00:00,156.5,156.5,156.5,156.5,6000,0.0,0.0
2025-06-24 02:50:00+00:00,156.5,156.5,156.5,156.5,1000,0.0,0.0
2025-06-24 03:15:00+00:00,156.5,156.5,156.5,156.5,1000,0.0,0.0
2025-06-24 03:40:00+00:00,156.5,156.5,156.5,156.5,1000,0.0,0.0
2025-06-24 04:10:00+00:00,156.5,156.5,156.5,156.5,1000,0.0,0.0
2025-06-24 04:15:00+00:00,156.5,156.5,156.5,156.5,3000,0.0,0.0
2025-06-24 04:35:00+00:00,156.5,156.5,156.5,156.5,1000,0.0,0.0
2025-06-24 05:05:00+00:00,156.5,156.5,156.5,156.5,1001,0.0,0.0
2025-06-24 05:20:00+00:00,156.5,156.5,156.5,156.5,3000,0.0,0.0
2025-06-25 01:00:00+00:00,156.5,156.5,156.5,156.5,0,0.0,0.0
2025-06-25 01:05:00+00:00,153.5,153.5,153.0,153.0,5422,0.0,0.0
2025-06-25 01:15:00+00:00,154.0,155.0,154.0,155.0,3080,0.0,0.0
2025-06-25 01:20:00+00:00,154.5,154.5,154.5,154.5,1020,0.0,0.0
2025-06-25 01:25:00+00:00,154.5,155.0,154.0,155.0,4265,0.0,0.0
2025-06-25 01:30:00+00:00,156.0,156.5,156.0,156.5,2000,0.0,0.0
2025-06-25 01:35:00+00:00,157.0,157.0,157.0,157.0,1000,0.0,0.0
2025-06-25 01:40:00+00:00,157.5,158.0,156.5,156.5,7000,0.0,0.0
2025-06-25 01:45:00+00:00,155.5,155.5,155.5,155.5,1003,0.0,0.0
2025-06-25 01:55:00+00:00,155.5,155.5,154.5,154.5,3048,0.0,0.0
2025-06-25 02:05:00+00:00,154.5,154.5,154.5,154.5,1000,0.0,0.0
2025-06-25 02:10:00+00:00,154.5,154.5,154.5,154.5,1100,0.0,0.0
2025-06-25 02:25:00+00:00,155.0,155.0,154.5,154.5,5100,0.0,0.0
2025-06-25 02:30:00+00:00,155.0,155.0,155.0,155.0,4002,0.0,0.0
2025-06-25 02:35:00+00:00,156.5,157.0,156.5,157.0,2000,0.0,0.0
2025-06-25 02:40:00+00:00,156.5,156.5,156.5,156.5,1000,0.0,0.0
2025-06-25 02:45:00+00:00,156.0,157.5,156.0,157.5,3000,0.0,0.0
2025-06-25 03:00:00+00:00,155.5,155.5,155.5,155.5,1000,0.0,0.0
2025-06-25 03:45:00+00:00,155.0,155.0,154.0,154.0,6050,0.0,0.0
2025-06-25 04:40:00+00:00,154.0,154.0,154.0,154.0,1100,0.0,0.0
2025-06-25 05:05:00+00:00,154.0,154.0,154.0,154.0,1000,0.0,0.0
2025-06-25 05:10:00+00:00,154.0,154.5,153.0,154.5,5100,0.0,0.0
2025-06-25 05:15:00+00:00,154.0,154.0,154.0,154.0,1000,0.0,0.0
2025-06-25 05:20:00+00:00,153.0,153.0,153.0,153.0,2050,0.0,0.0
2025-06-26 01:00:00+00:00,153.0,157.0,153.0,157.0,0,0.0,0.0
2025-06-26 01:20:00+00:00,156.5,156.5,154.5,154.5,2000,0.0,0.0
2025-06-26 01:25:00+00:00,155.5,155.5,155.5,155.5,1065,0.0,0.0
2025-06-26 01:30:00+00:00,155.0,155.0,155.0,155.0,1000,0.0,0.0
2025-06-26 01:35:00+00:00,156.0,158.5,156.0,158.0,24000,0.0,0.0
2025-06-26 01:40:00+00:00,157.0,158.5,155.0,158.5,8000,0.0,0.0
2025-06-26 01:45:00+00:00,159.0,159.0,159.0,159.0,1022,0.0,0.0
2025-06-26 02:05:00+00:00,159.0,159.5,158.5,158.5,8000,0.0,0.0
2025-06-26 02:10:00+00:00,158.5,159.0,158.5,159.0,2000,0.0,0.0
2025-06-26 02:15:00+00:00,159.0,159.0,159.0,159.0,1000,0.0,0.0
2025-06-26 02:35:00+00:00,158.0,158.0,158.0,158.0,0,0.0,0.0
2025-06-26 02:40:00+00:00,158.0,158.0,158.0,158.0,63365,0.0,0.0
2025-06-26 02:45:00+00:00,158.5,158.5,158.0,158.0,4000,0.0,0.0
2025-06-26 02:50:00+00:00,158.0,158.0,158.0,158.0,2000,0.0,0.0
2025-06-26 03:00:00+00:00,158.0,158.5,158.0,158.5,4000,0.0,0.0
2025-06-26 03:05:00+00:00,159.0,160.5,159.0,160.5,11250,0.0,0.0
2025-06-26 03:10:00+00:00,161.0,161.5,161.0,161.5,14174,0.0,0.0
2025-06-26 03:15:00+00:00,161.5,162.0,161.0,161.0,7010,0.0,0.0
2025-06-26 03:20:00+00:00,160.5,160.5,160.5,160.5,1000,0.0,0.0
2025-06-26 03:25:00+00:00,161.0,161.0,161.0,161.0,0,0.0,0.0
2025-06-26 03:30:00+00:00,161.5,162.0,161.5,162.0,110849,0.0,0.0
2025-06-26 03:40:00+00:00,161.5,162.0,161.5,161.5,4003,0.0,0.0
2025-06-26 03:50:00+00:00,162.0,163.0,162.0,163.0,8003,0.0,0.0
2025-06-26 03:55:00+00:00,162.5,162.5,161.5,161.5,6000,0.0,0.0
2025-06-26 04:10:00+00:00,161.5,161.5,161.5,161.5,1000,0.0,0.0
2025-06-26 04:20:00+00:00,161.5,161.5,161.5,161.5,1000,0.0,0.0
2025-06-26 04:25:00+00:00,161.5,161.5,161.5,161.5,1236,0.0,0.0
2025-06-26 04:30:00+00:00,161.0,161.0,161.0,161.0,3000,0.0,0.0
2025-06-26 04:35:00+00:00,160.0,160.0,160.0,160.0,1000,0.0,0.0
2025-06-26 04:40:00+00:00,160.0,160.0,160.0,160.0,1000,0.0,0.0
2025-06-26 04:45:00+00:00,160.0,160.0,160.0,160.0,1172,0.0,0.0
2025-06-26 05:05:00+00:00,159.0,159.0,159.0,159.0,1000,0.0,0.0
2025-06-26 05:15:00+00:00,159.0,159.0,158.0,158.0,4000,0.0,0.0
2025-06-26 05:20:00+00:00,158.0,158.5,157.0,158.5,5010,0.0,0.0
2025-06-27 01:00:00+00:00,173.5,173.5,173.5,173.5,0,0.0,0.0
2025-06-27 01:05:00+00:00,173.5,173.5,173.5,173.5,8000,0.0,0.0
2025-06-27 01:10:00+00:00,173.5,173.5,173.5,173.5,18129,0.0,0.0
2025-06-27 01:20:00+00:00,173.5,173.5,173.5,173.5,3416,0.0,0.0
2025-06-27 01:25:00+00:00,173.5,173.5,173.5,173.5,1040,0.0,0.0
2025-06-27 01:30:00+00:00,173.5,173.5,173.5,173.5,1003,0.0,0.0
2025-06-27 01:35:00+00:00,173.5,173.5,173.5,173.5,2075,0.0,0.0
2025-06-27 01:50:00+00:00,173.5,173.5,173.5,173.5,1000,0.0,0.0
2025-06-27 01:55:00+00:00,173.5,173.5,173.5,173.5,1010,0.0,0.0
2025-06-27 02:00:00+00:00,173.5,173.5,173.5,173.5,1809,0.0,0.0
2025-06-27 02:15:00+00:00,173.5,173.5,173.5,173.5,2000,0.0,0.0
2025-06-27 02:20:00+00:00,173.5,173.5,173.5,173.5,1756,0.0,0.0
2025-06-27 02:45:00+00:00,173.5,173.5,173.5,173.5,1000,0.0,0.0
2025-06-27 02:50:00+00:00,173.5,173.5,173.5,173.5,1000,0.0,0.0
2025-06-27 02:55:00+00:00,173.5,173.5,173.5,173.5,4362,0.0,0.0
2025-06-27 03:20:00+00:00,173.5,173.5,173.5,173.5,1610,0.0,0.0
2025-06-27 04:10:00+00:00,173.5,173.5,173.5,173.5,2006,0.0,0.0
2025-06-27 04:30:00+00:00,173.5,173.5,173.5,173.5,2001,0.0,0.0
2025-06-27 04:45:00+00:00,173.5,173.5,173.5,173.5,1000,0.0,0.0
2025-06-27 04:50:00+00:00,173.5,173.5,173.5,173.5,1000,0.0,0.0
2025-06-27 05:10:00+00:00,173.5,173.5,173.5,173.5,1007,0.0,0.0
2025-06-27 05:20:00+00:00,173.5,173.5,173.5,173.5,1800,0.0,0.0
2025-06-30 01:00:00+00:00,176.0,177.0,170.0,173.5,76976,0.0,0.0
2025-06-30 01:05:00+00:00,172.0,173.0,170.5,171.5,27000,0.0,0.0
2025-06-30 01:10:00+00:00,172.5,174.5,172.0,172.0,47759,0.0,0.0
2025-06-30 01:15:00+00:00,172.0,174.0,172.0,174.0,14410,0.0,0.0
2025-06-30 01:20:00+00:00,174.0,175.5,172.5,172.5,23945,0.0,0.0
2025-06-30 01:25:00+00:00,174.0,175.0,174.0,175.0,10021,0.0,0.0
2025-06-30 01:30:00+00:00,175.0,176.0,174.0,176.0,6109,0.0,0.0
2025-06-30 01:35:00+00:00,176.0,178.0,175.5,177.5,30100,0.0,0.0
2025-06-30 01:40:00+00:00,177.0,177.5,176.5,176.5,13100,0.0,0.0
2025-06-30 01:45:00+00:00,175.5,175.5,175.0,175.0,2104,0.0,0.0
2025-06-30 01:50:00+00:00,174.5,174.5,174.5,174.5,2100,0.0,0.0
2025-06-30 01:55:00+00:00,174.0,177.0,174.0,176.5,26868,0.0,0.0
2025-06-30 02:00:00+00:00,176.5,176.5,176.0,176.0,4003,0.0,0.0
2025-06-30 02:05:00+00:00,177.0,177.0,177.0,177.0,2010,0.0,0.0
2025-06-30 02:10:00+00:00,177.0,178.0,177.0,178.0,7095,0.0,0.0
2025-06-30 02:15:00+00:00,178.0,179.5,177.5,178.0,55425,0.0,0.0
2025-06-30 02:20:00+00:00,177.5,177.5,176.0,176.0,12209,0.0,0.0
2025-06-30 02:25:00+00:00,176.5,176.5,176.5,176.5,1011,0.0,0.0
2025-06-30 02:30:00+00:00,176.0,176.5,176.0,176.5,3055,0.0,0.0
2025-06-30 02:40:00+00:00,176.0,176.0,176.0,176.0,3048,0.0,0.0
2025-06-30 03:05:00+00:00,175.0,175.0,174.0,174.0,8130,0.0,0.0
2025-06-30 03:15:00+00:00,174.5,174.5,174.0,174.0,10120,0.0,0.0
2025-06-30 03:20:00+00:00,175.5,175.5,174.0,174.0,8001,0.0,0.0
2025-06-30 03:25:00+00:00,174.5,174.5,174.5,174.5,1003,0.0,0.0
2025-06-30 03:30:00+00:00,174.5,174.5,174.5,174.5,1000,0.0,0.0
2025-06-30 03:35:00+00:00,174.5,174.5,174.5,174.5,2000,0.0,0.0
2025-06-30 03:40:00+00:00,174.5,174.5,174.5,174.5,2000,0.0,0.0
2025-06-30 03:45:00+00:00,175.0,175.0,175.0,175.0,2019,0.0,0.0
2025-06-30 04:00:00+00:00,174.5,174.5,174.5,174.5,1278,0.0,0.0
2025-06-30 04:05:00+00:00,174.5,174.5,174.5,174.5,2000,0.0,0.0
2025-06-30 04:10:00+00:00,174.5,174.5,174.5,174.5,1005,0.0,0.0
2025-06-30 04:15:00+00:00,174.0,174.0,174.0,174.0,3005,0.0,0.0
2025-06-30 04:20:00+00:00,174.5,174.5,174.5,174.5,3200,0.0,0.0
2025-06-30 04:25:00+00:00,174.0,174.5,174.0,174.5,0,0.0,0.0
2025-06-30 04:35:00+00:00,174.5,174.5,174.5,174.5,1200,0.0,0.0
2025-06-30 04:55:00+00:00,174.5,174.5,174.5,174.5,5700,0.0,0.0
2025-06-30 05:05:00+00:00,175.0,175.0,175.0,175.0,1010,0.0,0.0
2025-06-30 05:10:00+00:00,175.5,175.5,175.0,175.0,4372,0.0,0.0
2025-06-30 05:20:00+00:00,174.0,176.5,173.5,176.5,21040,0.0,0.0
2025-05-05 01:00:00+00:00,146.5,146.5,146.5,146.5,0,0.0,0.0
2025-05-05 01:10:00+00:00,145.0,145.0,145.0,145.0,1000,0.0,0.0
2025-05-05 01:20:00+00:00,144.0,144.0,144.0,144.0,1060,0.0,0.0
2025-05-05 01:35:00+00:00,143.5,143.5,142.5,142.5,5000,0.0,0.0
2025-05-05 01:45:00+00:00,140.0,140.0,140.0,140.0,2000,0.0,0.0
2025-05-05 01:50:00+00:00,140.0,140.0,140.0,140.0,1000,0.0,0.0
2025-05-05 01:55:00+00:00,139.0,139.0,139.0,139.0,1050,0.0,0.0
2025-05-05 02:10:00+00:00,138.0,138.0,138.0,138.0,2000,0.0,0.0
2025-05-05 02:15:00+00:00,139.5,139.5,139.5,139.5,7000,0.0,0.0
2025-05-05 02:20:00+00:00,139.5,140.0,139.5,140.0,8211,0.0,0.0
2025-05-05 02:55:00+00:00,139.0,139.0,139.0,139.0,1000,0.0,0.0
2025-05-05 03:35:00+00:00,139.5,139.5,139.5,139.5,1000,0.0,0.0
2025-05-05 04:10:00+00:00,141.0,141.0,141.0,141.0,1000,0.0,0.0
2025-05-05 04:35:00+00:00,142.5,142.5,142.5,142.5,1200,0.0,0.0
2025-05-05 05:05:00+00:00,142.0,142.0,142.0,142.0,3000,0.0,0.0
2025-05-05 05:15:00+00:00,142.0,142.0,142.0,142.0,5000,0.0,0.0
2025-05-05 05:20:00+00:00,142.0,143.5,142.0,143.5,4000,0.0,0.0
2025-05-06 01:00:00+00:00,143.5,143.5,143.5,143.5,0,0.0,0.0
2025-05-06 01:40:00+00:00,144.0,144.5,144.0,144.5,2000,0.0,0.0
2025-05-06 01:50:00+00:00,143.0,143.0,143.0,143.0,1100,0.0,0.0
2025-05-06 02:15:00+00:00,144.5,144.5,144.5,144.5,1068,0.0,0.0
2025-05-06 03:20:00+00:00,144.5,145.0,144.5,145.0,13053,0.0,0.0
2025-05-06 03:25:00+00:00,145.5,146.5,145.5,146.5,3000,0.0,0.0
2025-05-06 03:40:00+00:00,145.5,145.5,145.5,145.5,1050,0.0,0.0
2025-05-06 04:20:00+00:00,144.0,144.0,144.0,144.0,1100,0.0,0.0
2025-05-06 05:15:00+00:00,145.0,145.5,145.0,145.5,3000,0.0,0.0
2025-05-06 05:20:00+00:00,145.5,145.5,145.5,145.5,1000,0.0,0.0
2025-05-07 01:05:00+00:00,145.5,147.0,145.5,147.0,3027,0.0,0.0
2025-05-07 02:20:00+00:00,145.5,145.5,145.0,145.0,2007,0.0,0.0
2025-05-07 03:05:00+00:00,145.0,145.0,145.0,145.0,1000,0.0,0.0
2025-05-07 03:30:00+00:00,144.5,144.5,144.5,144.5,1000,0.0,0.0
2025-05-07 03:35:00+00:00,145.0,145.0,145.0,145.0,4010,0.0,0.0
2025-05-07 05:00:00+00:00,144.0,144.0,144.0,144.0,1000,0.0,0.0
2025-05-07 05:20:00+00:00,144.0,144.0,144.0,144.0,2000,0.0,0.0
2025-05-08 01:00:00+00:00,146.0,147.0,146.0,147.0,0,0.0,0.0
2025-05-08 02:20:00+00:00,147.5,147.5,147.5,147.5,0,0.0,0.0
2025-05-08 02:45:00+00:00,146.0,146.0,146.0,146.0,8100,0.0,0.0
2025-05-08 02:55:00+00:00,145.0,145.0,145.0,145.0,1001,0.0,0.0
2025-05-08 03:00:00+00:00,145.5,145.5,145.0,145.0,2000,0.0,0.0
2025-05-08 03:05:00+00:00,145.5,145.5,145.5,145.5,1130,0.0,0.0
2025-05-08 03:20:00+00:00,146.0,146.0,146.0,146.0,1125,0.0,0.0
2025-05-08 04:15:00+00:00,146.0,146.0,146.0,146.0,1007,0.0,0.0
2025-05-08 04:55:00+00:00,146.0,146.0,145.5,145.5,5000,0.0,0.0
2025-05-08 05:00:00+00:00,146.5,146.5,146.5,146.5,6000,0.0,0.0
2025-05-08 05:05:00+00:00,147.0,147.5,147.0,147.5,3000,0.0,0.0
2025-05-08 05:20:00+00:00,147.5,147.5,146.0,146.0,3000,0.0,0.0
2025-05-09 01:00:00+00:00,146.5,149.0,146.5,149.0,0,0.0,0.0
2025-05-09 01:15:00+00:00,148.0,148.0,148.0,148.0,3000,0.0,0.0
2025-05-09 01:20:00+00:00,148.5,149.5,148.5,149.5,16100,0.0,0.0
2025-05-09 01:25:00+00:00,150.0,150.0,150.0,150.0,5000,0.0,0.0
2025-05-09 01:30:00+00:00,151.5,151.5,150.0,150.0,3350,0.0,0.0
2025-05-09 01:35:00+00:00,151.5,152.0,151.5,152.0,2000,0.0,0.0
2025-05-09 01:40:00+00:00,152.0,153.5,152.0,153.5,8220,0.0,0.0
2025-05-09 01:45:00+00:00,153.5,153.5,153.5,153.5,1108,0.0,0.0
2025-05-09 01:55:00+00:00,153.5,153.5,153.5,153.5,1050,0.0,0.0
2025-05-09 02:20:00+00:00,151.0,151.0,150.0,150.0,6218,0.0,0.0
2025-05-09 04:45:00+00:00,149.0,149.0,149.0,149.0,1089,0.0,0.0
2025-05-09 04:50:00+00:00,149.0,149.0,149.0,149.0,4000,0.0,0.0
2025-05-09 05:10:00+00:00,149.0,149.0,149.0,149.0,2000,0.0,0.0
2025-05-09 05:20:00+00:00,151.0,151.0,151.0,151.0,1000,0.0,0.0
2025-05-12 01:05:00+00:00,156.0,156.0,156.0,156.0,0,0.0,0.0
2025-05-12 01:30:00+00:00,154.5,155.5,154.5,155.5,4000,0.0,0.0
2025-05-12 01:50:00+00:00,154.5,154.5,154.5,154.5,1080,0.0,0.0
2025-05-12 02:25:00+00:00,152.0,152.0,152.0,152.0,2069,0.0,0.0
2025-05-12 03:10:00+00:00,152.0,153.5,152.0,153.5,3000,0.0,0.0
2025-05-12 03:30:00+00:00,153.5,153.5,153.5,153.5,2000,0.0,0.0
2025-05-12 04:05:00+00:00,153.5,154.0,153.5,154.0,2314,0.0,0.0
2025-05-13 01:00:00+00:00,154.0,156.5,154.0,156.5,0,0.0,0.0
2025-05-13 01:10:00+00:00,154.0,154.0,154.0,154.0,1000,0.0,0.0
2025-05-13 01:20:00+00:00,152.5,152.5,152.5,152.5,2190,0.0,0.0
2025-05-13 01:50:00+00:00,152.0,152.0,152.0,152.0,2001,0.0,0.0
2025-05-13 02:00:00+00:00,152.0,152.0,152.0,152.0,1000,0.0,0.0
2025-05-13 02:05:00+00:00,152.0,152.0,152.0,152.0,1000,0.0,0.0
2025-05-13 02:30:00+00:00,152.0,153.0,151.5,151.5,5070,0.0,0.0
2025-05-13 02:35:00+00:00,151.5,151.5,150.5,150.5,5142,0.0,0.0
2025-05-13 02:40:00+00:00,151.0,151.0,151.0,151.0,3000,0.0,0.0
2025-05-13 02:55:00+00:00,151.0,151.0,151.0,151.0,2000,0.0,0.0
2025-05-13 03:00:00+00:00,150.5,150.5,150.5,150.5,2123,0.0,0.0
2025-05-13 03:10:00+00:00,150.0,150.0,150.0,150.0,3017,0.0,0.0
2025-05-13 03:35:00+00:00,150.5,150.5,150.5,150.5,1000,0.0,0.0
2025-05-13 03:40:00+00:00,150.5,150.5,150.5,150.5,1000,0.0,0.0
2025-05-13 03:45:00+00:00,151.0,151.0,151.0,151.0,2743,0.0,0.0
2025-05-13 04:00:00+00:00,150.5,150.5,150.5,150.5,1000,0.0,0.0
2025-05-13 04:40:00+00:00,150.0,150.0,149.5,149.5,3036,0.0,0.0
2025-05-13 04:50:00+00:00,149.0,149.0,149.0,149.0,1000,0.0,0.0
2025-05-13 05:00:00+00:00,149.0,149.0,149.0,149.0,1000,0.0,0.0
2025-05-13 05:05:00+00:00,149.0,149.0,149.0,149.0,1000,0.0,0.0
2025-05-13 05:20:00+00:00,149.5,152.5,149.5,152.5,9104,0.0,0.0
2025-05-14 01:00:00+00:00,147.5,148.0,147.5,148.0,0,0.0,0.0
2025-05-14 01:05:00+00:00,150.0,151.5,150.0,151.5,2000,0.0,0.0
2025-05-14 01:10:00+00:00,149.0,149.0,149.0,149.0,1000,0.0,0.0
2025-05-14 01:15:00+00:00,150.0,151.0,150.0,151.0,2000,0.0,0.0
2025-05-14 01:25:00+00:00,150.0,150.0,149.0,149.0,3000,0.0,0.0
2025-05-14 01:45:00+00:00,149.0,149.0,149.0,149.0,1000,0.0,0.0
2025-05-14 01:50:00+00:00,148.5,150.5,148.5,150.5,3093,0.0,0.0
2025-05-14 02:10:00+00:00,148.5,148.5,148.5,148.5,2000,0.0,0.0
2025-05-14 02:15:00+00:00,148.0,148.0,147.0,148.0,19000,0.0,0.0
2025-05-14 02:20:00+00:00,148.0,148.0,148.0,148.0,4000,0.0,0.0
2025-05-14 02:35:00+00:00,148.5,148.5,148.5,148.5,2140,0.0,0.0
2025-05-14 02:50:00+00:00,149.0,149.0,149.0,149.0,1000,0.0,0.0
2025-05-14 02:55:00+00:00,149.0,149.0,149.0,149.0,1000,0.0,0.0
2025-05-14 03:05:00+00:00,149.5,149.5,149.5,149.5,1000,0.0,0.0
2025-05-14 03:40:00+00:00,149.5,149.5,149.5,149.5,2000,0.0,0.0
2025-05-14 03:45:00+00:00,149.5,149.5,149.5,149.5,2000,0.0,0.0
2025-05-14 04:10:00+00:00,149.5,149.5,149.5,149.5,2404,0.0,0.0
2025-05-14 04:25:00+00:00,149.5,149.5,149.5,149.5,2006,0.0,0.0
2025-05-14 04:30:00+00:00,149.5,149.5,149.5,149.5,1018,0.0,0.0
2025-05-14 04:40:00+00:00,150.0,150.0,150.0,150.0,3018,0.0,0.0
2025-05-14 04:50:00+00:00,150.0,150.0,150.0,150.0,1006,0.0,0.0
2025-05-14 04:55:00+00:00,150.5,150.5,150.5,150.5,1011,0.0,0.0
2025-05-14 05:00:00+00:00,150.5,151.0,150.5,151.0,10285,0.0,0.0
2025-05-14 05:10:00+00:00,151.5,151.5,151.5,151.5,3061,0.0,0.0
2025-05-15 01:00:00+00:00,150.5,150.5,150.0,150.0,0,0.0,0.0
2025-05-15 01:10:00+00:00,152.0,152.5,150.0,150.0,3010,0.0,0.0
2025-05-15 01:15:00+00:00,149.5,149.5,149.0,149.0,4000,0.0,0.0
2025-05-15 01:20:00+00:00,149.0,149.0,149.0,149.0,2000,0.0,0.0
2025-05-15 01:35:00+00:00,149.0,149.0,148.5,148.5,3000,0.0,0.0
2025-05-15 01:40:00+00:00,148.5,148.5,148.5,148.5,1068,0.0,0.0
2025-05-15 01:55:00+00:00,148.5,148.5,148.0,148.0,6047,0.0,0.0
2025-05-15 02:10:00+00:00,149.5,149.5,149.5,149.5,1093,0.0,0.0
2025-05-15 03:05:00+00:00,149.5,149.5,149.5,149.5,2000,0.0,0.0
2025-05-15 03:10:00+00:00,149.5,149.5,149.5,149.5,1000,0.0,0.0
2025-05-15 04:15:00+00:00,149.5,149.5,149.5,149.5,1000,0.0,0.0
2025-05-15 04:30:00+00:00,150.0,150.0,150.0,150.0,1000,0.0,0.0
2025-05-15 04:35:00+00:00,150.0,150.5,150.0,150.5,3058,0.0,0.0
2025-05-15 04:50:00+00:00,150.0,150.0,150.0,150.0,3020,0.0,0.0
2025-05-15 05:10:00+00:00,149.5,149.5,149.0,149.0,7000,0.0,0.0
2025-05-15 05:15:00+00:00,149.0,149.0,149.0,149.0,4000,0.0,0.0
2025-05-15 05:20:00+00:00,149.0,149.0,148.5,148.5,3000,0.0,0.0
2025-05-16 01:00:00+00:00,148.0,148.0,147.0,147.0,0,0.0,0.0
2025-05-16 01:05:00+00:00,147.0,147.0,146.5,146.5,7016,0.0,0.0
2025-05-16 01:10:00+00:00,148.0,148.5,147.5,147.5,3000,0.0,0.0
2025-05-16 01:15:00+00:00,147.5,148.0,147.5,148.0,3000,0.0,0.0
2025-05-16 01:20:00+00:00,147.5,147.5,147.5,147.5,1000,0.0,0.0
2025-05-16 01:25:00+00:00,147.5,147.5,147.5,147.5,1000,0.0,0.0
2025-05-16 01:30:00+00:00,147.5,147.5,147.5,147.5,2000,0.0,0.0
2025-05-16 01:35:00+00:00,147.0,147.0,147.0,147.0,1424,0.0,0.0
2025-05-16 01:40:00+00:00,147.0,148.0,147.0,148.0,7000,0.0,0.0
2025-05-16 01:45:00+00:00,147.5,147.5,147.5,147.5,2000,0.0,0.0
2025-05-16 01:50:00+00:00,147.5,147.5,147.5,147.5,1000,0.0,0.0
2025-05-16 01:55:00+00:00,147.5,147.5,147.5,147.5,1000,0.0,0.0
2025-05-16 02:00:00+00:00,148.5,148.5,148.0,148.0,3000,0.0,0.0
2025-05-16 02:05:00+00:00,148.5,148.5,148.5,148.5,7000,0.0,0.0
2025-05-16 02:10:00+00:00,148.5,148.5,148.0,148.0,2000,0.0,0.0
2025-05-16 02:15:00+00:00,148.0,148.0,148.0,148.0,1000,0.0,0.0
2025-05-16 02:20:00+00:00,148.0,148.0,148.0,148.0,1000,0.0,0.0
2025-05-16 02:25:00+00:00,148.0,148.0,148.0,148.0,1000,0.0,0.0
2025-05-16 02:30:00+00:00,148.0,148.0,148.0,148.0,2000,0.0,0.0
2025-05-16 02:35:00+00:00,147.5,147.5,147.5,147.5,2000,0.0,0.0
2025-05-16 02:40:00+00:00,148.0,148.5,148.0,148.5,6000,0.0,0.0
2025-05-16 02:45:00+00:00,148.0,148.5,148.0,148.5,2000,0.0,0.0
2025-05-16 02:50:00+00:00,148.0,148.5,148.0,148.5,2000,0.0,0.0
2025-05-16 02:55:00+00:00,149.0,149.5,148.5,149.5,4089,0.0,0.0
2025-05-16 03:00:00+00:00,149.0,149.5,149.0,149.5,3238,0.0,0.0
2025-05-16 03:05:00+00:00,149.5,150.0,149.0,150.0,5000,0.0,0.0
2025-05-16 03:10:00+00:00,149.5,149.5,149.5,149.5,1000,0.0,0.0
2025-05-16 03:15:00+00:00,149.0,150.0,149.0,150.0,5000,0.0,0.0
2025-05-16 03:20:00+00:00,149.5,149.5,149.5,149.5,2000,0.0,0.0
2025-05-16 03:25:00+00:00,149.5,150.0,149.5,150.0,2000,0.0,0.0
2025-05-16 03:30:00+00:00,149.5,149.5,149.5,149.5,1000,0.0,0.0
2025-05-16 03:35:00+00:00,149.5,150.0,149.5,150.0,2000,0.0,0.0
2025-05-16 03:40:00+00:00,149.5,150.0,149.5,150.0,2000,0.0,0.0
2025-05-16 03:45:00+00:00,149.5,149.5,149.5,149.5,1000,0.0,0.0
2025-05-16 03:50:00+00:00,149.0,149.0,149.0,149.0,1000,0.0,0.0
2025-05-16 03:55:00+00:00,149.5,150.5,149.0,150.5,11000,0.0,0.0
2025-05-16 04:00:00+00:00,150.0,150.0,150.0,150.0,1000,0.0,0.0
2025-05-16 04:05:00+00:00,151.0,151.0,150.5,150.5,8179,0.0,0.0
2025-05-16 04:10:00+00:00,150.0,150.0,150.0,150.0,1001,0.0,0.0
2025-05-16 04:15:00+00:00,150.0,150.0,150.0,150.0,1000,0.0,0.0
2025-05-16 04:20:00+00:00,149.5,149.5,149.5,149.5,1000,0.0,0.0
2025-05-16 04:25:00+00:00,149.5,149.5,149.5,149.5,1000,0.0,0.0
2025-05-16 04:30:00+00:00,150.5,150.5,150.0,150.0,2000,0.0,0.0
2025-05-16 04:35:00+00:00,150.5,150.5,150.0,150.0,2000,0.0,0.0
2025-05-16 04:40:00+00:00,149.5,149.5,149.5,149.5,1000,0.0,0.0
2025-05-16 04:45:00+00:00,149.5,150.5,149.5,150.5,2100,0.0,0.0
2025-05-16 04:50:00+00:00,150.0,150.0,150.0,150.0,1000,0.0,0.0
2025-05-16 04:55:00+00:00,149.5,150.5,149.5,150.5,2099,0.0,0.0
2025-05-16 05:05:00+00:00,150.5,150.5,150.5,150.5,1200,0.0,0.0
2025-05-19 01:40:00+00:00,151.0,151.0,151.0,151.0,0,0.0,0.0
2025-05-19 01:50:00+00:00,149.5,149.5,149.5,149.5,1000,0.0,0.0
2025-05-19 02:35:00+00:00,149.0,149.0,149.0,149.0,1000,0.0,0.0
2025-05-19 04:25:00+00:00,150.5,151.0,150.5,151.0,2001,0.0,0.0
2025-05-19 05:00:00+00:00,150.5,150.5,150.5,150.5,1000,0.0,0.0
2025-05-19 05:20:00+00:00,150.5,150.5,150.5,150.5,1000,0.0,0.0
2025-05-20 01:10:00+00:00,150.5,151.5,150.5,151.5,2004,0.0,0.0
2025-05-20 01:15:00+00:00,151.0,151.0,151.0,151.0,1000,0.0,0.0
2025-05-20 01:20:00+00:00,151.0,151.0,151.0,151.0,1000,0.0,0.0
2025-05-20 01:35:00+00:00,151.0,151.0,151.0,151.0,1030,0.0,0.0
2025-05-20 02:20:00+00:00,150.0,150.0,150.0,150.0,1329,0.0,0.0
2025-05-20 04:15:00+00:00,150.0,150.0,150.0,150.0,1000,0.0,0.0
2025-05-20 04:55:00+00:00,150.0,150.0,150.0,150.0,2000,0.0,0.0
2025-05-20 05:20:00+00:00,150.5,150.5,150.5,150.5,2000,0.0,0.0
2025-05-21 01:10:00+00:00,150.0,150.0,150.0,150.0,1000,0.0,0.0
2025-05-21 02:05:00+00:00,150.0,150.0,150.0,150.0,1000,0.0,0.0
2025-05-21 02:10:00+00:00,150.5,150.5,150.5,150.5,1040,0.0,0.0
2025-05-21 04:30:00+00:00,150.5,150.5,150.5,150.5,2150,0.0,0.0
2025-05-21 04:40:00+00:00,151.0,151.0,151.0,151.0,1000,0.0,0.0
2025-05-21 05:00:00+00:00,151.0,151.0,149.0,149.0,4177,0.0,0.0
2025-05-21 05:20:00+00:00,149.5,149.5,149.5,149.5,1025,0.0,0.0
2025-05-22 01:00:00+00:00,147.5,147.5,147.5,147.5,0,0.0,0.0
2025-05-22 01:05:00+00:00,148.5,148.5,148.5,148.5,2400,0.0,0.0
2025-05-22 01:20:00+00:00,148.5,149.5,148.5,149.5,1000,0.0,0.0
2025-05-22 01:25:00+00:00,149.5,149.5,149.5,149.5,2000,0.0,0.0
2025-05-22 01:35:00+00:00,150.0,150.0,150.0,150.0,1000,0.0,0.0
2025-05-22 01:55:00+00:00,150.0,150.5,150.0,150.5,5000,0.0,0.0
2025-05-22 02:00:00+00:00,150.5,151.0,150.5,151.0,5050,0.0,0.0
2025-05-22 02:15:00+00:00,151.0,152.0,151.0,152.0,6010,0.0,0.0
2025-05-22 02:45:00+00:00,152.0,156.0,152.0,156.0,15100,0.0,0.0
2025-05-22 02:50:00+00:00,156.0,156.0,156.0,156.0,1019,0.0,0.0
2025-05-22 03:05:00+00:00,154.0,155.5,154.0,155.5,3050,0.0,0.0
2025-05-22 03:25:00+00:00,154.5,154.5,153.5,153.5,2000,0.0,0.0
2025-05-22 03:30:00+00:00,153.0,153.0,153.0,153.0,1000,0.0,0.0
2025-05-22 03:45:00+00:00,154.5,155.5,154.5,155.5,4105,0.0,0.0
2025-05-22 04:10:00+00:00,155.0,155.0,155.0,155.0,1008,0.0,0.0
2025-05-22 04:25:00+00:00,155.0,155.0,155.0,155.0,2000,0.0,0.0
2025-05-22 04:40:00+00:00,155.5,155.5,155.5,155.5,2062,0.0,0.0
2025-05-22 04:45:00+00:00,155.5,155.5,155.5,155.5,2149,0.0,0.0
2025-05-22 05:05:00+00:00,155.5,155.5,155.5,155.5,3125,0.0,0.0
2025-05-22 05:20:00+00:00,155.5,155.5,153.5,153.5,4100,0.0,0.0
2025-05-23 01:00:00+00:00,155.0,156.0,154.5,156.0,0,0.0,0.0
2025-05-23 01:05:00+00:00,157.0,158.5,157.0,158.5,6113,0.0,0.0
2025-05-23 01:10:00+00:00,158.5,161.5,158.5,161.0,19170,0.0,0.0
2025-05-23 01:15:00+00:00,160.0,160.0,158.5,158.5,5020,0.0,0.0
2025-05-23 01:20:00+00:00,158.5,158.5,158.5,158.5,1000,0.0,0.0
2025-05-23 01:35:00+00:00,159.5,159.5,159.5,159.5,1050,0.0,0.0
2025-05-23 01:40:00+00:00,159.0,159.0,159.0,159.0,1005,0.0,0.0
2025-05-23 01:55:00+00:00,158.5,158.5,158.0,158.0,2005,0.0,0.0
2025-05-23 02:00:00+00:00,157.5,157.5,157.5,157.5,2000,0.0,0.0
2025-05-23 02:05:00+00:00,157.5,157.5,157.5,157.5,1000,0.0,0.0
2025-05-23 02:10:00+00:00,157.0,157.5,157.0,157.0,6050,0.0,0.0
2025-05-23 02:15:00+00:00,158.0,158.5,158.0,158.5,2016,0.0,0.0
2025-05-23 02:20:00+00:00,157.0,157.0,156.5,156.5,2000,0.0,0.0
2025-05-23 02:30:00+00:00,156.5,156.5,156.5,156.5,1000,0.0,0.0
2025-05-23 02:40:00+00:00,157.0,157.0,157.0,157.0,2000,0.0,0.0
2025-05-23 02:45:00+00:00,157.5,158.5,157.5,158.5,2000,0.0,0.0
2025-05-23 02:50:00+00:00,158.0,158.0,158.0,158.0,1050,0.0,0.0
2025-05-23 04:00:00+00:00,158.0,158.0,158.0,158.0,1000,0.0,0.0
2025-05-23 04:05:00+00:00,157.0,157.0,156.5,156.5,4146,0.0,0.0
2025-05-23 04:40:00+00:00,154.0,154.0,154.0,154.0,6133,0.0,0.0
2025-05-23 04:45:00+00:00,153.5,154.0,153.5,154.0,7000,0.0,0.0
2025-05-23 04:50:00+00:00,156.0,156.0,156.0,156.0,1000,0.0,0.0
2025-05-23 05:05:00+00:00,155.5,155.5,155.5,155.5,2000,0.0,0.0
2025-05-23 05:20:00+00:00,154.0,155.5,154.0,155.5,3000,0.0,0.0
2025-05-26 01:00:00+00:00,153.5,156.0,153.5,155.0,0,0.0,0.0
2025-05-26 01:10:00+00:00,156.0,156.5,156.0,156.5,3003,0.0,0.0
2025-05-26 01:35:00+00:00,154.5,154.5,154.5,154.5,1000,0.0,0.0
2025-05-26 01:40:00+00:00,153.5,153.5,153.5,153.5,1000,0.0,0.0
2025-05-26 01:45:00+00:00,153.5,153.5,153.5,153.5,1178,0.0,0.0
2025-05-26 02:00:00+00:00,153.5,153.5,153.5,153.5,1000,0.0,0.0
2025-05-26 02:25:00+00:00,154.5,154.5,154.5,154.5,1000,0.0,0.0
2025-05-26 02:55:00+00:00,154.5,154.5,154.5,154.5,1000,0.0,0.0
2025-05-26 03:05:00+00:00,155.0,155.0,155.0,155.0,1000,0.0,0.0
2025-05-26 03:10:00+00:00,155.0,155.5,155.0,155.5,2076,0.0,0.0
2025-05-26 04:20:00+00:00,154.0,154.0,154.0,154.0,2000,0.0,0.0
2025-05-26 04:35:00+00:00,154.0,154.0,154.0,154.0,1500,0.0,0.0
2025-05-26 05:20:00+00:00,154.0,155.5,154.0,155.5,5000,0.0,0.0
2025-05-27 01:05:00+00:00,155.5,156.0,155.5,156.0,0,0.0,0.0
2025-05-27 01:45:00+00:00,153.5,153.5,153.5,153.5,1000,0.0,0.0
2025-05-27 01:50:00+00:00,153.5,153.5,153.5,153.5,1000,0.0,0.0
2025-05-27 02:20:00+00:00,153.5,153.5,153.5,153.5,1000,0.0,0.0
2025-05-27 02:30:00+00:00,153.0,153.0,153.0,153.0,1000,0.0,0.0
2025-05-27 02:40:00+00:00,152.5,152.5,152.5,152.5,1000,0.0,0.0
2025-05-27 02:45:00+00:00,152.0,152.0,152.0,152.0,1000,0.0,0.0
2025-05-27 03:15:00+00:00,152.5,152.5,152.5,152.5,1020,0.0,0.0
2025-05-27 03:30:00+00:00,152.0,152.0,152.0,152.0,4183,0.0,0.0
2025-05-27 04:15:00+00:00,151.0,151.0,151.0,151.0,2165,0.0,0.0
2025-05-27 04:30:00+00:00,150.5,150.5,150.5,150.5,1000,0.0,0.0
2025-05-27 04:40:00+00:00,149.5,149.5,149.5,149.5,3009,0.0,0.0
2025-05-27 04:55:00+00:00,151.0,151.0,150.0,150.0,8000,0.0,0.0
2025-05-27 05:10:00+00:00,150.0,150.0,150.0,150.0,1220,0.0,0.0
2025-05-27 05:15:00+00:00,150.5,150.5,150.5,150.5,2640,0.0,0.0
2025-05-28 01:00:00+00:00,154.0,154.5,154.0,154.5,0,0.0,0.0
2025-05-28 01:20:00+00:00,152.0,152.0,152.0,152.0,1000,0.0,0.0
2025-05-28 01:25:00+00:00,151.0,151.0,151.0,151.0,1000,0.0,0.0
2025-05-28 01:30:00+00:00,152.5,153.0,152.5,153.0,2155,0.0,0.0
2025-05-28 02:10:00+00:00,151.0,151.0,150.5,150.5,2144,0.0,0.0
2025-05-28 03:15:00+00:00,151.5,151.5,151.5,151.5,1006,0.0,0.0
2025-05-28 03:20:00+00:00,152.5,153.0,152.5,153.0,2026,0.0,0.0
2025-05-28 04:35:00+00:00,151.0,151.0,150.5,150.5,3000,0.0,0.0
2025-05-28 05:00:00+00:00,150.5,150.5,150.5,150.5,2000,0.0,0.0
2025-05-29 01:00:00+00:00,152.0,152.0,152.0,152.0,0,0.0,0.0
2025-05-29 01:15:00+00:00,150.0,150.0,149.5,149.5,2000,0.0,0.0
2025-05-29 01:30:00+00:00,148.5,148.5,148.5,148.5,3000,0.0,0.0
2025-05-29 01:35:00+00:00,148.5,148.5,148.5,148.5,1110,0.0,0.0
2025-05-29 01:50:00+00:00,148.5,148.5,148.5,148.5,3000,0.0,0.0
2025-05-29 01:55:00+00:00,149.0,149.0,149.0,149.0,1016,0.0,0.0
2025-05-29 02:00:00+00:00,148.5,148.5,148.5,148.5,1000,0.0,0.0
2025-05-29 02:40:00+00:00,148.5,148.5,148.5,148.5,1462,0.0,0.0
2025-05-29 03:25:00+00:00,149.0,149.0,149.0,149.0,1000,0.0,0.0
2025-05-29 03:35:00+00:00,150.0,150.0,150.0,150.0,4010,0.0,0.0
2025-05-29 04:05:00+00:00,150.0,150.0,150.0,150.0,2020,0.0,0.0
2025-05-29 05:00:00+00:00,150.0,150.0,150.0,150.0,5140,0.0,0.0
2025-05-29 05:15:00+00:00,151.0,151.0,151.0,151.0,1000,0.0,0.0
2025-06-02 01:15:00+00:00,152.0,152.5,152.0,152.5,0,0.0,0.0
2025-06-02 01:35:00+00:00,152.0,152.0,152.0,152.0,1000,0.0,0.0
2025-06-02 01:40:00+00:00,152.0,152.0,152.0,152.0,1000,0.0,0.0
2025-06-02 01:50:00+00:00,151.0,151.0,151.0,151.0,1000,0.0,0.0
2025-06-02 01:55:00+00:00,150.5,150.5,150.5,150.5,2000,0.0,0.0
2025-06-02 02:05:00+00:00,151.5,151.5,151.5,151.5,1000,0.0,0.0
2025-06-02 02:10:00+00:00,151.0,151.0,151.0,151.0,1000,0.0,0.0
2025-06-02 03:30:00+00:00,150.0,150.0,150.0,150.0,1000,0.0,0.0
2025-06-02 04:00:00+00:00,150.0,150.0,150.0,150.0,1010,0.0,0.0
2025-06-02 05:20:00+00:00,150.0,150.0,150.0,150.0,3000,0.0,0.0
2025-06-03 01:00:00+00:00,150.0,151.5,149.5,149.5,0,0.0,0.0
2025-06-03 01:25:00+00:00,151.5,153.5,151.5,153.5,6061,0.0,0.0
2025-06-03 01:30:00+00:00,153.0,153.0,153.0,153.0,3170,0.0,0.0
2025-06-03 02:40:00+00:00,150.5,150.5,150.5,150.5,1094,0.0,0.0
2025-06-03 04:40:00+00:00,150.0,150.0,150.0,150.0,3050,0.0,0.0
2025-06-03 05:20:00+00:00,150.0,150.0,149.5,149.5,6000,0.0,0.0
2025-06-04 01:00:00+00:00,152.5,152.5,152.5,152.5,0,0.0,0.0
2025-06-04 01:30:00+00:00,151.0,151.0,151.0,151.0,1000,0.0,0.0
2025-06-04 01:40:00+00:00,152.0,152.0,152.0,152.0,1000,0.0,0.0
2025-06-04 01:45:00+00:00,152.0,152.5,152.0,152.5,6100,0.0,0.0
2025-06-04 02:10:00+00:00,152.0,152.0,152.0,152.0,2000,0.0,0.0
2025-06-04 04:10:00+00:00,151.0,151.0,150.5,150.5,4023,0.0,0.0
2025-06-04 05:20:00+00:00,150.5,151.5,150.5,151.5,2000,0.0,0.0
2025-06-05 01:00:00+00:00,150.0,150.0,150.0,150.0,0,0.0,0.0
2025-06-05 01:05:00+00:00,150.0,150.0,150.0,150.0,3000,0.0,0.0
2025-06-05 01:10:00+00:00,153.0,153.0,153.0,153.0,1010,0.0,0.0
2025-06-05 01:25:00+00:00,150.0,150.0,150.0,150.0,1000,0.0,0.0
2025-06-05 01:50:00+00:00,151.5,151.5,151.5,151.5,3000,0.0,0.0
2025-06-05 02:15:00+00:00,151.5,151.5,151.5,151.5,1000,0.0,0.0
2025-06-05 03:40:00+00:00,152.0,152.0,152.0,152.0,4000,0.0,0.0
2025-06-05 03:45:00+00:00,152.0,153.5,152.0,153.5,21095,0.0,0.0
2025-06-05 04:25:00+00:00,153.5,153.5,153.5,153.5,1011,0.0,0.0
2025-06-05 05:10:00+00:00,152.5,152.5,152.0,152.0,13000,0.0,0.0
2025-06-05 05:20:00+00:00,151.5,152.5,151.0,152.5,7385,0.0,0.0
2025-06-06 01:00:00+00:00,151.5,153.0,151.5,151.5,0,0.0,0.0
2025-06-06 01:05:00+00:00,151.0,151.0,151.0,151.0,2000,0.0,0.0
2025-06-06 01:15:00+00:00,151.0,153.0,151.0,151.5,4000,0.0,0.0
2025-06-06 01:25:00+00:00,151.5,151.5,151.5,151.5,1100,0.0,0.0
2025-06-06 02:15:00+00:00,152.5,152.5,152.5,152.5,2202,0.0,0.0
2025-06-06 05:20:00+00:00,152.0,152.0,152.0,152.0,2000,0.0,0.0
2025-06-09 01:00:00+00:00,153.0,153.0,153.0,153.0,0,0.0,0.0
2025-06-09 01:20:00+00:00,151.5,151.5,151.5,151.5,2000,0.0,0.0
2025-06-09 02:35:00+00:00,152.5,152.5,152.5,152.5,1000,0.0,0.0
2025-06-09 02:40:00+00:00,152.5,153.0,152.5,153.0,2000,0.0,0.0
2025-06-09 02:45:00+00:00,153.0,153.0,153.0,153.0,2000,0.0,0.0
2025-06-09 03:00:00+00:00,152.0,152.0,152.0,152.0,2000,0.0,0.0
2025-06-09 04:25:00+00:00,153.0,153.5,153.0,153.5,9000,0.0,0.0
2025-06-09 04:40:00+00:00,153.5,153.5,153.5,153.5,2022,0.0,0.0
2025-06-09 05:05:00+00:00,153.5,154.5,153.0,153.0,11000,0.0,0.0
2025-06-09 05:10:00+00:00,154.5,154.5,154.5,154.5,2078,0.0,0.0
2025-06-09 05:20:00+00:00,155.0,155.0,155.0,155.0,3337,0.0,0.0
2025-06-10 01:05:00+00:00,153.0,153.0,153.0,153.0,0,0.0,0.0
2025-06-10 01:30:00+00:00,153.0,153.0,153.0,153.0,1012,0.0,0.0
2025-06-10 01:55:00+00:00,153.0,153.0,153.0,153.0,2082,0.0,0.0
2025-06-10 02:20:00+00:00,153.0,153.0,153.0,153.0,1000,0.0,0.0
2025-06-10 02:40:00+00:00,154.0,154.0,154.0,154.0,1000,0.0,0.0
2025-06-10 02:55:00+00:00,153.5,153.5,153.5,153.5,1000,0.0,0.0
2025-06-10 03:20:00+00:00,153.0,153.0,153.0,153.0,2000,0.0,0.0
2025-06-10 03:50:00+00:00,153.5,153.5,153.5,153.5,1130,0.0,0.0
2025-06-10 04:30:00+00:00,153.0,153.0,152.5,152.5,7030,0.0,0.0
2025-06-11 01:00:00+00:00,156.0,156.0,155.0,155.5,0,0.0,0.0
2025-06-11 02:30:00+00:00,152.0,152.0,152.0,152.0,2000,0.0,0.0
2025-06-11 03:45:00+00:00,152.0,152.0,152.0,152.0,2000,0.0,0.0
2025-06-11 04:00:00+00:00,152.0,152.0,152.0,152.0,1000,0.0,0.0
2025-06-12 01:00:00+00:00,152.5,152.5,152.5,152.5,1010,0.0,0.0
2025-06-12 03:50:00+00:00,151.0,151.0,151.0,151.0,4018,0.0,0.0
2025-06-12 03:55:00+00:00,150.5,150.5,150.5,150.5,1000,0.0,0.0
2025-06-12 04:05:00+00:00,150.5,150.5,150.5,150.5,2000,0.0,0.0
2025-06-12 05:05:00+00:00,150.5,150.5,150.0,150.0,17071,0.0,0.0
2025-06-12 05:10:00+00:00,149.5,149.5,149.5,149.5,2000,0.0,0.0
2025-06-12 05:15:00+00:00,149.0,149.0,149.0,149.0,5000,0.0,0.0
2025-06-12 05:20:00+00:00,149.5,149.5,149.0,149.0,6009,0.0,0.0
2025-06-13 01:00:00+00:00,147.5,147.5,147.0,147.0,0,0.0,0.0
2025-06-13 01:20:00+00:00,146.0,146.0,145.5,145.5,5000,0.0,0.0
2025-06-13 01:25:00+00:00,146.0,146.0,146.0,146.0,1000,0.0,0.0
2025-06-13 01:30:00+00:00,146.0,147.0,146.0,147.0,2100,0.0,0.0
2025-06-13 02:10:00+00:00,147.0,147.0,147.0,147.0,3000,0.0,0.0
2025-06-13 02:20:00+00:00,147.5,149.5,147.5,149.5,4000,0.0,0.0
2025-06-13 02:30:00+00:00,147.0,147.0,147.0,147.0,2000,0.0,0.0
2025-06-13 02:35:00+00:00,149.0,149.0,149.0,149.0,1000,0.0,0.0
2025-06-13 02:40:00+00:00,147.0,147.0,147.0,147.0,2003,0.0,0.0
2025-06-13 03:00:00+00:00,147.0,147.0,147.0,147.0,2000,0.0,0.0
2025-06-13 03:05:00+00:00,147.0,147.0,147.0,147.0,1000,0.0,0.0
2025-06-13 03:15:00+00:00,146.0,146.0,146.0,146.0,2000,0.0,0.0
2025-06-13 03:20:00+00:00,146.0,146.0,146.0,146.0,3165,0.0,0.0
2025-06-13 03:25:00+00:00,145.5,145.5,145.0,145.0,3609,0.0,0.0
2025-06-13 03:40:00+00:00,142.5,143.5,142.5,143.5,4000,0.0,0.0
2025-06-13 03:45:00+00:00,143.5,144.0,143.0,144.0,3000,0.0,0.0
2025-06-13 03:50:00+00:00,144.5,145.0,144.5,145.0,3100,0.0,0.0
2025-06-13 04:20:00+00:00,143.5,143.5,143.5,143.5,3000,0.0,0.0
2025-06-13 04:25:00+00:00,143.0,143.0,143.0,143.0,2000,0.0,0.0
2025-06-13 04:35:00+00:00,143.0,143.0,143.0,143.0,2000,0.0,0.0
2025-06-13 04:40:00+00:00,143.0,143.0,143.0,143.0,1000,0.0,0.0
2025-06-13 04:50:00+00:00,143.0,143.0,143.0,143.0,3000,0.0,0.0
2025-06-13 04:55:00+00:00,143.0,143.0,143.0,143.0,3000,0.0,0.0
2025-06-13 05:00:00+00:00,143.0,143.0,143.0,143.0,2010,0.0,0.0
2025-06-13 05:10:00+00:00,143.5,143.5,143.5,143.5,2000,0.0,0.0
2025-06-13 05:20:00+00:00,143.5,145.0,143.5,145.0,8005,0.0,0.0
2025-06-16 01:00:00+00:00,145.0,145.0,145.0,145.0,0,0.0,0.0
2025-06-16 01:10:00+00:00,144.0,146.5,144.0,146.5,3000,0.0,0.0
2025-06-16 01:30:00+00:00,145.0,146.0,144.5,146.0,3000,0.0,0.0
2025-06-16 01:50:00+00:00,146.0,146.0,144.5,144.5,2000,0.0,0.0
2025-06-16 02:00:00+00:00,145.5,145.5,145.5,145.5,2000,0.0,0.0
2025-06-16 02:20:00+00:00,144.5,144.5,143.5,143.5,8000,0.0,0.0
2025-06-16 02:25:00+00:00,143.5,143.5,143.5,143.5,3100,0.0,0.0
2025-06-16 02:30:00+00:00,143.5,143.5,143.5,143.5,1000,0.0,0.0
2025-06-16 02:40:00+00:00,143.5,143.5,143.0,143.0,5010,0.0,0.0
2025-06-16 02:45:00+00:00,143.0,143.0,142.5,142.5,3228,0.0,0.0
2025-06-16 03:00:00+00:00,143.0,143.0,143.0,143.0,3000,0.0,0.0
2025-06-16 03:05:00+00:00,142.5,142.5,142.5,142.5,1000,0.0,0.0
2025-06-16 03:10:00+00:00,142.5,142.5,142.5,142.5,1019,0.0,0.0
2025-06-16 03:30:00+00:00,142.0,142.0,142.0,142.0,1937,0.0,0.0
2025-06-16 04:05:00+00:00,142.5,142.5,141.5,141.5,7000,0.0,0.0
2025-06-16 04:35:00+00:00,142.0,142.0,142.0,142.0,2000,0.0,0.0
2025-06-16 04:40:00+00:00,141.5,141.5,141.5,141.5,1068,0.0,0.0
2025-06-16 05:00:00+00:00,141.5,141.5,141.0,141.0,2000,0.0,0.0
2025-06-16 05:05:00+00:00,141.0,141.0,141.0,141.0,4389,0.0,0.0
2025-06-16 05:10:00+00:00,141.0,141.0,141.0,141.0,1000,0.0,0.0
2025-06-16 05:15:00+00:00,141.0,141.0,141.0,141.0,2010,0.0,0.0
2025-06-16 05:20:00+00:00,141.0,141.0,141.0,141.0,3610,0.0,0.0
2025-06-17 01:00:00+00:00,145.0,145.5,145.0,145.5,0,0.0,0.0
2025-06-17 01:05:00+00:00,144.0,144.0,144.0,144.0,1034,0.0,0.0
2025-06-17 01:30:00+00:00,143.5,144.0,143.5,144.0,2000,0.0,0.0
2025-06-17 01:40:00+00:00,144.0,144.0,144.0,144.0,1000,0.0,0.0
2025-06-17 01:45:00+00:00,143.5,143.5,143.5,143.5,1000,0.0,0.0
2025-06-17 01:50:00+00:00,143.5,143.5,143.5,143.5,1000,0.0,0.0
2025-06-17 02:00:00+00:00,143.5,143.5,143.5,143.5,1000,0.0,0.0
2025-06-17 02:40:00+00:00,143.5,143.5,143.5,143.5,1000,0.0,0.0
2025-06-17 02:50:00+00:00,144.5,144.5,144.5,144.5,1000,0.0,0.0
2025-06-17 03:05:00+00:00,144.5,144.5,144.5,144.5,1000,0.0,0.0
2025-06-17 03:20:00+00:00,144.0,144.0,144.0,144.0,1000,0.0,0.0
2025-06-17 03:30:00+00:00,144.0,144.0,143.5,143.5,2130,0.0,0.0
2025-06-17 05:10:00+00:00,144.0,144.0,144.0,144.0,1000,0.0,0.0
2025-06-17 05:20:00+00:00,143.5,143.5,143.5,143.5,1000,0.0,0.0
2025-06-18 01:00:00+00:00,143.5,146.5,143.5,146.5,3276,0.0,0.0
2025-06-18 01:25:00+00:00,144.0,144.0,144.0,144.0,1000,0.0,0.0
2025-06-18 01:30:00+00:00,143.5,144.5,143.5,144.5,2000,0.0,0.0
2025-06-18 02:05:00+00:00,144.5,145.0,143.0,145.0,6000,0.0,0.0
2025-06-18 02:40:00+00:00,143.5,143.5,143.5,143.5,1050,0.0,0.0
2025-06-18 03:10:00+00:00,143.5,143.5,143.5,143.5,1000,0.0,0.0
2025-06-18 03:15:00+00:00,143.5,143.5,143.5,143.5,1000,0.0,0.0
2025-06-18 03:25:00+00:00,144.5,144.5,143.5,143.5,3000,0.0,0.0
2025-06-18 03:30:00+00:00,144.5,144.5,144.5,144.5,1000,0.0,0.0
2025-06-18 03:45:00+00:00,144.5,144.5,144.5,144.5,1005,0.0,0.0
2025-06-18 04:00:00+00:00,144.5,146.0,144.5,146.0,15000,0.0,0.0
2025-06-18 04:05:00+00:00,145.0,146.5,145.0,146.5,2045,0.0,0.0
2025-06-18 04:10:00+00:00,146.5,146.5,145.0,145.0,2000,0.0,0.0
2025-06-18 04:15:00+00:00,145.0,145.0,145.0,145.0,3101,0.0,0.0
2025-06-18 04:55:00+00:00,145.0,145.0,145.0,145.0,3019,0.0,0.0
2025-06-18 05:00:00+00:00,144.5,144.5,143.5,143.5,8110,0.0,0.0
2025-06-18 05:05:00+00:00,143.0,144.5,142.5,144.5,9130,0.0,0.0
2025-06-18 05:10:00+00:00,144.0,144.0,144.0,144.0,1000,0.0,0.0
2025-06-18 05:20:00+00:00,144.0,144.0,144.0,144.0,1000,0.0,0.0
2025-06-19 01:00:00+00:00,142.0,144.0,142.0,144.0,0,0.0,0.0
2025-06-19 01:05:00+00:00,142.0,143.0,142.0,143.0,2000,0.0,0.0
2025-06-19 01:15:00+00:00,143.5,143.5,143.5,143.5,1010,0.0,0.0
2025-06-19 01:25:00+00:00,143.5,143.5,143.5,143.5,5000,0.0,0.0
2025-06-19 01:35:00+00:00,142.5,142.5,142.0,142.0,2000,0.0,0.0
2025-06-19 01:40:00+00:00,142.0,142.0,142.0,142.0,1000,0.0,0.0
2025-06-19 01:45:00+00:00,142.0,142.0,142.0,142.0,1000,0.0,0.0
2025-06-19 02:05:00+00:00,143.0,143.0,141.5,143.0,3120,0.0,0.0
2025-06-19 02:55:00+00:00,142.0,142.0,142.0,142.0,1176,0.0,0.0
2025-06-19 03:55:00+00:00,142.0,142.0,142.0,142.0,1000,0.0,0.0
2025-06-19 04:10:00+00:00,142.5,142.5,141.5,141.5,4000,0.0,0.0
2025-06-19 04:30:00+00:00,141.5,141.5,141.5,141.5,1000,0.0,0.0
2025-06-19 04:35:00+00:00,142.5,142.5,142.5,142.5,2000,0.0,0.0
2025-06-19 04:55:00+00:00,142.5,142.5,142.5,142.5,1100,0.0,0.0
2025-06-19 05:10:00+00:00,142.0,142.0,142.0,142.0,1020,0.0,0.0
2025-06-19 05:20:00+00:00,141.5,141.5,141.5,141.5,1000,0.0,0.0
2025-06-20 01:10:00+00:00,143.0,143.0,143.0,143.0,0,0.0,0.0
2025-06-20 01:35:00+00:00,141.5,141.5,140.0,140.0,7010,0.0,0.0
2025-06-20 01:40:00+00:00,140.5,140.5,140.0,140.0,2012,0.0,0.0
2025-06-20 01:45:00+00:00,140.0,140.0,140.0,140.0,2000,0.0,0.0
2025-06-20 01:50:00+00:00,139.5,139.5,138.5,138.5,3111,0.0,0.0
2025-06-20 01:55:00+00:00,139.5,139.5,139.5,139.5,3100,0.0,0.0
2025-06-20 02:05:00+00:00,139.0,139.0,139.0,139.0,1000,0.0,0.0
2025-06-20 02:10:00+00:00,139.0,139.0,139.0,139.0,5039,0.0,0.0
2025-06-20 02:15:00+00:00,139.0,139.0,139.0,139.0,1000,0.0,0.0
2025-06-20 02:20:00+00:00,139.5,141.0,139.5,141.0,6000,0.0,0.0
2025-06-20 02:25:00+00:00,139.5,139.5,139.5,139.5,1000,0.0,0.0
2025-06-20 02:35:00+00:00,141.0,141.5,141.0,141.5,4000,0.0,0.0
2025-06-20 03:30:00+00:00,141.5,141.5,141.5,141.5,1100,0.0,0.0
2025-06-20 03:50:00+00:00,141.5,141.5,141.5,141.5,2000,0.0,0.0
2025-06-20 04:30:00+00:00,141.0,141.0,141.0,141.0,1000,0.0,0.0
2025-06-20 04:40:00+00:00,141.0,141.0,141.0,141.0,1000,0.0,0.0
2025-06-20 05:05:00+00:00,141.5,141.5,141.5,141.5,1000,0.0,0.0
2025-06-20 05:10:00+00:00,142.0,142.0,142.0,142.0,2000,0.0,0.0
2025-06-20 05:20:00+00:00,141.5,141.5,141.5,141.5,1000,0.0,0.0
2025-06-23 01:05:00+00:00,142.5,143.0,142.5,143.0,0,0.0,0.0
2025-06-23 01:15:00+00:00,144.0,145.0,144.0,145.0,3000,0.0,0.0
2025-06-23 01:25:00+00:00,144.5,144.5,144.5,144.5,2011,0.0,0.0
2025-06-23 04:00:00+00:00,143.5,143.5,143.5,143.5,2001,0.0,0.0
2025-06-23 05:20:00+00:00,144.0,144.0,142.5,142.5,4000,0.0,0.0
2025-06-24 01:00:00+00:00,143.0,145.0,143.0,145.0,0,0.0,0.0
2025-06-24 01:05:00+00:00,145.5,148.0,145.5,147.5,9000,0.0,0.0
2025-06-24 01:10:00+00:00,148.0,148.0,148.0,148.0,4000,0.0,0.0
2025-06-24 01:15:00+00:00,148.5,149.5,148.5,149.5,7119,0.0,0.0
2025-06-24 01:20:00+00:00,152.5,153.5,152.5,153.5,3000,0.0,0.0
2025-06-24 01:25:00+00:00,153.0,153.0,153.0,153.0,1249,0.0,0.0
2025-06-24 01:30:00+00:00,153.5,153.5,153.0,153.0,3274,0.0,0.0
2025-06-24 01:35:00+00:00,154.0,156.0,154.0,156.0,15825,0.0,0.0
2025-06-24 01:40:00+00:00,156.0,156.5,156.0,156.5,30570,0.0,0.0
2025-06-24 01:45:00+00:00,156.5,156.5,156.5,156.5,5601,0.0,0.0
2025-06-24 01:55:00+00:00,156.5,156.5,156.5,156.5,1024,0.0,0.0
2025-06-24 02:00:00+00:00,156.5,156.5,156.5,156.5,2000,0.0,0.0
2025-06-24 02:10:00+00:00,156.5,156.5,156.5,156.5,3140,0.0,0.0
2025-06-24 02:30:00+00:00,156.5,156.5,156.5,156.5,1855,0.0,0.0
2025-06-24 02:35:00+00:00,156.5,156.5,156.5,156.5,6000,0.0,0.0
2025-06-24 02:50:00+00:00,156.5,156.5,156.5,156.5,1000,0.0,0.0
2025-06-24 03:15:00+00:00,156.5,156.5,156.5,156.5,1000,0.0,0.0
2025-06-24 03:40:00+00:00,156.5,156.5,156.5,156.5,1000,0.0,0.0
2025-06-24 04:10:00+00:00,156.5,156.5,156.5,156.5,1000,0.0,0.0
2025-06-24 04:15:00+00:00,156.5,156.5,156.5,156.5,3000,0.0,0.0
2025-06-24 04:35:00+00:00,156.5,156.5,156.5,156.5,1000,0.0,0.0
2025-06-24 05:05:00+00:00,156.5,156.5,156.5,156.5,1001,0.0,0.0
2025-06-24 05:20:00+00:00,156.5,156.5,156.5,156.5,3000,0.0,0.0
2025-06-25 01:00:00+00:00,156.5,156.5,156.5,156.5,0,0.0,0.0
2025-06-25 01:05:00+00:00,153.5,153.5,153.0,153.0,5422,0.0,0.0
2025-06-25 01:15:00+00:00,154.0,155.0,154.0,155.0,3080,0.0,0.0
2025-06-25 01:20:00+00:00,154.5,154.5,154.5,154.5,1020,0.0,0.0
2025-06-25 01:25:00+00:00,154.5,155.0,154.0,155.0,4265,0.0,0.0
2025-06-25 01:30:00+00:00,156.0,156.5,156.0,156.5,2000,0.0,0.0
2025-06-25 01:35:00+00:00,157.0,157.0,157.0,157.0,1000,0.0,0.0
2025-06-25 01:40:00+00:00,157.5,158.0,156.5,156.5,7000,0.0,0.0
2025-06-25 01:45:00+00:00,155.5,155.5,155.5,155.5,1003,0.0,0.0
2025-06-25 01:55:00+00:00,155.5,155.5,154.5,154.5,3048,0.0,0.0
2025-06-25 02:05:00+00:00,154.5,154.5,154.5,154.5,1000,0.0,0.0
2025-06-25 02:10:00+00:00,154.5,154.5,154.5,154.5,1100,0.0,0.0
2025-06-25 02:25:00+00:00,155.0,155.0,154.5,154.5,5100,0.0,0.0
2025-06-25 02:30:00+00:00,155.0,155.0,155.0,155.0,4002,0.0,0.0
2025-06-25 02:35:00+00:00,156.5,157.0,156.5,157.0,2000,0.0,0.0
2025-06-25 02:40:00+00:00,156.5,156.5,156.5,156.5,1000,0.0,0.0
2025-06-25 02:45:00+00:00,156.0,157.5,156.0,157.5,3000,0.0,0.0
2025-06-25 03:00:00+00:00,155.5,155.5,155.5,155.5,1000,0.0,0.0
2025-06-25 03:45:00+00:00,155.0,155.0,154.0,154.0,6050,0.0,0.0
2025-06-25 04:40:00+00:00,154.0,154.0,154.0,154.0,1100,0.0,0.0
2025-06-25 05:05:00+00:00,154.0,154.0,154.0,154.0,1000,0.0,0.0
2025-06-25 05:10:00+00:00,154.0,154.5,153.0,154.5,5100,0.0,0.0
2025-06-25 05:15:00+00:00,154.0,154.0,154.0,154.0,1000,0.0,0.0
2025-06-25 05:20:00+00:00,153.0,153.0,153.0,153.0,2050,0.0,0.0
2025-06-26 01:00:00+00:00,153.0,157.0,153.0,157.0,0,0.0,0.0
2025-06-26 01:20:00+00:00,156.5,156.5,154.5,154.5,2000,0.0,0.0
2025-06-26 01:25:00+00:00,155.5,155.5,155.5,155.5,1065,0.0,0.0
2025-06-26 01:30:00+00:00,155.0,155.0,155.0,155.0,1000,0.0,0.0
2025-06-26 01:35:00+00:00,156.0,158.5,156.0,158.0,24000,0.0,0.0
2025-06-26 01:40:00+00:00,157.0,158.5,155.0,158.5,8000,0.0,0.0
2025-06-26 01:45:00+00:00,159.0,159.0,159.0,159.0,1022,0.0,0.0
2025-06-26 02:05:00+00:00,159.0,159.5,158.5,158.5,8000,0.0,0.0
2025-06-26 02:10:00+00:00,158.5,159.0,158.5,159.0,2000,0.0,0.0
2025-06-26 02:15:00+00:00,159.0,159.0,159.0,159.0,1000,0.0,0.0
2025-06-26 02:35:00+00:00,158.0,158.0,158.0,158.0,0,0.0,0.0
2025-06-26 02:40:00+00:00,158.0,158.0,158.0,158.0,63365,0.0,0.0
2025-06-26 02:45:00+00:00,158.5,158.5,158.0,158.0,4000,0.0,0.0
2025-06-26 02:50:00+00:00,158.0,158.0,158.0,158.0,2000,0.0,0.0
2025-06-26 03:00:00+00:00,158.0,158.5,158.0,158.5,4000,0.0,0.0
2025-06-26 03:05:00+00:00,159.0,160.5,159.0,160.5,11250,0.0,0.0
2025-06-26 03:10:00+00:00,161.0,161.5,161.0,161.5,14174,0.0,0.0
2025-06-26 03:15:00+00:00,161.5,162.0,161.0,161.0,7010,0.0,0.0
2025-06-26 03:20:00+00:00,160.5,160.5,160.5,160.5,1000,0.0,0.0
2025-06-26 03:25:00+00:00,161.0,161.0,161.0,161.0,0,0.0,0.0
2025-06-26 03:30:00+00:00,161.5,162.0,161.5,162.0,110849,0.0,0.0
2025-06-26 03:40:00+00:00,161.5,162.0,161.5,161.5,4003,0.0,0.0
2025-06-26 03:50:00+00:00,162.0,163.0,162.0,163.0,8003,0.0,0.0
2025-06-26 03:55:00+00:00,162.5,162.5,161.5,161.5,6000,0.0,0.0
2025-06-26 04:10:00+00:00,161.5,161.5,161.5,161.5,1000,0.0,0.0
2025-06-26 04:20:00+00:00,161.5,161.5,161.5,161.5,1000,0.0,0.0
2025-06-26 04:25:00+00:00,161.5,161.5,161.5,161.5,1236,0.0,0.0
2025-06-26 04:30:00+00:00,161.0,161.0,161.0,161.0,3000,0.0,0.0
2025-06-26 04:35:00+00:00,160.0,160.0,160.0,160.0,1000,0.0,0.0
2025-06-26 04:40:00+00:00,160.0,160.0,160.0,160.0,1000,0.0,0.0
2025-06-26 04:45:00+00:00,160.0,160.0,160.0,160.0,1172,0.0,0.0
2025-06-26 05:05:00+00:00,159.0,159.0,159.0,159.0,1000,0.0,0.0
2025-06-26 05:15:00+00:00,159.0,159.0,158.0,158.0,4000,0.0,0.0
2025-06-26 05:20:00+00:00,158.0,158.5,157.0,158.5,5010,0.0,0.0
2025-06-27 01:00:00+00:00,173.5,173.5,173.5,173.5,0,0.0,0.0
2025-06-27 01:05:00+00:00,173.5,173.5,173.5,173.5,8000,0.0,0.0
2025-06-27 01:10:00+00:00,173.5,173.5,173.5,173.5,18129,0.0,0.0
2025-06-27 01:20:00+00:00,173.5,173.5,173.5,173.5,3416,0.0,0.0
2025-06-27 01:25:00+00:00,173.5,173.5,173.5,173.5,1040,0.0,0.0
2025-06-27 01:30:00+00:00,173.5,173.5,173.5,173.5,1003,0.0,0.0
2025-06-27 01:35:00+00:00,173.5,173.5,173.5,173.5,2075,0.0,0.0
2025-06-27 01:50:00+00:00,173.5,173.5,173.5,173.5,1000,0.0,0.0
2025-06-27 01:55:00+00:00,173.5,173.5,173.5,173.5,1010,0.0,0.0
2025-06-27 02:00:00+00:00,173.5,173.5,173.5,173.5,1809,0.0,0.0
2025-06-27 02:15:00+00:00,173.5,173.5,173.5,173.5,2000,0.0,0.0
2025-06-27 02:20:00+00:00,173.5,173.5,173.5,173.5,1756,0.0,0.0
2025-06-27 02:45:00+00:00,173.5,173.5,173.5,173.5,1000,0.0,0.0
2025-06-27 02:50:00+00:00,173.5,173.5,173.5,173.5,1000,0.0,0.0
2025-06-27 02:55:00+00:00,173.5,173.5,173.5,173.5,4362,0.0,0.0
2025-06-27 03:20:00+00:00,173.5,173.5,173.5,173.5,1610,0.0,0.0
2025-06-27 04:10:00+00:00,173.5,173.5,173.5,173.5,2006,0.0,0.0
2025-06-27 04:30:00+00:00,173.5,173.5,173.5,173.5,2001,0.0,0.0
2025-06-27 04:45:00+00:00,173.5,173.5,173.5,173.5,1000,0.0,0.0
2025-06-27 04:50:00+00:00,173.5,173.5,173.5,173.5,1000,0.0,0.0
2025-06-27 05:10:00+00:00,173.5,173.5,173.5,173.5,1007,0.0,0.0
2025-06-27 05:20:00+00:00,173.5,173.5,173.5,173.5,1800,0.0,0.0
2025-06-30 01:00:00+00:00,176.0,177.0,170.0,173.5,76976,0.0,0.0
2025-06-30 01:05:00+00:00,172.0,173.0,170.5,171.5,27000,0.0,0.0
2025-06-30 01:10:00+00:00,172.5,174.5,172.0,172.0,47759,0.0,0.0
2025-06-30 01:15:00+00:00,172.0,174.0,172.0,174.0,14410,0.0,0.0
2025-06-30 01:20:00+00:00,174.0,175.5,172.5,172.5,23945,0.0,0.0
2025-06-30 01:25:00+00:00,174.0,175.0,174.0,175.0,10021,0.0,0.0
2025-06-30 01:30:00+00:00,175.0,176.0,174.0,176.0,6109,0.0,0.0
2025-06-30 01:35:00+00:00,176.0,178.0,175.5,177.5,30100,0.0,0.0
2025-06-30 01:40:00+00:00,177.0,177.5,176.5,176.5,13100,0.0,0.0
2025-06-30 01:45:00+00:00,175.5,175.5,175.0,175.0,2104,0.0,0.0
2025-06-30 01:50:00+00:00,174.5,174.5,174.5,174.5,2100,0.0,0.0
2025-06-30 01:55:00+00:00,174.0,177.0,174.0,176.5,26868,0.0,0.0
2025-06-30 02:00:00+00:00,176.5,176.5,176.0,176.0,4003,0.0,0.0
2025-06-30 02:05:00+00:00,177.0,177.0,177.0,177.0,2010,0.0,0.0
2025-06-30 02:10:00+00:00,177.0,178.0,177.0,178.0,7095,0.0,0.0
2025-06-30 02:15:00+00:00,178.0,179.5,177.5,178.0,55425,0.0,0.0
2025-06-30 02:20:00+00:00,177.5,177.5,176.0,176.0,12209,0.0,0.0
2025-06-30 02:25:00+00:00,176.5,176.5,176.5,176.5,1011,0.0,0.0
2025-06-30 02:30:00+00:00,176.0,176.5,176.0,176.5,3055,0.0,0.0
2025-06-30 02:40:00+00:00,176.0,176.0,176.0,176.0,3048,0.0,0.0
2025-06-30 03:05:00+00:00,175.0,175.0,174.0,174.0,8130,0.0,0.0
2025-06-30 03:15:00+00:00,174.5,174.5,174.0,174.0,10120,0.0,0.0
2025-06-30 03:20:00+00:00,175.5,175.5,174.0,174.0,8001,0.0,0.0
2025-06-30 03:25:00+00:00,174.5,174.5,174.5,174.5,1003,0.0,0.0
2025-06-30 03:30:00+00:00,174.5,174.5,174.5,174.5,1000,0.0,0.0
2025-06-30 03:35:00+00:00,174.5,174.5,174.5,174.5,2000,0.0,0.0
2025-06-30 03:40:00+00:00,174.5,174.5,174.5,174.5,2000,0.0,0.0
2025-06-30 03:45:00+00:00,175.0,175.0,175.0,175.0,2019,0.0,0.0
2025-06-30 04:00:00+00:00,174.5,174.5,174.5,174.5,1278,0.0,0.0
2025-06-30 04:05:00+00:00,174.5,174.5,174.5,174.5,2000,0.0,0.0
2025-06-30 04:10:00+00:00,174.5,174.5,174.5,174.5,1005,0.0,0.0
2025-06-30 04:15:00+00:00,174.0,174.0,174.0,174.0,3005,0.0,0.0
2025-06-30 04:20:00+00:00,174.5,174.5,174.5,174.5,3200,0.0,0.0
2025-06-30 04:25:00+00:00,174.0,174.5,174.0,174.5,0,0.0,0.0
2025-06-30 04:35:00+00:00,174.5,174.5,174.5,174.5,1200,0.0,0.0
2025-06-30 04:55:00+00:00,174.5,174.5,174.5,174.5,5700,0.0,0.0
2025-06-30 05:05:00+00:00,175.0,175.0,175.0,175.0,1010,0.0,0.0
2025-06-30 05:10:00+00:00,175.5,175.5,175.0,175.0,4372,0.0,0.0
2025-06-30 05:20:00+00:00,174.0,176.5,173.5,176.5,21040,0.0,0.0
2025-07-01 01:00:00+00:00,176.5,177.0,175.5,176.0,0,0.0,0.0
2025-07-01 01:05:00+00:00,177.0,177.0,177.0,177.0,2894,0.0,0.0
2025-07-01 01:10:00+00:00,177.5,177.5,176.5,177.5,4405,0.0,0.0
2025-07-01 01:15:00+00:00,177.5,177.5,177.0,177.0,6005,0.0,0.0
2025-07-01 01:20:00+00:00,176.5,176.5,174.5,174.5,6075,0.0,0.0
2025-07-01 01:25:00+00:00,174.5,174.5,174.5,174.5,4010,0.0,0.0
2025-07-01 01:30:00+00:00,175.0,175.0,174.0,174.0,4035,0.0,0.0
2025-07-01 01:35:00+00:00,175.0,175.0,173.5,174.5,8000,0.0,0.0
2025-07-01 01:40:00+00:00,175.5,175.5,175.0,175.0,2000,0.0,0.0
2025-07-01 01:45:00+00:00,174.0,174.0,174.0,174.0,7025,0.0,0.0
2025-07-01 01:50:00+00:00,174.5,174.5,174.5,174.5,1000,0.0,0.0
2025-07-01 01:55:00+00:00,174.5,174.5,174.5,174.5,1000,0.0,0.0
2025-07-01 02:00:00+00:00,174.5,174.5,174.5,174.5,2200,0.0,0.0
2025-07-01 02:10:00+00:00,174.0,174.0,172.5,172.5,11220,0.0,0.0
2025-07-01 02:15:00+00:00,172.5,172.5,172.5,172.5,6000,0.0,0.0
2025-07-01 02:25:00+00:00,172.5,174.5,172.5,174.5,8104,0.0,0.0
2025-07-01 02:35:00+00:00,174.0,174.0,173.5,173.5,3000,0.0,0.0
2025-07-01 03:10:00+00:00,174.0,174.0,173.5,173.5,2000,0.0,0.0
2025-07-01 03:25:00+00:00,173.0,173.0,173.0,173.0,1000,0.0,0.0
2025-07-01 03:40:00+00:00,172.5,172.5,172.5,172.5,2227,0.0,0.0
2025-07-01 03:55:00+00:00,172.0,173.5,171.0,173.0,10000,0.0,0.0
2025-07-01 04:00:00+00:00,173.5,175.0,173.5,175.0,6148,0.0,0.0
2025-07-01 04:05:00+00:00,175.0,176.0,175.0,175.0,5000,0.0,0.0
2025-07-01 04:10:00+00:00,175.0,175.0,174.5,175.0,4000,0.0,0.0
2025-07-01 04:20:00+00:00,174.5,174.5,174.5,174.5,1000,0.0,0.0
2025-07-01 04:30:00+00:00,174.5,174.5,174.5,174.5,1152,0.0,0.0
2025-07-01 05:00:00+00:00,174.5,175.0,174.0,174.0,10046,0.0,0.0
2025-07-01 05:10:00+00:00,174.0,174.0,174.0,174.0,1230,0.0,0.0
2025-07-01 05:15:00+00:00,174.0,174.0,174.0,174.0,2010,0.0,0.0
2025-07-01 05:20:00+00:00,173.5,173.5,173.5,173.5,1142,0.0,0.0
2025-05-05 01:00:00+00:00,146.5,146.5,146.5,146.5,0,0.0,0.0
2025-05-05 01:10:00+00:00,145.0,145.0,145.0,145.0,1000,0.0,0.0
2025-05-05 01:20:00+00:00,144.0,144.0,144.0,144.0,1060,0.0,0.0
2025-05-05 01:35:00+00:00,143.5,143.5,142.5,142.5,5000,0.0,0.0
2025-05-05 01:45:00+00:00,140.0,140.0,140.0,140.0,2000,0.0,0.0
2025-05-05 01:50:00+00:00,140.0,140.0,140.0,140.0,1000,0.0,0.0
2025-05-05 01:55:00+00:00,139.0,139.0,139.0,139.0,1050,0.0,0.0
2025-05-05 02:10:00+00:00,138.0,138.0,138.0,138.0,2000,0.0,0.0
2025-05-05 02:15:00+00:00,139.5,139.5,139.5,139.5,7000,0.0,0.0
2025-05-05 02:20:00+00:00,139.5,140.0,139.5,140.0,8211,0.0,0.0
2025-05-05 02:55:00+00:00,139.0,139.0,139.0,139.0,1000,0.0,0.0
2025-05-05 03:35:00+00:00,139.5,139.5,139.5,139.5,1000,0.0,0.0
2025-05-05 04:10:00+00:00,141.0,141.0,141.0,141.0,1000,0.0,0.0
2025-05-05 04:35:00+00:00,142.5,142.5,142.5,142.5,1200,0.0,0.0
2025-05-05 05:05:00+00:00,142.0,142.0,142.0,142.0,3000,0.0,0.0
2025-05-05 05:15:00+00:00,142.0,142.0,142.0,142.0,5000,0.0,0.0
2025-05-05 05:20:00+00:00,142.0,143.5,142.0,143.5,4000,0.0,0.0
2025-05-06 01:00:00+00:00,143.5,143.5,143.5,143.5,0,0.0,0.0
2025-05-06 01:40:00+00:00,144.0,144.5,144.0,144.5,2000,0.0,0.0
2025-05-06 01:50:00+00:00,143.0,143.0,143.0,143.0,1100,0.0,0.0
2025-05-06 02:15:00+00:00,144.5,144.5,144.5,144.5,1068,0.0,0.0
2025-05-06 03:20:00+00:00,144.5,145.0,144.5,145.0,13053,0.0,0.0
2025-05-06 03:25:00+00:00,145.5,146.5,145.5,146.5,3000,0.0,0.0
2025-05-06 03:40:00+00:00,145.5,145.5,145.5,145.5,1050,0.0,0.0
2025-05-06 04:20:00+00:00,144.0,144.0,144.0,144.0,1100,0.0,0.0
2025-05-06 05:15:00+00:00,145.0,145.5,145.0,145.5,3000,0.0,0.0
2025-05-06 05:20:00+00:00,145.5,145.5,145.5,145.5,1000,0.0,0.0
2025-05-07 01:05:00+00:00,145.5,147.0,145.5,147.0,3027,0.0,0.0
2025-05-07 02:20:00+00:00,145.5,145.5,145.0,145.0,2007,0.0,0.0
2025-05-07 03:05:00+00:00,145.0,145.0,145.0,145.0,1000,0.0,0.0
2025-05-07 03:30:00+00:00,144.5,144.5,144.5,144.5,1000,0.0,0.0
2025-05-07 03:35:00+00:00,145.0,145.0,145.0,145.0,4010,0.0,0.0
2025-05-07 05:00:00+00:00,144.0,144.0,144.0,144.0,1000,0.0,0.0
2025-05-07 05:20:00+00:00,144.0,144.0,144.0,144.0,2000,0.0,0.0
2025-05-08 01:00:00+00:00,146.0,147.0,146.0,147.0,0,0.0,0.0
2025-05-08 02:20:00+00:00,147.5,147.5,147.5,147.5,0,0.0,0.0
2025-05-08 02:45:00+00:00,146.0,146.0,146.0,146.0,8100,0.0,0.0
2025-05-08 02:55:00+00:00,145.0,145.0,145.0,145.0,1001,0.0,0.0
2025-05-08 03:00:00+00:00,145.5,145.5,145.0,145.0,2000,0.0,0.0
2025-05-08 03:05:00+00:00,145.5,145.5,145.5,145.5,1130,0.0,0.0
2025-05-08 03:20:00+00:00,146.0,146.0,146.0,146.0,1125,0.0,0.0
2025-05-08 04:15:00+00:00,146.0,146.0,146.0,146.0,1007,0.0,0.0
2025-05-08 04:55:00+00:00,146.0,146.0,145.5,145.5,5000,0.0,0.0
2025-05-08 05:00:00+00:00,146.5,146.5,146.5,146.5,6000,0.0,0.0
2025-05-08 05:05:00+00:00,147.0,147.5,147.0,147.5,3000,0.0,0.0
2025-05-08 05:20:00+00:00,147.5,147.5,146.0,146.0,3000,0.0,0.0
2025-05-09 01:00:00+00:00,146.5,149.0,146.5,149.0,0,0.0,0.0
2025-05-09 01:15:00+00:00,148.0,148.0,148.0,148.0,3000,0.0,0.0
2025-05-09 01:20:00+00:00,148.5,149.5,148.5,149.5,16100,0.0,0.0
2025-05-09 01:25:00+00:00,150.0,150.0,150.0,150.0,5000,0.0,0.0
2025-05-09 01:30:00+00:00,151.5,151.5,150.0,150.0,3350,0.0,0.0
2025-05-09 01:35:00+00:00,151.5,152.0,151.5,152.0,2000,0.0,0.0
2025-05-09 01:40:00+00:00,152.0,153.5,152.0,153.5,8220,0.0,0.0
2025-05-09 01:45:00+00:00,153.5,153.5,153.5,153.5,1108,0.0,0.0
2025-05-09 01:55:00+00:00,153.5,153.5,153.5,153.5,1050,0.0,0.0
2025-05-09 02:20:00+00:00,151.0,151.0,150.0,150.0,6218,0.0,0.0
2025-05-09 04:45:00+00:00,149.0,149.0,149.0,149.0,1089,0.0,0.0
2025-05-09 04:50:00+00:00,149.0,149.0,149.0,149.0,4000,0.0,0.0
2025-05-09 05:10:00+00:00,149.0,149.0,149.0,149.0,2000,0.0,0.0
2025-05-09 05:20:00+00:00,151.0,151.0,151.0,151.0,1000,0.0,0.0
2025-05-12 01:05:00+00:00,156.0,156.0,156.0,156.0,0,0.0,0.0
2025-05-12 01:30:00+00:00,154.5,155.5,154.5,155.5,4000,0.0,0.0
2025-05-12 01:50:00+00:00,154.5,154.5,154.5,154.5,1080,0.0,0.0
2025-05-12 02:25:00+00:00,152.0,152.0,152.0,152.0,2069,0.0,0.0
2025-05-12 03:10:00+00:00,152.0,153.5,152.0,153.5,3000,0.0,0.0
2025-05-12 03:30:00+00:00,153.5,153.5,153.5,153.5,2000,0.0,0.0
2025-05-12 04:05:00+00:00,153.5,154.0,153.5,154.0,2314,0.0,0.0
2025-05-13 01:00:00+00:00,154.0,156.5,154.0,156.5,0,0.0,0.0
2025-05-13 01:10:00+00:00,154.0,154.0,154.0,154.0,1000,0.0,0.0
2025-05-13 01:20:00+00:00,152.5,152.5,152.5,152.5,2190,0.0,0.0
2025-05-13 01:50:00+00:00,152.0,152.0,152.0,152.0,2001,0.0,0.0
2025-05-13 02:00:00+00:00,152.0,152.0,152.0,152.0,1000,0.0,0.0
2025-05-13 02:05:00+00:00,152.0,152.0,152.0,152.0,1000,0.0,0.0
2025-05-13 02:30:00+00:00,152.0,153.0,151.5,151.5,5070,0.0,0.0
2025-05-13 02:35:00+00:00,151.5,151.5,150.5,150.5,5142,0.0,0.0
2025-05-13 02:40:00+00:00,151.0,151.0,151.0,151.0,3000,0.0,0.0
2025-05-13 02:55:00+00:00,151.0,151.0,151.0,151.0,2000,0.0,0.0
2025-05-13 03:00:00+00:00,150.5,150.5,150.5,150.5,2123,0.0,0.0
2025-05-13 03:10:00+00:00,150.0,150.0,150.0,150.0,3017,0.0,0.0
2025-05-13 03:35:00+00:00,150.5,150.5,150.5,150.5,1000,0.0,0.0
2025-05-13 03:40:00+00:00,150.5,150.5,150.5,150.5,1000,0.0,0.0
2025-05-13 03:45:00+00:00,151.0,151.0,151.0,151.0,2743,0.0,0.0
2025-05-13 04:00:00+00:00,150.5,150.5,150.5,150.5,1000,0.0,0.0
2025-05-13 04:40:00+00:00,150.0,150.0,149.5,149.5,3036,0.0,0.0
2025-05-13 04:50:00+00:00,149.0,149.0,149.0,149.0,1000,0.0,0.0
2025-05-13 05:00:00+00:00,149.0,149.0,149.0,149.0,1000,0.0,0.0
2025-05-13 05:05:00+00:00,149.0,149.0,149.0,149.0,1000,0.0,0.0
2025-05-13 05:20:00+00:00,149.5,152.5,149.5,152.5,9104,0.0,0.0
2025-05-14 01:00:00+00:00,147.5,148.0,147.5,148.0,0,0.0,0.0
2025-05-14 01:05:00+00:00,150.0,151.5,150.0,151.5,2000,0.0,0.0
2025-05-14 01:10:00+00:00,149.0,149.0,149.0,149.0,1000,0.0,0.0
2025-05-14 01:15:00+00:00,150.0,151.0,150.0,151.0,2000,0.0,0.0
2025-05-14 01:25:00+00:00,150.0,150.0,149.0,149.0,3000,0.0,0.0
2025-05-14 01:45:00+00:00,149.0,149.0,149.0,149.0,1000,0.0,0.0
2025-05-14 01:50:00+00:00,148.5,150.5,148.5,150.5,3093,0.0,0.0
2025-05-14 02:10:00+00:00,148.5,148.5,148.5,148.5,2000,0.0,0.0
2025-05-14 02:15:00+00:00,148.0,148.0,147.0,148.0,19000,0.0,0.0
2025-05-14 02:20:00+00:00,148.0,148.0,148.0,148.0,4000,0.0,0.0
2025-05-14 02:35:00+00:00,148.5,148.5,148.5,148.5,2140,0.0,0.0
2025-05-14 02:50:00+00:00,149.0,149.0,149.0,149.0,1000,0.0,0.0
2025-05-14 02:55:00+00:00,149.0,149.0,149.0,149.0,1000,0.0,0.0
2025-05-14 03:05:00+00:00,149.5,149.5,149.5,149.5,1000,0.0,0.0
2025-05-14 03:40:00+00:00,149.5,149.5,149.5,149.5,2000,0.0,0.0
2025-05-14 03:45:00+00:00,149.5,149.5,149.5,149.5,2000,0.0,0.0
2025-05-14 04:10:00+00:00,149.5,149.5,149.5,149.5,2404,0.0,0.0
2025-05-14 04:25:00+00:00,149.5,149.5,149.5,149.5,2006,0.0,0.0
2025-05-14 04:30:00+00:00,149.5,149.5,149.5,149.5,1018,0.0,0.0
2025-05-14 04:40:00+00:00,150.0,150.0,150.0,150.0,3018,0.0,0.0
2025-05-14 04:50:00+00:00,150.0,150.0,150.0,150.0,1006,0.0,0.0
2025-05-14 04:55:00+00:00,150.5,150.5,150.5,150.5,1011,0.0,0.0
2025-05-14 05:00:00+00:00,150.5,151.0,150.5,151.0,10285,0.0,0.0
2025-05-14 05:10:00+00:00,151.5,151.5,151.5,151.5,3061,0.0,0.0
2025-05-15 01:00:00+00:00,150.5,150.5,150.0,150.0,0,0.0,0.0
2025-05-15 01:10:00+00:00,152.0,152.5,150.0,150.0,3010,0.0,0.0
2025-05-15 01:15:00+00:00,149.5,149.5,149.0,149.0,4000,0.0,0.0
2025-05-15 01:20:00+00:00,149.0,149.0,149.0,149.0,2000,0.0,0.0
2025-05-15 01:35:00+00:00,149.0,149.0,148.5,148.5,3000,0.0,0.0
2025-05-15 01:40:00+00:00,148.5,148.5,148.5,148.5,1068,0.0,0.0
2025-05-15 01:55:00+00:00,148.5,148.5,148.0,148.0,6047,0.0,0.0
2025-05-15 02:10:00+00:00,149.5,149.5,149.5,149.5,1093,0.0,0.0
2025-05-15 03:05:00+00:00,149.5,149.5,149.5,149.5,2000,0.0,0.0
2025-05-15 03:10:00+00:00,149.5,149.5,149.5,149.5,1000,0.0,0.0
2025-05-15 04:15:00+00:00,149.5,149.5,149.5,149.5,1000,0.0,0.0
2025-05-15 04:30:00+00:00,150.0,150.0,150.0,150.0,1000,0.0,0.0
2025-05-15 04:35:00+00:00,150.0,150.5,150.0,150.5,3058,0.0,0.0
2025-05-15 04:50:00+00:00,150.0,150.0,150.0,150.0,3020,0.0,0.0
2025-05-15 05:10:00+00:00,149.5,149.5,149.0,149.0,7000,0.0,0.0
2025-05-15 05:15:00+00:00,149.0,149.0,149.0,149.0,4000,0.0,0.0
2025-05-15 05:20:00+00:00,149.0,149.0,148.5,148.5,3000,0.0,0.0
2025-05-16 01:00:00+00:00,148.0,148.0,147.0,147.0,0,0.0,0.0
2025-05-16 01:05:00+00:00,147.0,147.0,146.5,146.5,7016,0.0,0.0
2025-05-16 01:10:00+00:00,148.0,148.5,147.5,147.5,3000,0.0,0.0
2025-05-16 01:15:00+00:00,147.5,148.0,147.5,148.0,3000,0.0,0.0
2025-05-16 01:20:00+00:00,147.5,147.5,147.5,147.5,1000,0.0,0.0
2025-05-16 01:25:00+00:00,147.5,147.5,147.5,147.5,1000,0.0,0.0
2025-05-16 01:30:00+00:00,147.5,147.5,147.5,147.5,2000,0.0,0.0
2025-05-16 01:35:00+00:00,147.0,147.0,147.0,147.0,1424,0.0,0.0
2025-05-16 01:40:00+00:00,147.0,148.0,147.0,148.0,7000,0.0,0.0
2025-05-16 01:45:00+00:00,147.5,147.5,147.5,147.5,2000,0.0,0.0
2025-05-16 01:50:00+00:00,147.5,147.5,147.5,147.5,1000,0.0,0.0
2025-05-16 01:55:00+00:00,147.5,147.5,147.5,147.5,1000,0.0,0.0
2025-05-16 02:00:00+00:00,148.5,148.5,148.0,148.0,3000,0.0,0.0
2025-05-16 02:05:00+00:00,148.5,148.5,148.5,148.5,7000,0.0,0.0
2025-05-16 02:10:00+00:00,148.5,148.5,148.0,148.0,2000,0.0,0.0
2025-05-16 02:15:00+00:00,148.0,148.0,148.0,148.0,1000,0.0,0.0
2025-05-16 02:20:00+00:00,148.0,148.0,148.0,148.0,1000,0.0,0.0
2025-05-16 02:25:00+00:00,148.0,148.0,148.0,148.0,1000,0.0,0.0
2025-05-16 02:30:00+00:00,148.0,148.0,148.0,148.0,2000,0.0,0.0
2025-05-16 02:35:00+00:00,147.5,147.5,147.5,147.5,2000,0.0,0.0
2025-05-16 02:40:00+00:00,148.0,148.5,148.0,148.5,6000,0.0,0.0
2025-05-16 02:45:00+00:00,148.0,148.5,148.0,148.5,2000,0.0,0.0
2025-05-16 02:50:00+00:00,148.0,148.5,148.0,148.5,2000,0.0,0.0
2025-05-16 02:55:00+00:00,149.0,149.5,148.5,149.5,4089,0.0,0.0
2025-05-16 03:00:00+00:00,149.0,149.5,149.0,149.5,3238,0.0,0.0
2025-05-16 03:05:00+00:00,149.5,150.0,149.0,150.0,5000,0.0,0.0
2025-05-16 03:10:00+00:00,149.5,149.5,149.5,149.5,1000,0.0,0.0
2025-05-16 03:15:00+00:00,149.0,150.0,149.0,150.0,5000,0.0,0.0
2025-05-16 03:20:00+00:00,149.5,149.5,149.5,149.5,2000,0.0,0.0
2025-05-16 03:25:00+00:00,149.5,150.0,149.5,150.0,2000,0.0,0.0
2025-05-16 03:30:00+00:00,149.5,149.5,149.5,149.5,1000,0.0,0.0
2025-05-16 03:35:00+00:00,149.5,150.0,149.5,150.0,2000,0.0,0.0
2025-05-16 03:40:00+00:00,149.5,150.0,149.5,150.0,2000,0.0,0.0
2025-05-16 03:45:00+00:00,149.5,149.5,149.5,149.5,1000,0.0,0.0
2025-05-16 03:50:00+00:00,149.0,149.0,149.0,149.0,1000,0.0,0.0
2025-05-16 03:55:00+00:00,149.5,150.5,149.0,150.5,11000,0.0,0.0
2025-05-16 04:00:00+00:00,150.0,150.0,150.0,150.0,1000,0.0,0.0
2025-05-16 04:05:00+00:00,151.0,151.0,150.5,150.5,8179,0.0,0.0
2025-05-16 04:10:00+00:00,150.0,150.0,150.0,150.0,1001,0.0,0.0
2025-05-16 04:15:00+00:00,150.0,150.0,150.0,150.0,1000,0.0,0.0
2025-05-16 04:20:00+00:00,149.5,149.5,149.5,149.5,1000,0.0,0.0
2025-05-16 04:25:00+00:00,149.5,149.5,149.5,149.5,1000,0.0,0.0
2025-05-16 04:30:00+00:00,150.5,150.5,150.0,150.0,2000,0.0,0.0
2025-05-16 04:35:00+00:00,150.5,150.5,150.0,150.0,2000,0.0,0.0
2025-05-16 04:40:00+00:00,149.5,149.5,149.5,149.5,1000,0.0,0.0
2025-05-16 04:45:00+00:00,149.5,150.5,149.5,150.5,2100,0.0,0.0
2025-05-16 04:50:00+00:00,150.0,150.0,150.0,150.0,1000,0.0,0.0
2025-05-16 04:55:00+00:00,149.5,150.5,149.5,150.5,2099,0.0,0.0
2025-05-16 05:05:00+00:00,150.5,150.5,150.5,150.5,1200,0.0,0.0
2025-05-19 01:40:00+00:00,151.0,151.0,151.0,151.0,0,0.0,0.0
2025-05-19 01:50:00+00:00,149.5,149.5,149.5,149.5,1000,0.0,0.0
2025-05-19 02:35:00+00:00,149.0,149.0,149.0,149.0,1000,0.0,0.0
2025-05-19 04:25:00+00:00,150.5,151.0,150.5,151.0,2001,0.0,0.0
2025-05-19 05:00:00+00:00,150.5,150.5,150.5,150.5,1000,0.0,0.0
2025-05-19 05:20:00+00:00,150.5,150.5,150.5,150.5,1000,0.0,0.0
2025-05-20 01:10:00+00:00,150.5,151.5,150.5,151.5,2004,0.0,0.0
2025-05-20 01:15:00+00:00,151.0,151.0,151.0,151.0,1000,0.0,0.0
2025-05-20 01:20:00+00:00,151.0,151.0,151.0,151.0,1000,0.0,0.0
2025-05-20 01:35:00+00:00,151.0,151.0,151.0,151.0,1030,0.0,0.0
2025-05-20 02:20:00+00:00,150.0,150.0,150.0,150.0,1329,0.0,0.0
2025-05-20 04:15:00+00:00,150.0,150.0,150.0,150.0,1000,0.0,0.0
2025-05-20 04:55:00+00:00,150.0,150.0,150.0,150.0,2000,0.0,0.0
2025-05-20 05:20:00+00:00,150.5,150.5,150.5,150.5,2000,0.0,0.0
2025-05-21 01:10:00+00:00,150.0,150.0,150.0,150.0,1000,0.0,0.0
2025-05-21 02:05:00+00:00,150.0,150.0,150.0,150.0,1000,0.0,0.0
2025-05-21 02:10:00+00:00,150.5,150.5,150.5,150.5,1040,0.0,0.0
2025-05-21 04:30:00+00:00,150.5,150.5,150.5,150.5,2150,0.0,0.0
2025-05-21 04:40:00+00:00,151.0,151.0,151.0,151.0,1000,0.0,0.0
2025-05-21 05:00:00+00:00,151.0,151.0,149.0,149.0,4177,0.0,0.0
2025-05-21 05:20:00+00:00,149.5,149.5,149.5,149.5,1025,0.0,0.0
2025-05-22 01:00:00+00:00,147.5,147.5,147.5,147.5,0,0.0,0.0
2025-05-22 01:05:00+00:00,148.5,148.5,148.5,148.5,2400,0.0,0.0
2025-05-22 01:20:00+00:00,148.5,149.5,148.5,149.5,1000,0.0,0.0
2025-05-22 01:25:00+00:00,149.5,149.5,149.5,149.5,2000,0.0,0.0
2025-05-22 01:35:00+00:00,150.0,150.0,150.0,150.0,1000,0.0,0.0
2025-05-22 01:55:00+00:00,150.0,150.5,150.0,150.5,5000,0.0,0.0
2025-05-22 02:00:00+00:00,150.5,151.0,150.5,151.0,5050,0.0,0.0
2025-05-22 02:15:00+00:00,151.0,152.0,151.0,152.0,6010,0.0,0.0
2025-05-22 02:45:00+00:00,152.0,156.0,152.0,156.0,15100,0.0,0.0
2025-05-22 02:50:00+00:00,156.0,156.0,156.0,156.0,1019,0.0,0.0
2025-05-22 03:05:00+00:00,154.0,155.5,154.0,155.5,3050,0.0,0.0
2025-05-22 03:25:00+00:00,154.5,154.5,153.5,153.5,2000,0.0,0.0
2025-05-22 03:30:00+00:00,153.0,153.0,153.0,153.0,1000,0.0,0.0
2025-05-22 03:45:00+00:00,154.5,155.5,154.5,155.5,4105,0.0,0.0
2025-05-22 04:10:00+00:00,155.0,155.0,155.0,155.0,1008,0.0,0.0
2025-05-22 04:25:00+00:00,155.0,155.0,155.0,155.0,2000,0.0,0.0
2025-05-22 04:40:00+00:00,155.5,155.5,155.5,155.5,2062,0.0,0.0
2025-05-22 04:45:00+00:00,155.5,155.5,155.5,155.5,2149,0.0,0.0
2025-05-22 05:05:00+00:00,155.5,155.5,155.5,155.5,3125,0.0,0.0
2025-05-22 05:20:00+00:00,155.5,155.5,153.5,153.5,4100,0.0,0.0
2025-05-23 01:00:00+00:00,155.0,156.0,154.5,156.0,0,0.0,0.0
2025-05-23 01:05:00+00:00,157.0,158.5,157.0,158.5,6113,0.0,0.0
2025-05-23 01:10:00+00:00,158.5,161.5,158.5,161.0,19170,0.0,0.0
2025-05-23 01:15:00+00:00,160.0,160.0,158.5,158.5,5020,0.0,0.0
2025-05-23 01:20:00+00:00,158.5,158.5,158.5,158.5,1000,0.0,0.0
2025-05-23 01:35:00+00:00,159.5,159.5,159.5,159.5,1050,0.0,0.0
2025-05-23 01:40:00+00:00,159.0,159.0,159.0,159.0,1005,0.0,0.0
2025-05-23 01:55:00+00:00,158.5,158.5,158.0,158.0,2005,0.0,0.0
2025-05-23 02:00:00+00:00,157.5,157.5,157.5,157.5,2000,0.0,0.0
2025-05-23 02:05:00+00:00,157.5,157.5,157.5,157.5,1000,0.0,0.0
2025-05-23 02:10:00+00:00,157.0,157.5,157.0,157.0,6050,0.0,0.0
2025-05-23 02:15:00+00:00,158.0,158.5,158.0,158.5,2016,0.0,0.0
2025-05-23 02:20:00+00:00,157.0,157.0,156.5,156.5,2000,0.0,0.0
2025-05-23 02:30:00+00:00,156.5,156.5,156.5,156.5,1000,0.0,0.0
2025-05-23 02:40:00+00:00,157.0,157.0,157.0,157.0,2000,0.0,0.0
2025-05-23 02:45:00+00:00,157.5,158.5,157.5,158.5,2000,0.0,0.0
2025-05-23 02:50:00+00:00,158.0,158.0,158.0,158.0,1050,0.0,0.0
2025-05-23 04:00:00+00:00,158.0,158.0,158.0,158.0,1000,0.0,0.0
2025-05-23 04:05:00+00:00,157.0,157.0,156.5,156.5,4146,0.0,0.0
2025-05-23 04:40:00+00:00,154.0,154.0,154.0,154.0,6133,0.0,0.0
2025-05-23 04:45:00+00:00,153.5,154.0,153.5,154.0,7000,0.0,0.0
2025-05-23 04:50:00+00:00,156.0,156.0,156.0,156.0,1000,0.0,0.0
2025-05-23 05:05:00+00:00,155.5,155.5,155.5,155.5,2000,0.0,0.0
2025-05-23 05:20:00+00:00,154.0,155.5,154.0,155.5,3000,0.0,0.0
2025-05-26 01:00:00+00:00,153.5,156.0,153.5,155.0,0,0.0,0.0
2025-05-26 01:10:00+00:00,156.0,156.5,156.0,156.5,3003,0.0,0.0
2025-05-26 01:35:00+00:00,154.5,154.5,154.5,154.5,1000,0.0,0.0
2025-05-26 01:40:00+00:00,153.5,153.5,153.5,153.5,1000,0.0,0.0
2025-05-26 01:45:00+00:00,153.5,153.5,153.5,153.5,1178,0.0,0.0
2025-05-26 02:00:00+00:00,153.5,153.5,153.5,153.5,1000,0.0,0.0
2025-05-26 02:25:00+00:00,154.5,154.5,154.5,154.5,1000,0.0,0.0
2025-05-26 02:55:00+00:00,154.5,154.5,154.5,154.5,1000,0.0,0.0
2025-05-26 03:05:00+00:00,155.0,155.0,155.0,155.0,1000,0.0,0.0
2025-05-26 03:10:00+00:00,155.0,155.5,155.0,155.5,2076,0.0,0.0
2025-05-26 04:20:00+00:00,154.0,154.0,154.0,154.0,2000,0.0,0.0
2025-05-26 04:35:00+00:00,154.0,154.0,154.0,154.0,1500,0.0,0.0
2025-05-26 05:20:00+00:00,154.0,155.5,154.0,155.5,5000,0.0,0.0
2025-05-27 01:05:00+00:00,155.5,156.0,155.5,156.0,0,0.0,0.0
2025-05-27 01:45:00+00:00,153.5,153.5,153.5,153.5,1000,0.0,0.0
2025-05-27 01:50:00+00:00,153.5,153.5,153.5,153.5,1000,0.0,0.0
2025-05-27 02:20:00+00:00,153.5,153.5,153.5,153.5,1000,0.0,0.0
2025-05-27 02:30:00+00:00,153.0,153.0,153.0,153.0,1000,0.0,0.0
2025-05-27 02:40:00+00:00,152.5,152.5,152.5,152.5,1000,0.0,0.0
2025-05-27 02:45:00+00:00,152.0,152.0,152.0,152.0,1000,0.0,0.0
2025-05-27 03:15:00+00:00,152.5,152.5,152.5,152.5,1020,0.0,0.0
2025-05-27 03:30:00+00:00,152.0,152.0,152.0,152.0,4183,0.0,0.0
2025-05-27 04:15:00+00:00,151.0,151.0,151.0,151.0,2165,0.0,0.0
2025-05-27 04:30:00+00:00,150.5,150.5,150.5,150.5,1000,0.0,0.0
2025-05-27 04:40:00+00:00,149.5,149.5,149.5,149.5,3009,0.0,0.0
2025-05-27 04:55:00+00:00,151.0,151.0,150.0,150.0,8000,0.0,0.0
2025-05-27 05:10:00+00:00,150.0,150.0,150.0,150.0,1220,0.0,0.0
2025-05-27 05:15:00+00:00,150.5,150.5,150.5,150.5,2640,0.0,0.0
2025-05-28 01:00:00+00:00,154.0,154.5,154.0,154.5,0,0.0,0.0
2025-05-28 01:20:00+00:00,152.0,152.0,152.0,152.0,1000,0.0,0.0
2025-05-28 01:25:00+00:00,151.0,151.0,151.0,151.0,1000,0.0,0.0
2025-05-28 01:30:00+00:00,152.5,153.0,152.5,153.0,2155,0.0,0.0
2025-05-28 02:10:00+00:00,151.0,151.0,150.5,150.5,2144,0.0,0.0
2025-05-28 03:15:00+00:00,151.5,151.5,151.5,151.5,1006,0.0,0.0
2025-05-28 03:20:00+00:00,152.5,153.0,152.5,153.0,2026,0.0,0.0
2025-05-28 04:35:00+00:00,151.0,151.0,150.5,150.5,3000,0.0,0.0
2025-05-28 05:00:00+00:00,150.5,150.5,150.5,150.5,2000,0.0,0.0
2025-05-29 01:00:00+00:00,152.0,152.0,152.0,152.0,0,0.0,0.0
2025-05-29 01:15:00+00:00,150.0,150.0,149.5,149.5,2000,0.0,0.0
2025-05-29 01:30:00+00:00,148.5,148.5,148.5,148.5,3000,0.0,0.0
2025-05-29 01:35:00+00:00,148.5,148.5,148.5,148.5,1110,0.0,0.0
2025-05-29 01:50:00+00:00,148.5,148.5,148.5,148.5,3000,0.0,0.0
2025-05-29 01:55:00+00:00,149.0,149.0,149.0,149.0,1016,0.0,0.0
2025-05-29 02:00:00+00:00,148.5,148.5,148.5,148.5,1000,0.0,0.0
2025-05-29 02:40:00+00:00,148.5,148.5,148.5,148.5,1462,0.0,0.0
2025-05-29 03:25:00+00:00,149.0,149.0,149.0,149.0,1000,0.0,0.0
2025-05-29 03:35:00+00:00,150.0,150.0,150.0,150.0,4010,0.0,0.0
2025-05-29 04:05:00+00:00,150.0,150.0,150.0,150.0,2020,0.0,0.0
2025-05-29 05:00:00+00:00,150.0,150.0,150.0,150.0,5140,0.0,0.0
2025-05-29 05:15:00+00:00,151.0,151.0,151.0,151.0,1000,0.0,0.0
2025-06-02 01:15:00+00:00,152.0,152.5,152.0,152.5,0,0.0,0.0
2025-06-02 01:35:00+00:00,152.0,152.0,152.0,152.0,1000,0.0,0.0
2025-06-02 01:40:00+00:00,152.0,152.0,152.0,152.0,1000,0.0,0.0
2025-06-02 01:50:00+00:00,151.0,151.0,151.0,151.0,1000,0.0,0.0
2025-06-02 01:55:00+00:00,150.5,150.5,150.5,150.5,2000,0.0,0.0
2025-06-02 02:05:00+00:00,151.5,151.5,151.5,151.5,1000,0.0,0.0
2025-06-02 02:10:00+00:00,151.0,151.0,151.0,151.0,1000,0.0,0.0
2025-06-02 03:30:00+00:00,150.0,150.0,150.0,150.0,1000,0.0,0.0
2025-06-02 04:00:00+00:00,150.0,150.0,150.0,150.0,1010,0.0,0.0
2025-06-02 05:20:00+00:00,150.0,150.0,150.0,150.0,3000,0.0,0.0
2025-06-03 01:00:00+00:00,150.0,151.5,149.5,149.5,0,0.0,0.0
2025-06-03 01:25:00+00:00,151.5,153.5,151.5,153.5,6061,0.0,0.0
2025-06-03 01:30:00+00:00,153.0,153.0,153.0,153.0,3170,0.0,0.0
2025-06-03 02:40:00+00:00,150.5,150.5,150.5,150.5,1094,0.0,0.0
2025-06-03 04:40:00+00:00,150.0,150.0,150.0,150.0,3050,0.0,0.0
2025-06-03 05:20:00+00:00,150.0,150.0,149.5,149.5,6000,0.0,0.0
2025-06-04 01:00:00+00:00,152.5,152.5,152.5,152.5,0,0.0,0.0
2025-06-04 01:30:00+00:00,151.0,151.0,151.0,151.0,1000,0.0,0.0
2025-06-04 01:40:00+00:00,152.0,152.0,152.0,152.0,1000,0.0,0.0
2025-06-04 01:45:00+00:00,152.0,152.5,152.0,152.5,6100,0.0,0.0
2025-06-04 02:10:00+00:00,152.0,152.0,152.0,152.0,2000,0.0,0.0
2025-06-04 04:10:00+00:00,151.0,151.0,150.5,150.5,4023,0.0,0.0
2025-06-04 05:20:00+00:00,150.5,151.5,150.5,151.5,2000,0.0,0.0
2025-06-05 01:00:00+00:00,150.0,150.0,150.0,150.0,0,0.0,0.0
2025-06-05 01:05:00+00:00,150.0,150.0,150.0,150.0,3000,0.0,0.0
2025-06-05 01:10:00+00:00,153.0,153.0,153.0,153.0,1010,0.0,0.0
2025-06-05 01:25:00+00:00,150.0,150.0,150.0,150.0,1000,0.0,0.0
2025-06-05 01:50:00+00:00,151.5,151.5,151.5,151.5,3000,0.0,0.0
2025-06-05 02:15:00+00:00,151.5,151.5,151.5,151.5,1000,0.0,0.0
2025-06-05 03:40:00+00:00,152.0,152.0,152.0,152.0,4000,0.0,0.0
2025-06-05 03:45:00+00:00,152.0,153.5,152.0,153.5,21095,0.0,0.0
2025-06-05 04:25:00+00:00,153.5,153.5,153.5,153.5,1011,0.0,0.0
2025-06-05 05:10:00+00:00,152.5,152.5,152.0,152.0,13000,0.0,0.0
2025-06-05 05:20:00+00:00,151.5,152.5,151.0,152.5,7385,0.0,0.0
2025-06-06 01:00:00+00:00,151.5,153.0,151.5,151.5,0,0.0,0.0
2025-06-06 01:05:00+00:00,151.0,151.0,151.0,151.0,2000,0.0,0.0
2025-06-06 01:15:00+00:00,151.0,153.0,151.0,151.5,4000,0.0,0.0
2025-06-06 01:25:00+00:00,151.5,151.5,151.5,151.5,1100,0.0,0.0
2025-06-06 02:15:00+00:00,152.5,152.5,152.5,152.5,2202,0.0,0.0
2025-06-06 05:20:00+00:00,152.0,152.0,152.0,152.0,2000,0.0,0.0
2025-06-09 01:00:00+00:00,153.0,153.0,153.0,153.0,0,0.0,0.0
2025-06-09 01:20:00+00:00,151.5,151.5,151.5,151.5,2000,0.0,0.0
2025-06-09 02:35:00+00:00,152.5,152.5,152.5,152.5,1000,0.0,0.0
2025-06-09 02:40:00+00:00,152.5,153.0,152.5,153.0,2000,0.0,0.0
2025-06-09 02:45:00+00:00,153.0,153.0,153.0,153.0,2000,0.0,0.0
2025-06-09 03:00:00+00:00,152.0,152.0,152.0,152.0,2000,0.0,0.0
2025-06-09 04:25:00+00:00,153.0,153.5,153.0,153.5,9000,0.0,0.0
2025-06-09 04:40:00+00:00,153.5,153.5,153.5,153.5,2022,0.0,0.0
2025-06-09 05:05:00+00:00,153.5,154.5,153.0,153.0,11000,0.0,0.0
2025-06-09 05:10:00+00:00,154.5,154.5,154.5,154.5,2078,0.0,0.0
2025-06-09 05:20:00+00:00,155.0,155.0,155.0,155.0,3337,0.0,0.0
2025-06-10 01:05:00+00:00,153.0,153.0,153.0,153.0,0,0.0,0.0
2025-06-10 01:30:00+00:00,153.0,153.0,153.0,153.0,1012,0.0,0.0
2025-06-10 01:55:00+00:00,153.0,153.0,153.0,153.0,2082,0.0,0.0
2025-06-10 02:20:00+00:00,153.0,153.0,153.0,153.0,1000,0.0,0.0
2025-06-10 02:40:00+00:00,154.0,154.0,154.0,154.0,1000,0.0,0.0
2025-06-10 02:55:00+00:00,153.5,153.5,153.5,153.5,1000,0.0,0.0
2025-06-10 03:20:00+00:00,153.0,153.0,153.0,153.0,2000,0.0,0.0
2025-06-10 03:50:00+00:00,153.5,153.5,153.5,153.5,1130,0.0,0.0
2025-06-10 04:30:00+00:00,153.0,153.0,152.5,152.5,7030,0.0,0.0
2025-06-11 01:00:00+00:00,156.0,156.0,155.0,155.5,0,0.0,0.0
2025-06-11 02:30:00+00:00,152.0,152.0,152.0,152.0,2000,0.0,0.0
2025-06-11 03:45:00+00:00,152.0,152.0,152.0,152.0,2000,0.0,0.0
2025-06-11 04:00:00+00:00,152.0,152.0,152.0,152.0,1000,0.0,0.0
2025-06-12 01:00:00+00:00,152.5,152.5,152.5,152.5,1010,0.0,0.0
2025-06-12 03:50:00+00:00,151.0,151.0,151.0,151.0,4018,0.0,0.0
2025-06-12 03:55:00+00:00,150.5,150.5,150.5,150.5,1000,0.0,0.0
2025-06-12 04:05:00+00:00,150.5,150.5,150.5,150.5,2000,0.0,0.0
2025-06-12 05:05:00+00:00,150.5,150.5,150.0,150.0,17071,0.0,0.0
2025-06-12 05:10:00+00:00,149.5,149.5,149.5,149.5,2000,0.0,0.0
2025-06-12 05:15:00+00:00,149.0,149.0,149.0,149.0,5000,0.0,0.0
2025-06-12 05:20:00+00:00,149.5,149.5,149.0,149.0,6009,0.0,0.0
2025-06-13 01:00:00+00:00,147.5,147.5,147.0,147.0,0,0.0,0.0
2025-06-13 01:20:00+00:00,146.0,146.0,145.5,145.5,5000,0.0,0.0
2025-06-13 01:25:00+00:00,146.0,146.0,146.0,146.0,1000,0.0,0.0
2025-06-13 01:30:00+00:00,146.0,147.0,146.0,147.0,2100,0.0,0.0
2025-06-13 02:10:00+00:00,147.0,147.0,147.0,147.0,3000,0.0,0.0
2025-06-13 02:20:00+00:00,147.5,149.5,147.5,149.5,4000,0.0,0.0
2025-06-13 02:30:00+00:00,147.0,147.0,147.0,147.0,2000,0.0,0.0
2025-06-13 02:35:00+00:00,149.0,149.0,149.0,149.0,1000,0.0,0.0
2025-06-13 02:40:00+00:00,147.0,147.0,147.0,147.0,2003,0.0,0.0
2025-06-13 03:00:00+00:00,147.0,147.0,147.0,147.0,2000,0.0,0.0
2025-06-13 03:05:00+00:00,147.0,147.0,147.0,147.0,1000,0.0,0.0
2025-06-13 03:15:00+00:00,146.0,146.0,146.0,146.0,2000,0.0,0.0
2025-06-13 03:20:00+00:00,146.0,146.0,146.0,146.0,3165,0.0,0.0
2025-06-13 03:25:00+00:00,145.5,145.5,145.0,145.0,3609,0.0,0.0
2025-06-13 03:40:00+00:00,142.5,143.5,142.5,143.5,4000,0.0,0.0
2025-06-13 03:45:00+00:00,143.5,144.0,143.0,144.0,3000,0.0,0.0
2025-06-13 03:50:00+00:00,144.5,145.0,144.5,145.0,3100,0.0,0.0
2025-06-13 04:20:00+00:00,143.5,143.5,143.5,143.5,3000,0.0,0.0
2025-06-13 04:25:00+00:00,143.0,143.0,143.0,143.0,2000,0.0,0.0
2025-06-13 04:35:00+00:00,143.0,143.0,143.0,143.0,2000,0.0,0.0
2025-06-13 04:40:00+00:00,143.0,143.0,143.0,143.0,1000,0.0,0.0
2025-06-13 04:50:00+00:00,143.0,143.0,143.0,143.0,3000,0.0,0.0
2025-06-13 04:55:00+00:00,143.0,143.0,143.0,143.0,3000,0.0,0.0
2025-06-13 05:00:00+00:00,143.0,143.0,143.0,143.0,2010,0.0,0.0
2025-06-13 05:10:00+00:00,143.5,143.5,143.5,143.5,2000,0.0,0.0
2025-06-13 05:20:00+00:00,143.5,145.0,143.5,145.0,8005,0.0,0.0
2025-06-16 01:00:00+00:00,145.0,145.0,145.0,145.0,0,0.0,0.0
2025-06-16 01:10:00+00:00,144.0,146.5,144.0,146.5,3000,0.0,0.0
2025-06-16 01:30:00+00:00,145.0,146.0,144.5,146.0,3000,0.0,0.0
2025-06-16 01:50:00+00:00,146.0,146.0,144.5,144.5,2000,0.0,0.0
2025-06-16 02:00:00+00:00,145.5,145.5,145.5,145.5,2000,0.0,0.0
2025-06-16 02:20:00+00:00,144.5,144.5,143.5,143.5,8000,0.0,0.0
2025-06-16 02:25:00+00:00,143.5,143.5,143.5,143.5,3100,0.0,0.0
2025-06-16 02:30:00+00:00,143.5,143.5,143.5,143.5,1000,0.0,0.0
2025-06-16 02:40:00+00:00,143.5,143.5,143.0,143.0,5010,0.0,0.0
2025-06-16 02:45:00+00:00,143.0,143.0,142.5,142.5,3228,0.0,0.0
2025-06-16 03:00:00+00:00,143.0,143.0,143.0,143.0,3000,0.0,0.0
2025-06-16 03:05:00+00:00,142.5,142.5,142.5,142.5,1000,0.0,0.0
2025-06-16 03:10:00+00:00,142.5,142.5,142.5,142.5,1019,0.0,0.0
2025-06-16 03:30:00+00:00,142.0,142.0,142.0,142.0,1937,0.0,0.0
2025-06-16 04:05:00+00:00,142.5,142.5,141.5,141.5,7000,0.0,0.0
2025-06-16 04:35:00+00:00,142.0,142.0,142.0,142.0,2000,0.0,0.0
2025-06-16 04:40:00+00:00,141.5,141.5,141.5,141.5,1068,0.0,0.0
2025-06-16 05:00:00+00:00,141.5,141.5,141.0,141.0,2000,0.0,0.0
2025-06-16 05:05:00+00:00,141.0,141.0,141.0,141.0,4389,0.0,0.0
2025-06-16 05:10:00+00:00,141.0,141.0,141.0,141.0,1000,0.0,0.0
2025-06-16 05:15:00+00:00,141.0,141.0,141.0,141.0,2010,0.0,0.0
2025-06-16 05:20:00+00:00,141.0,141.0,141.0,141.0,3610,0.0,0.0
2025-06-17 01:00:00+00:00,145.0,145.5,145.0,145.5,0,0.0,0.0
2025-06-17 01:05:00+00:00,144.0,144.0,144.0,144.0,1034,0.0,0.0
2025-06-17 01:30:00+00:00,143.5,144.0,143.5,144.0,2000,0.0,0.0
2025-06-17 01:40:00+00:00,144.0,144.0,144.0,144.0,1000,0.0,0.0
2025-06-17 01:45:00+00:00,143.5,143.5,143.5,143.5,1000,0.0,0.0
2025-06-17 01:50:00+00:00,143.5,143.5,143.5,143.5,1000,0.0,0.0
2025-06-17 02:00:00+00:00,143.5,143.5,143.5,143.5,1000,0.0,0.0
2025-06-17 02:40:00+00:00,143.5,143.5,143.5,143.5,1000,0.0,0.0
2025-06-17 02:50:00+00:00,144.5,144.5,144.5,144.5,1000,0.0,0.0
2025-06-17 03:05:00+00:00,144.5,144.5,144.5,144.5,1000,0.0,0.0
2025-06-17 03:20:00+00:00,144.0,144.0,144.0,144.0,1000,0.0,0.0
2025-06-17 03:30:00+00:00,144.0,144.0,143.5,143.5,2130,0.0,0.0
2025-06-17 05:10:00+00:00,144.0,144.0,144.0,144.0,1000,0.0,0.0
2025-06-17 05:20:00+00:00,143.5,143.5,143.5,143.5,1000,0.0,0.0
2025-06-18 01:00:00+00:00,143.5,146.5,143.5,146.5,3276,0.0,0.0
2025-06-18 01:25:00+00:00,144.0,144.0,144.0,144.0,1000,0.0,0.0
2025-06-18 01:30:00+00:00,143.5,144.5,143.5,144.5,2000,0.0,0.0
2025-06-18 02:05:00+00:00,144.5,145.0,143.0,145.0,6000,0.0,0.0
2025-06-18 02:40:00+00:00,143.5,143.5,143.5,143.5,1050,0.0,0.0
2025-06-18 03:10:00+00:00,143.5,143.5,143.5,143.5,1000,0.0,0.0
2025-06-18 03:15:00+00:00,143.5,143.5,143.5,143.5,1000,0.0,0.0
2025-06-18 03:25:00+00:00,144.5,144.5,143.5,143.5,3000,0.0,0.0
2025-06-18 03:30:00+00:00,144.5,144.5,144.5,144.5,1000,0.0,0.0
2025-06-18 03:45:00+00:00,144.5,144.5,144.5,144.5,1005,0.0,0.0
2025-06-18 04:00:00+00:00,144.5,146.0,144.5,146.0,15000,0.0,0.0
2025-06-18 04:05:00+00:00,145.0,146.5,145.0,146.5,2045,0.0,0.0
2025-06-18 04:10:00+00:00,146.5,146.5,145.0,145.0,2000,0.0,0.0
2025-06-18 04:15:00+00:00,145.0,145.0,145.0,145.0,3101,0.0,0.0
2025-06-18 04:55:00+00:00,145.0,145.0,145.0,145.0,3019,0.0,0.0
2025-06-18 05:00:00+00:00,144.5,144.5,143.5,143.5,8110,0.0,0.0
2025-06-18 05:05:00+00:00,143.0,144.5,142.5,144.5,9130,0.0,0.0
2025-06-18 05:10:00+00:00,144.0,144.0,144.0,144.0,1000,0.0,0.0
2025-06-18 05:20:00+00:00,144.0,144.0,144.0,144.0,1000,0.0,0.0
2025-06-19 01:00:00+00:00,142.0,144.0,142.0,144.0,0,0.0,0.0
2025-06-19 01:05:00+00:00,142.0,143.0,142.0,143.0,2000,0.0,0.0
2025-06-19 01:15:00+00:00,143.5,143.5,143.5,143.5,1010,0.0,0.0
2025-06-19 01:25:00+00:00,143.5,143.5,143.5,143.5,5000,0.0,0.0
2025-06-19 01:35:00+00:00,142.5,142.5,142.0,142.0,2000,0.0,0.0
2025-06-19 01:40:00+00:00,142.0,142.0,142.0,142.0,1000,0.0,0.0
2025-06-19 01:45:00+00:00,142.0,142.0,142.0,142.0,1000,0.0,0.0
2025-06-19 02:05:00+00:00,143.0,143.0,141.5,143.0,3120,0.0,0.0
2025-06-19 02:55:00+00:00,142.0,142.0,142.0,142.0,1176,0.0,0.0
2025-06-19 03:55:00+00:00,142.0,142.0,142.0,142.0,1000,0.0,0.0
2025-06-19 04:10:00+00:00,142.5,142.5,141.5,141.5,4000,0.0,0.0
2025-06-19 04:30:00+00:00,141.5,141.5,141.5,141.5,1000,0.0,0.0
2025-06-19 04:35:00+00:00,142.5,142.5,142.5,142.5,2000,0.0,0.0
2025-06-19 04:55:00+00:00,142.5,142.5,142.5,142.5,1100,0.0,0.0
2025-06-19 05:10:00+00:00,142.0,142.0,142.0,142.0,1020,0.0,0.0
2025-06-19 05:20:00+00:00,141.5,141.5,141.5,141.5,1000,0.0,0.0
2025-06-20 01:10:00+00:00,143.0,143.0,143.0,143.0,0,0.0,0.0
2025-06-20 01:35:00+00:00,141.5,141.5,140.0,140.0,7010,0.0,0.0
2025-06-20 01:40:00+00:00,140.5,140.5,140.0,140.0,2012,0.0,0.0
2025-06-20 01:45:00+00:00,140.0,140.0,140.0,140.0,2000,0.0,0.0
2025-06-20 01:50:00+00:00,139.5,139.5,138.5,138.5,3111,0.0,0.0
2025-06-20 01:55:00+00:00,139.5,139.5,139.5,139.5,3100,0.0,0.0
2025-06-20 02:05:00+00:00,139.0,139.0,139.0,139.0,1000,0.0,0.0
2025-06-20 02:10:00+00:00,139.0,139.0,139.0,139.0,5039,0.0,0.0
2025-06-20 02:15:00+00:00,139.0,139.0,139.0,139.0,1000,0.0,0.0
2025-06-20 02:20:00+00:00,139.5,141.0,139.5,141.0,6000,0.0,0.0
2025-06-20 02:25:00+00:00,139.5,139.5,139.5,139.5,1000,0.0,0.0
2025-06-20 02:35:00+00:00,141.0,141.5,141.0,141.5,4000,0.0,0.0
2025-06-20 03:30:00+00:00,141.5,141.5,141.5,141.5,1100,0.0,0.0
2025-06-20 03:50:00+00:00,141.5,141.5,141.5,141.5,2000,0.0,0.0
2025-06-20 04:30:00+00:00,141.0,141.0,141.0,141.0,1000,0.0,0.0
2025-06-20 04:40:00+00:00,141.0,141.0,141.0,141.0,1000,0.0,0.0
2025-06-20 05:05:00+00:00,141.5,141.5,141.5,141.5,1000,0.0,0.0
2025-06-20 05:10:00+00:00,142.0,142.0,142.0,142.0,2000,0.0,0.0
2025-06-20 05:20:00+00:00,141.5,141.5,141.5,141.5,1000,0.0,0.0
2025-06-23 01:05:00+00:00,142.5,143.0,142.5,143.0,0,0.0,0.0
2025-06-23 01:15:00+00:00,144.0,145.0,144.0,145.0,3000,0.0,0.0
2025-06-23 01:25:00+00:00,144.5,144.5,144.5,144.5,2011,0.0,0.0
2025-06-23 04:00:00+00:00,143.5,143.5,143.5,143.5,2001,0.0,0.0
2025-06-23 05:20:00+00:00,144.0,144.0,142.5,142.5,4000,0.0,0.0
2025-06-24 01:00:00+00:00,143.0,145.0,143.0,145.0,0,0.0,0.0
2025-06-24 01:05:00+00:00,145.5,148.0,145.5,147.5,9000,0.0,0.0
2025-06-24 01:10:00+00:00,148.0,148.0,148.0,148.0,4000,0.0,0.0
2025-06-24 01:15:00+00:00,148.5,149.5,148.5,149.5,7119,0.0,0.0
2025-06-24 01:20:00+00:00,152.5,153.5,152.5,153.5,3000,0.0,0.0
2025-06-24 01:25:00+00:00,153.0,153.0,153.0,153.0,1249,0.0,0.0
2025-06-24 01:30:00+00:00,153.5,153.5,153.0,153.0,3274,0.0,0.0
2025-06-24 01:35:00+00:00,154.0,156.0,154.0,156.0,15825,0.0,0.0
2025-06-24 01:40:00+00:00,156.0,156.5,156.0,156.5,30570,0.0,0.0
2025-06-24 01:45:00+00:00,156.5,156.5,156.5,156.5,5601,0.0,0.0
2025-06-24 01:55:00+00:00,156.5,156.5,156.5,156.5,1024,0.0,0.0
2025-06-24 02:00:00+00:00,156.5,156.5,156.5,156.5,2000,0.0,0.0
2025-06-24 02:10:00+00:00,156.5,156.5,156.5,156.5,3140,0.0,0.0
2025-06-24 02:30:00+00:00,156.5,156.5,156.5,156.5,1855,0.0,0.0
2025-06-24 02:35:00+00:00,156.5,156.5,156.5,156.5,6000,0.0,0.0
2025-06-24 02:50:00+00:00,156.5,156.5,156.5,156.5,1000,0.0,0.0
2025-06-24 03:15:00+00:00,156.5,156.5,156.5,156.5,1000,0.0,0.0
2025-06-24 03:40:00+00:00,156.5,156.5,156.5,156.5,1000,0.0,0.0
2025-06-24 04:10:00+00:00,156.5,156.5,156.5,156.5,1000,0.0,0.0
2025-06-24 04:15:00+00:00,156.5,156.5,156.5,156.5,3000,0.0,0.0
2025-06-24 04:35:00+00:00,156.5,156.5,156.5,156.5,1000,0.0,0.0
2025-06-24 05:05:00+00:00,156.5,156.5,156.5,156.5,1001,0.0,0.0
2025-06-24 05:20:00+00:00,156.5,156.5,156.5,156.5,3000,0.0,0.0
2025-06-25 01:00:00+00:00,156.5,156.5,156.5,156.5,0,0.0,0.0
2025-06-25 01:05:00+00:00,153.5,153.5,153.0,153.0,5422,0.0,0.0
2025-06-25 01:15:00+00:00,154.0,155.0,154.0,155.0,3080,0.0,0.0
2025-06-25 01:20:00+00:00,154.5,154.5,154.5,154.5,1020,0.0,0.0
2025-06-25 01:25:00+00:00,154.5,155.0,154.0,155.0,4265,0.0,0.0
2025-06-25 01:30:00+00:00,156.0,156.5,156.0,156.5,2000,0.0,0.0
2025-06-25 01:35:00+00:00,157.0,157.0,157.0,157.0,1000,0.0,0.0
2025-06-25 01:40:00+00:00,157.5,158.0,156.5,156.5,7000,0.0,0.0
2025-06-25 01:45:00+00:00,155.5,155.5,155.5,155.5,1003,0.0,0.0
2025-06-25 01:55:00+00:00,155.5,155.5,154.5,154.5,3048,0.0,0.0
2025-06-25 02:05:00+00:00,154.5,154.5,154.5,154.5,1000,0.0,0.0
2025-06-25 02:10:00+00:00,154.5,154.5,154.5,154.5,1100,0.0,0.0
2025-06-25 02:25:00+00:00,155.0,155.0,154.5,154.5,5100,0.0,0.0
2025-06-25 02:30:00+00:00,155.0,155.0,155.0,155.0,4002,0.0,0.0
2025-06-25 02:35:00+00:00,156.5,157.0,156.5,157.0,2000,0.0,0.0
2025-06-25 02:40:00+00:00,156.5,156.5,156.5,156.5,1000,0.0,0.0
2025-06-25 02:45:00+00:00,156.0,157.5,156.0,157.5,3000,0.0,0.0
2025-06-25 03:00:00+00:00,155.5,155.5,155.5,155.5,1000,0.0,0.0
2025-06-25 03:45:00+00:00,155.0,155.0,154.0,154.0,6050,0.0,0.0
2025-06-25 04:40:00+00:00,154.0,154.0,154.0,154.0,1100,0.0,0.0
2025-06-25 05:05:00+00:00,154.0,154.0,154.0,154.0,1000,0.0,0.0
2025-06-25 05:10:00+00:00,154.0,154.5,153.0,154.5,5100,0.0,0.0
2025-06-25 05:15:00+00:00,154.0,154.0,154.0,154.0,1000,0.0,0.0
2025-06-25 05:20:00+00:00,153.0,153.0,153.0,153.0,2050,0.0,0.0
2025-06-26 01:00:00+00:00,153.0,157.0,153.0,157.0,0,0.0,0.0
2025-06-26 01:20:00+00:00,156.5,156.5,154.5,154.5,2000,0.0,0.0
2025-06-26 01:25:00+00:00,155.5,155.5,155.5,155.5,1065,0.0,0.0
2025-06-26 01:30:00+00:00,155.0,155.0,155.0,155.0,1000,0.0,0.0
2025-06-26 01:35:00+00:00,156.0,158.5,156.0,158.0,24000,0.0,0.0
2025-06-26 01:40:00+00:00,157.0,158.5,155.0,158.5,8000,0.0,0.0
2025-06-26 01:45:00+00:00,159.0,159.0,159.0,159.0,1022,0.0,0.0
2025-06-26 02:05:00+00:00,159.0,159.5,158.5,158.5,8000,0.0,0.0
2025-06-26 02:10:00+00:00,158.5,159.0,158.5,159.0,2000,0.0,0.0
2025-06-26 02:15:00+00:00,159.0,159.0,159.0,159.0,1000,0.0,0.0
2025-06-26 02:35:00+00:00,158.0,158.0,158.0,158.0,0,0.0,0.0
2025-06-26 02:40:00+00:00,158.0,158.0,158.0,158.0,63365,0.0,0.0
2025-06-26 02:45:00+00:00,158.5,158.5,158.0,158.0,4000,0.0,0.0
2025-06-26 02:50:00+00:00,158.0,158.0,158.0,158.0,2000,0.0,0.0
2025-06-26 03:00:00+00:00,158.0,158.5,158.0,158.5,4000,0.0,0.0
2025-06-26 03:05:00+00:00,159.0,160.5,159.0,160.5,11250,0.0,0.0
2025-06-26 03:10:00+00:00,161.0,161.5,161.0,161.5,14174,0.0,0.0
2025-06-26 03:15:00+00:00,161.5,162.0,161.0,161.0,7010,0.0,0.0
2025-06-26 03:20:00+00:00,160.5,160.5,160.5,160.5,1000,0.0,0.0
2025-06-26 03:25:00+00:00,161.0,161.0,161.0,161.0,0,0.0,0.0
2025-06-26 03:30:00+00:00,161.5,162.0,161.5,162.0,110849,0.0,0.0
2025-06-26 03:40:00+00:00,161.5,162.0,161.5,161.5,4003,0.0,0.0
2025-06-26 03:50:00+00:00,162.0,163.0,162.0,163.0,8003,0.0,0.0
2025-06-26 03:55:00+00:00,162.5,162.5,161.5,161.5,6000,0.0,0.0
2025-06-26 04:10:00+00:00,161.5,161.5,161.5,161.5,1000,0.0,0.0
2025-06-26 04:20:00+00:00,161.5,161.5,161.5,161.5,1000,0.0,0.0
2025-06-26 04:25:00+00:00,161.5,161.5,161.5,161.5,1236,0.0,0.0
2025-06-26 04:30:00+00:00,161.0,161.0,161.0,161.0,3000,0.0,0.0
2025-06-26 04:35:00+00:00,160.0,160.0,160.0,160.0,1000,0.0,0.0
2025-06-26 04:40:00+00:00,160.0,160.0,160.0,160.0,1000,0.0,0.0
2025-06-26 04:45:00+00:00,160.0,160.0,160.0,160.0,1172,0.0,0.0
2025-06-26 05:05:00+00:00,159.0,159.0,159.0,159.0,1000,0.0,0.0
2025-06-26 05:15:00+00:00,159.0,159.0,158.0,158.0,4000,0.0,0.0
2025-06-26 05:20:00+00:00,158.0,158.5,157.0,158.5,5010,0.0,0.0
2025-06-27 01:00:00+00:00,173.5,173.5,173.5,173.5,0,0.0,0.0
2025-06-27 01:05:00+00:00,173.5,173.5,173.5,173.5,8000,0.0,0.0
2025-06-27 01:10:00+00:00,173.5,173.5,173.5,173.5,18129,0.0,0.0
2025-06-27 01:20:00+00:00,173.5,173.5,173.5,173.5,3416,0.0,0.0
2025-06-27 01:25:00+00:00,173.5,173.5,173.5,173.5,1040,0.0,0.0
2025-06-27 01:30:00+00:00,173.5,173.5,173.5,173.5,1003,0.0,0.0
2025-06-27 01:35:00+00:00,173.5,173.5,173.5,173.5,2075,0.0,0.0
2025-06-27 01:50:00+00:00,173.5,173.5,173.5,173.5,1000,0.0,0.0
2025-06-27 01:55:00+00:00,173.5,173.5,173.5,173.5,1010,0.0,0.0
2025-06-27 02:00:00+00:00,173.5,173.5,173.5,173.5,1809,0.0,0.0
2025-06-27 02:15:00+00:00,173.5,173.5,173.5,173.5,2000,0.0,0.0
2025-06-27 02:20:00+00:00,173.5,173.5,173.5,173.5,1756,0.0,0.0
2025-06-27 02:45:00+00:00,173.5,173.5,173.5,173.5,1000,0.0,0.0
2025-06-27 02:50:00+00:00,173.5,173.5,173.5,173.5,1000,0.0,0.0
2025-06-27 02:55:00+00:00,173.5,173.5,173.5,173.5,4362,0.0,0.0
2025-06-27 03:20:00+00:00,173.5,173.5,173.5,173.5,1610,0.0,0.0
2025-06-27 04:10:00+00:00,173.5,173.5,173.5,173.5,2006,0.0,0.0
2025-06-27 04:30:00+00:00,173.5,173.5,173.5,173.5,2001,0.0,0.0
2025-06-27 04:45:00+00:00,173.5,173.5,173.5,173.5,1000,0.0,0.0
2025-06-27 04:50:00+00:00,173.5,173.5,173.5,173.5,1000,0.0,0.0
2025-06-27 05:10:00+00:00,173.5,173.5,173.5,173.5,1007,0.0,0.0
2025-06-27 05:20:00+00:00,173.5,173.5,173.5,173.5,1800,0.0,0.0
2025-06-30 01:00:00+00:00,176.0,177.0,170.0,173.5,76976,0.0,0.0
2025-06-30 01:05:00+00:00,172.0,173.0,170.5,171.5,27000,0.0,0.0
2025-06-30 01:10:00+00:00,172.5,174.5,172.0,172.0,47759,0.0,0.0
2025-06-30 01:15:00+00:00,172.0,174.0,172.0,174.0,14410,0.0,0.0
2025-06-30 01:20:00+00:00,174.0,175.5,172.5,172.5,23945,0.0,0.0
2025-06-30 01:25:00+00:00,174.0,175.0,174.0,175.0,10021,0.0,0.0
2025-06-30 01:30:00+00:00,175.0,176.0,174.0,176.0,6109,0.0,0.0
2025-06-30 01:35:00+00:00,176.0,178.0,175.5,177.5,30100,0.0,0.0
2025-06-30 01:40:00+00:00,177.0,177.5,176.5,176.5,13100,0.0,0.0
2025-06-30 01:45:00+00:00,175.5,175.5,175.0,175.0,2104,0.0,0.0
2025-06-30 01:50:00+00:00,174.5,174.5,174.5,174.5,2100,0.0,0.0
2025-06-30 01:55:00+00:00,174.0,177.0,174.0,176.5,26868,0.0,0.0
2025-06-30 02:00:00+00:00,176.5,176.5,176.0,176.0,4003,0.0,0.0
2025-06-30 02:05:00+00:00,177.0,177.0,177.0,177.0,2010,0.0,0.0
2025-06-30 02:10:00+00:00,177.0,178.0,177.0,178.0,7095,0.0,0.0
2025-06-30 02:15:00+00:00,178.0,179.5,177.5,178.0,55425,0.0,0.0
2025-06-30 02:20:00+00:00,177.5,177.5,176.0,176.0,12209,0.0,0.0
2025-06-30 02:25:00+00:00,176.5,176.5,176.5,176.5,1011,0.0,0.0
2025-06-30 02:30:00+00:00,176.0,176.5,176.0,176.5,3055,0.0,0.0
2025-06-30 02:40:00+00:00,176.0,176.0,176.0,176.0,3048,0.0,0.0
2025-06-30 03:05:00+00:00,175.0,175.0,174.0,174.0,8130,0.0,0.0
2025-06-30 03:15:00+00:00,174.5,174.5,174.0,174.0,10120,0.0,0.0
2025-06-30 03:20:00+00:00,175.5,175.5,174.0,174.0,8001,0.0,0.0
2025-06-30 03:25:00+00:00,174.5,174.5,174.5,174.5,1003,0.0,0.0
2025-06-30 03:30:00+00:00,174.5,174.5,174.5,174.5,1000,0.0,0.0
2025-06-30 03:35:00+00:00,174.5,174.5,174.5,174.5,2000,0.0,0.0
2025-06-30 03:40:00+00:00,174.5,174.5,174.5,174.5,2000,0.0,0.0
2025-06-30 03:45:00+00:00,175.0,175.0,175.0,175.0,2019,0.0,0.0
2025-06-30 04:00:00+00:00,174.5,174.5,174.5,174.5,1278,0.0,0.0
2025-06-30 04:05:00+00:00,174.5,174.5,174.5,174.5,2000,0.0,0.0
2025-06-30 04:10:00+00:00,174.5,174.5,174.5,174.5,1005,0.0,0.0
2025-06-30 04:15:00+00:00,174.0,174.0,174.0,174.0,3005,0.0,0.0
2025-06-30 04:20:00+00:00,174.5,174.5,174.5,174.5,3200,0.0,0.0
2025-06-30 04:25:00+00:00,174.0,174.5,174.0,174.5,0,0.0,0.0
2025-06-30 04:35:00+00:00,174.5,174.5,174.5,174.5,1200,0.0,0.0
2025-06-30 04:55:00+00:00,174.5,174.5,174.5,174.5,5700,0.0,0.0
2025-06-30 05:05:00+00:00,175.0,175.0,175.0,175.0,1010,0.0,0.0
2025-06-30 05:10:00+00:00,175.5,175.5,175.0,175.0,4372,0.0,0.0
2025-06-30 05:20:00+00:00,174.0,176.5,173.5,176.5,21040,0.0,0.0
2025-07-01 01:00:00+00:00,176.5,177.0,175.5,176.0,0,0.0,0.0
2025-07-01 01:05:00+00:00,177.0,177.0,177.0,177.0,2894,0.0,0.0
2025-07-01 01:10:00+00:00,177.5,177.5,176.5,177.5,4405,0.0,0.0
2025-07-01 01:15:00+00:00,177.5,177.5,177.0,177.0,6005,0.0,0.0
2025-07-01 01:20:00+00:00,176.5,176.5,174.5,174.5,6075,0.0,0.0
2025-07-01 01:25:00+00:00,174.5,174.5,174.5,174.5,4010,0.0,0.0
2025-07-01 01:30:00+00:00,175.0,175.0,174.0,174.0,4035,0.0,0.0
2025-07-01 01:35:00+00:00,175.0,175.0,173.5,174.5,8000,0.0,0.0
2025-07-01 01:40:00+00:00,175.5,175.5,175.0,175.0,2000,0.0,0.0
2025-07-01 01:45:00+00:00,174.0,174.0,174.0,174.0,7025,0.0,0.0
2025-07-01 01:50:00+00:00,174.5,174.5,174.5,174.5,1000,0.0,0.0
2025-07-01 01:55:00+00:00,174.5,174.5,174.5,174.5,1000,0.0,0.0
2025-07-01 02:00:00+00:00,174.5,174.5,174.5,174.5,2200,0.0,0.0
2025-07-01 02:10:00+00:00,174.0,174.0,172.5,172.5,11220,0.0,0.0
2025-07-01 02:15:00+00:00,172.5,172.5,172.5,172.5,6000,0.0,0.0
2025-07-01 02:25:00+00:00,172.5,174.5,172.5,174.5,8104,0.0,0.0
2025-07-01 02:35:00+00:00,174.0,174.0,173.5,173.5,3000,0.0,0.0
2025-07-01 03:10:00+00:00,174.0,174.0,173.5,173.5,2000,0.0,0.0
2025-07-01 03:25:00+00:00,173.0,173.0,173.0,173.0,1000,0.0,0.0
2025-07-01 03:40:00+00:00,172.5,172.5,172.5,172.5,2227,0.0,0.0
2025-07-01 03:55:00+00:00,172.0,173.5,171.0,173.0,10000,0.0,0.0
2025-07-01 04:00:00+00:00,173.5,175.0,173.5,175.0,6148,0.0,0.0
2025-07-01 04:05:00+00:00,175.0,176.0,175.0,175.0,5000,0.0,0.0
2025-07-01 04:10:00+00:00,175.0,175.0,174.5,175.0,4000,0.0,0.0
2025-07-01 04:20:00+00:00,174.5,174.5,174.5,174.5,1000,0.0,0.0
2025-07-01 04:30:00+00:00,174.5,174.5,174.5,174.5,1152,0.0,0.0
2025-07-01 05:00:00+00:00,174.5,175.0,174.0,174.0,10046,0.0,0.0
2025-07-01 05:10:00+00:00,174.0,174.0,174.0,174.0,1230,0.0,0.0
2025-07-01 05:15:00+00:00,174.0,174.0,174.0,174.0,2010,0.0,0.0
2025-07-01 05:20:00+00:00,173.5,173.5,173.5,173.5,1142,0.0,0.0
2025-07-02 01:00:00+00:00,170.5,174.5,170.5,174.5,0,0.0,0.0
2025-07-02 01:05:00+00:00,173.0,174.5,173.0,174.5,6000,0.0,0.0
2025-07-02 01:15:00+00:00,174.0,174.0,174.0,174.0,1000,0.0,0.0
2025-07-02 01:25:00+00:00,173.5,174.0,173.5,174.0,3020,0.0,0.0
2025-07-02 01:30:00+00:00,174.5,175.0,174.5,175.0,6015,0.0,0.0
2025-07-02 01:35:00+00:00,175.5,176.0,175.5,176.0,13000,0.0,0.0
2025-07-02 01:40:00+00:00,176.5,176.5,176.0,176.5,3000,0.0,0.0
2025-07-02 01:45:00+00:00,176.5,176.5,175.0,175.0,9000,0.0,0.0
2025-07-02 01:50:00+00:00,175.0,175.0,175.0,175.0,1000,0.0,0.0
2025-07-02 01:55:00+00:00,175.5,175.5,175.5,175.5,1009,0.0,0.0
2025-07-02 02:10:00+00:00,175.0,175.0,175.0,175.0,2313,0.0,0.0
2025-07-02 02:20:00+00:00,175.0,175.0,175.0,175.0,2200,0.0,0.0
2025-07-02 02:35:00+00:00,175.5,175.5,175.5,175.5,1000,0.0,0.0
2025-07-02 02:45:00+00:00,175.5,175.5,175.5,175.5,2070,0.0,0.0
2025-07-02 03:05:00+00:00,175.0,175.0,175.0,175.0,2000,0.0,0.0
2025-07-02 03:10:00+00:00,174.5,174.5,174.5,174.5,1009,0.0,0.0
2025-07-02 03:35:00+00:00,174.0,174.0,174.0,174.0,1000,0.0,0.0
2025-07-02 03:40:00+00:00,173.5,173.5,173.0,173.0,3004,0.0,0.0
2025-07-02 03:55:00+00:00,173.0,173.0,173.0,173.0,1000,0.0,0.0
2025-07-02 04:00:00+00:00,173.0,173.0,173.0,173.0,1000,0.0,0.0
2025-07-02 04:15:00+00:00,174.5,174.5,174.5,174.5,2000,0.0,0.0
2025-07-02 04:25:00+00:00,175.0,175.5,175.0,175.5,2225,0.0,0.0
2025-07-02 04:45:00+00:00,175.5,175.5,175.5,175.5,4253,0.0,0.0
2025-07-02 04:55:00+00:00,176.0,176.0,176.0,176.0,1040,0.0,0.0
2025-07-02 05:00:00+00:00,176.0,176.0,176.0,176.0,5043,0.0,0.0
2025-07-02 05:05:00+00:00,176.0,176.0,176.0,176.0,1500,0.0,0.0
2025-07-02 05:10:00+00:00,176.0,176.0,176.0,176.0,3000,0.0,0.0
2025-07-02 05:15:00+00:00,176.0,177.0,176.0,177.0,14931,0.0,0.0
2025-07-02 05:20:00+00:00,177.0,177.5,177.0,177.5,3413,0.0,0.0
2025-05-05 01:00:00+00:00,146.5,146.5,146.5,146.5,0,0.0,0.0
2025-05-05 01:10:00+00:00,145.0,145.0,145.0,145.0,1000,0.0,0.0
2025-05-05 01:20:00+00:00,144.0,144.0,144.0,144.0,1060,0.0,0.0
2025-05-05 01:35:00+00:00,143.5,143.5,142.5,142.5,5000,0.0,0.0
2025-05-05 01:45:00+00:00,140.0,140.0,140.0,140.0,2000,0.0,0.0
2025-05-05 01:50:00+00:00,140.0,140.0,140.0,140.0,1000,0.0,0.0
2025-05-05 01:55:00+00:00,139.0,139.0,139.0,139.0,1050,0.0,0.0
2025-05-05 02:10:00+00:00,138.0,138.0,138.0,138.0,2000,0.0,0.0
2025-05-05 02:15:00+00:00,139.5,139.5,139.5,139.5,7000,0.0,0.0
2025-05-05 02:20:00+00:00,139.5,140.0,139.5,140.0,8211,0.0,0.0
2025-05-05 02:55:00+00:00,139.0,139.0,139.0,139.0,1000,0.0,0.0
2025-05-05 03:35:00+00:00,139.5,139.5,139.5,139.5,1000,0.0,0.0
2025-05-05 04:10:00+00:00,141.0,141.0,141.0,141.0,1000,0.0,0.0
2025-05-05 04:35:00+00:00,142.5,142.5,142.5,142.5,1200,0.0,0.0
2025-05-05 05:05:00+00:00,142.0,142.0,142.0,142.0,3000,0.0,0.0
2025-05-05 05:15:00+00:00,142.0,142.0,142.0,142.0,5000,0.0,0.0
2025-05-05 05:20:00+00:00,142.0,143.5,142.0,143.5,4000,0.0,0.0
2025-05-06 01:00:00+00:00,143.5,143.5,143.5,143.5,0,0.0,0.0
2025-05-06 01:40:00+00:00,144.0,144.5,144.0,144.5,2000,0.0,0.0
2025-05-06 01:50:00+00:00,143.0,143.0,143.0,143.0,1100,0.0,0.0
2025-05-06 02:15:00+00:00,144.5,144.5,144.5,144.5,1068,0.0,0.0
2025-05-06 03:20:00+00:00,144.5,145.0,144.5,145.0,13053,0.0,0.0
2025-05-06 03:25:00+00:00,145.5,146.5,145.5,146.5,3000,0.0,0.0
2025-05-06 03:40:00+00:00,145.5,145.5,145.5,145.5,1050,0.0,0.0
2025-05-06 04:20:00+00:00,144.0,144.0,144.0,144.0,1100,0.0,0.0
2025-05-06 05:15:00+00:00,145.0,145.5,145.0,145.5,3000,0.0,0.0
2025-05-06 05:20:00+00:00,145.5,145.5,145.5,145.5,1000,0.0,0.0
2025-05-07 01:05:00+00:00,145.5,147.0,145.5,147.0,3027,0.0,0.0
2025-05-07 02:20:00+00:00,145.5,145.5,145.0,145.0,2007,0.0,0.0
2025-05-07 03:05:00+00:00,145.0,145.0,145.0,145.0,1000,0.0,0.0
2025-05-07 03:30:00+00:00,144.5,144.5,144.5,144.5,1000,0.0,0.0
2025-05-07 03:35:00+00:00,145.0,145.0,145.0,145.0,4010,0.0,0.0
2025-05-07 05:00:00+00:00,144.0,144.0,144.0,144.0,1000,0.0,0.0
2025-05-07 05:20:00+00:00,144.0,144.0,144.0,144.0,2000,0.0,0.0
2025-05-08 01:00:00+00:00,146.0,147.0,146.0,147.0,0,0.0,0.0
2025-05-08 02:20:00+00:00,147.5,147.5,147.5,147.5,0,0.0,0.0
2025-05-08 02:45:00+00:00,146.0,146.0,146.0,146.0,8100,0.0,0.0
2025-05-08 02:55:00+00:00,145.0,145.0,145.0,145.0,1001,0.0,0.0
2025-05-08 03:00:00+00:00,145.5,145.5,145.0,145.0,2000,0.0,0.0
2025-05-08 03:05:00+00:00,145.5,145.5,145.5,145.5,1130,0.0,0.0
2025-05-08 03:20:00+00:00,146.0,146.0,146.0,146.0,1125,0.0,0.0
2025-05-08 04:15:00+00:00,146.0,146.0,146.0,146.0,1007,0.0,0.0
2025-05-08 04:55:00+00:00,146.0,146.0,145.5,145.5,5000,0.0,0.0
2025-05-08 05:00:00+00:00,146.5,146.5,146.5,146.5,6000,0.0,0.0
2025-05-08 05:05:00+00:00,147.0,147.5,147.0,147.5,3000,0.0,0.0
2025-05-08 05:20:00+00:00,147.5,147.5,146.0,146.0,3000,0.0,0.0
2025-05-09 01:00:00+00:00,146.5,149.0,146.5,149.0,0,0.0,0.0
2025-05-09 01:15:00+00:00,148.0,148.0,148.0,148.0,3000,0.0,0.0
2025-05-09 01:20:00+00:00,148.5,149.5,148.5,149.5,16100,0.0,0.0
2025-05-09 01:25:00+00:00,150.0,150.0,150.0,150.0,5000,0.0,0.0
2025-05-09 01:30:00+00:00,151.5,151.5,150.0,150.0,3350,0.0,0.0
2025-05-09 01:35:00+00:00,151.5,152.0,151.5,152.0,2000,0.0,0.0
2025-05-09 01:40:00+00:00,152.0,153.5,152.0,153.5,8220,0.0,0.0
2025-05-09 01:45:00+00:00,153.5,153.5,153.5,153.5,1108,0.0,0.0
2025-05-09 01:55:00+00:00,153.5,153.5,153.5,153.5,1050,0.0,0.0
2025-05-09 02:20:00+00:00,151.0,151.0,150.0,150.0,6218,0.0,0.0
2025-05-09 04:45:00+00:00,149.0,149.0,149.0,149.0,1089,0.0,0.0
2025-05-09 04:50:00+00:00,149.0,149.0,149.0,149.0,4000,0.0,0.0
2025-05-09 05:10:00+00:00,149.0,149.0,149.0,149.0,2000,0.0,0.0
2025-05-09 05:20:00+00:00,151.0,151.0,151.0,151.0,1000,0.0,0.0
2025-05-12 01:05:00+00:00,156.0,156.0,156.0,156.0,0,0.0,0.0
2025-05-12 01:30:00+00:00,154.5,155.5,154.5,155.5,4000,0.0,0.0
2025-05-12 01:50:00+00:00,154.5,154.5,154.5,154.5,1080,0.0,0.0
2025-05-12 02:25:00+00:00,152.0,152.0,152.0,152.0,2069,0.0,0.0
2025-05-12 03:10:00+00:00,152.0,153.5,152.0,153.5,3000,0.0,0.0
2025-05-12 03:30:00+00:00,153.5,153.5,153.5,153.5,2000,0.0,0.0
2025-05-12 04:05:00+00:00,153.5,154.0,153.5,154.0,2314,0.0,0.0
2025-05-13 01:00:00+00:00,154.0,156.5,154.0,156.5,0,0.0,0.0
2025-05-13 01:10:00+00:00,154.0,154.0,154.0,154.0,1000,0.0,0.0
2025-05-13 01:20:00+00:00,152.5,152.5,152.5,152.5,2190,0.0,0.0
2025-05-13 01:50:00+00:00,152.0,152.0,152.0,152.0,2001,0.0,0.0
2025-05-13 02:00:00+00:00,152.0,152.0,152.0,152.0,1000,0.0,0.0
2025-05-13 02:05:00+00:00,152.0,152.0,152.0,152.0,1000,0.0,0.0
2025-05-13 02:30:00+00:00,152.0,153.0,151.5,151.5,5070,0.0,0.0
2025-05-13 02:35:00+00:00,151.5,151.5,150.5,150.5,5142,0.0,0.0
2025-05-13 02:40:00+00:00,151.0,151.0,151.0,151.0,3000,0.0,0.0
2025-05-13 02:55:00+00:00,151.0,151.0,151.0,151.0,2000,0.0,0.0
2025-05-13 03:00:00+00:00,150.5,150.5,150.5,150.5,2123,0.0,0.0
2025-05-13 03:10:00+00:00,150.0,150.0,150.0,150.0,3017,0.0,0.0
2025-05-13 03:35:00+00:00,150.5,150.5,150.5,150.5,1000,0.0,0.0
2025-05-13 03:40:00+00:00,150.5,150.5,150.5,150.5,1000,0.0,0.0
2025-05-13 03:45:00+00:00,151.0,151.0,151.0,151.0,2743,0.0,0.0
2025-05-13 04:00:00+00:00,150.5,150.5,150.5,150.5,1000,0.0,0.0
2025-05-13 04:40:00+00:00,150.0,150.0,149.5,149.5,3036,0.0,0.0
2025-05-13 04:50:00+00:00,149.0,149.0,149.0,149.0,1000,0.0,0.0
2025-05-13 05:00:00+00:00,149.0,149.0,149.0,149.0,1000,0.0,0.0
2025-05-13 05:05:00+00:00,149.0,149.0,149.0,149.0,1000,0.0,0.0
2025-05-13 05:20:00+00:00,149.5,152.5,149.5,152.5,9104,0.0,0.0
2025-05-14 01:00:00+00:00,147.5,148.0,147.5,148.0,0,0.0,0.0
2025-05-14 01:05:00+00:00,150.0,151.5,150.0,151.5,2000,0.0,0.0
2025-05-14 01:10:00+00:00,149.0,149.0,149.0,149.0,1000,0.0,0.0
2025-05-14 01:15:00+00:00,150.0,151.0,150.0,151.0,2000,0.0,0.0
2025-05-14 01:25:00+00:00,150.0,150.0,149.0,149.0,3000,0.0,0.0
2025-05-14 01:45:00+00:00,149.0,149.0,149.0,149.0,1000,0.0,0.0
2025-05-14 01:50:00+00:00,148.5,150.5,148.5,150.5,3093,0.0,0.0
2025-05-14 02:10:00+00:00,148.5,148.5,148.5,148.5,2000,0.0,0.0
2025-05-14 02:15:00+00:00,148.0,148.0,147.0,148.0,19000,0.0,0.0
2025-05-14 02:20:00+00:00,148.0,148.0,148.0,148.0,4000,0.0,0.0
2025-05-14 02:35:00+00:00,148.5,148.5,148.5,148.5,2140,0.0,0.0
2025-05-14 02:50:00+00:00,149.0,149.0,149.0,149.0,1000,0.0,0.0
2025-05-14 02:55:00+00:00,149.0,149.0,149.0,149.0,1000,0.0,0.0
2025-05-14 03:05:00+00:00,149.5,149.5,149.5,149.5,1000,0.0,0.0
2025-05-14 03:40:00+00:00,149.5,149.5,149.5,149.5,2000,0.0,0.0
2025-05-14 03:45:00+00:00,149.5,149.5,149.5,149.5,2000,0.0,0.0
2025-05-14 04:10:00+00:00,149.5,149.5,149.5,149.5,2404,0.0,0.0
2025-05-14 04:25:00+00:00,149.5,149.5,149.5,149.5,2006,0.0,0.0
2025-05-14 04:30:00+00:00,149.5,149.5,149.5,149.5,1018,0.0,0.0
2025-05-14 04:40:00+00:00,150.0,150.0,150.0,150.0,3018,0.0,0.0
2025-05-14 04:50:00+00:00,150.0,150.0,150.0,150.0,1006,0.0,0.0
2025-05-14 04:55:00+00:00,150.5,150.5,150.5,150.5,1011,0.0,0.0
2025-05-14 05:00:00+00:00,150.5,151.0,150.5,151.0,10285,0.0,0.0
2025-05-14 05:10:00+00:00,151.5,151.5,151.5,151.5,3061,0.0,0.0
2025-05-15 01:00:00+00:00,150.5,150.5,150.0,150.0,0,0.0,0.0
2025-05-15 01:10:00+00:00,152.0,152.5,150.0,150.0,3010,0.0,0.0
2025-05-15 01:15:00+00:00,149.5,149.5,149.0,149.0,4000,0.0,0.0
2025-05-15 01:20:00+00:00,149.0,149.0,149.0,149.0,2000,0.0,0.0
2025-05-15 01:35:00+00:00,149.0,149.0,148.5,148.5,3000,0.0,0.0
2025-05-15 01:40:00+00:00,148.5,148.5,148.5,148.5,1068,0.0,0.0
2025-05-15 01:55:00+00:00,148.5,148.5,148.0,148.0,6047,0.0,0.0
2025-05-15 02:10:00+00:00,149.5,149.5,149.5,149.5,1093,0.0,0.0
2025-05-15 03:05:00+00:00,149.5,149.5,149.5,149.5,2000,0.0,0.0
2025-05-15 03:10:00+00:00,149.5,149.5,149.5,149.5,1000,0.0,0.0
2025-05-15 04:15:00+00:00,149.5,149.5,149.5,149.5,1000,0.0,0.0
2025-05-15 04:30:00+00:00,150.0,150.0,150.0,150.0,1000,0.0,0.0
2025-05-15 04:35:00+00:00,150.0,150.5,150.0,150.5,3058,0.0,0.0
2025-05-15 04:50:00+00:00,150.0,150.0,150.0,150.0,3020,0.0,0.0
2025-05-15 05:10:00+00:00,149.5,149.5,149.0,149.0,7000,0.0,0.0
2025-05-15 05:15:00+00:00,149.0,149.0,149.0,149.0,4000,0.0,0.0
2025-05-15 05:20:00+00:00,149.0,149.0,148.5,148.5,3000,0.0,0.0
2025-05-16 01:00:00+00:00,148.0,148.0,147.0,147.0,0,0.0,0.0
2025-05-16 01:05:00+00:00,147.0,147.0,146.5,146.5,7016,0.0,0.0
2025-05-16 01:10:00+00:00,148.0,148.5,147.5,147.5,3000,0.0,0.0
2025-05-16 01:15:00+00:00,147.5,148.0,147.5,148.0,3000,0.0,0.0
2025-05-16 01:20:00+00:00,147.5,147.5,147.5,147.5,1000,0.0,0.0
2025-05-16 01:25:00+00:00,147.5,147.5,147.5,147.5,1000,0.0,0.0
2025-05-16 01:30:00+00:00,147.5,147.5,147.5,147.5,2000,0.0,0.0
2025-05-16 01:35:00+00:00,147.0,147.0,147.0,147.0,1424,0.0,0.0
2025-05-16 01:40:00+00:00,147.0,148.0,147.0,148.0,7000,0.0,0.0
2025-05-16 01:45:00+00:00,147.5,147.5,147.5,147.5,2000,0.0,0.0
2025-05-16 01:50:00+00:00,147.5,147.5,147.5,147.5,1000,0.0,0.0
2025-05-16 01:55:00+00:00,147.5,147.5,147.5,147.5,1000,0.0,0.0
2025-05-16 02:00:00+00:00,148.5,148.5,148.0,148.0,3000,0.0,0.0
2025-05-16 02:05:00+00:00,148.5,148.5,148.5,148.5,7000,0.0,0.0
2025-05-16 02:10:00+00:00,148.5,148.5,148.0,148.0,2000,0.0,0.0
2025-05-16 02:15:00+00:00,148.0,148.0,148.0,148.0,1000,0.0,0.0
2025-05-16 02:20:00+00:00,148.0,148.0,148.0,148.0,1000,0.0,0.0
2025-05-16 02:25:00+00:00,148.0,148.0,148.0,148.0,1000,0.0,0.0
2025-05-16 02:30:00+00:00,148.0,148.0,148.0,148.0,2000,0.0,0.0
2025-05-16 02:35:00+00:00,147.5,147.5,147.5,147.5,2000,0.0,0.0
2025-05-16 02:40:00+00:00,148.0,148.5,148.0,148.5,6000,0.0,0.0
2025-05-16 02:45:00+00:00,148.0,148.5,148.0,148.5,2000,0.0,0.0
2025-05-16 02:50:00+00:00,148.0,148.5,148.0,148.5,2000,0.0,0.0
2025-05-16 02:55:00+00:00,149.0,149.5,148.5,149.5,4089,0.0,0.0
2025-05-16 03:00:00+00:00,149.0,149.5,149.0,149.5,3238,0.0,0.0
2025-05-16 03:05:00+00:00,149.5,150.0,149.0,150.0,5000,0.0,0.0
2025-05-16 03:10:00+00:00,149.5,149.5,149.5,149.5,1000,0.0,0.0
2025-05-16 03:15:00+00:00,149.0,150.0,149.0,150.0,5000,0.0,0.0
2025-05-16 03:20:00+00:00,149.5,149.5,149.5,149.5,2000,0.0,0.0
2025-05-16 03:25:00+00:00,149.5,150.0,149.5,150.0,2000,0.0,0.0
2025-05-16 03:30:00+00:00,149.5,149.5,149.5,149.5,1000,0.0,0.0
2025-05-16 03:35:00+00:00,149.5,150.0,149.5,150.0,2000,0.0,0.0
2025-05-16 03:40:00+00:00,149.5,150.0,149.5,150.0,2000,0.0,0.0
2025-05-16 03:45:00+00:00,149.5,149.5,149.5,149.5,1000,0.0,0.0
2025-05-16 03:50:00+00:00,149.0,149.0,149.0,149.0,1000,0.0,0.0
2025-05-16 03:55:00+00:00,149.5,150.5,149.0,150.5,11000,0.0,0.0
2025-05-16 04:00:00+00:00,150.0,150.0,150.0,150.0,1000,0.0,0.0
2025-05-16 04:05:00+00:00,151.0,151.0,150.5,150.5,8179,0.0,0.0
2025-05-16 04:10:00+00:00,150.0,150.0,150.0,150.0,1001,0.0,0.0
2025-05-16 04:15:00+00:00,150.0,150.0,150.0,150.0,1000,0.0,0.0
2025-05-16 04:20:00+00:00,149.5,149.5,149.5,149.5,1000,0.0,0.0
2025-05-16 04:25:00+00:00,149.5,149.5,149.5,149.5,1000,0.0,0.0
2025-05-16 04:30:00+00:00,150.5,150.5,150.0,150.0,2000,0.0,0.0
2025-05-16 04:35:00+00:00,150.5,150.5,150.0,150.0,2000,0.0,0.0
2025-05-16 04:40:00+00:00,149.5,149.5,149.5,149.5,1000,0.0,0.0
2025-05-16 04:45:00+00:00,149.5,150.5,149.5,150.5,2100,0.0,0.0
2025-05-16 04:50:00+00:00,150.0,150.0,150.0,150.0,1000,0.0,0.0
2025-05-16 04:55:00+00:00,149.5,150.5,149.5,150.5,2099,0.0,0.0
2025-05-16 05:05:00+00:00,150.5,150.5,150.5,150.5,1200,0.0,0.0
2025-05-19 01:40:00+00:00,151.0,151.0,151.0,151.0,0,0.0,0.0
2025-05-19 01:50:00+00:00,149.5,149.5,149.5,149.5,1000,0.0,0.0
2025-05-19 02:35:00+00:00,149.0,149.0,149.0,149.0,1000,0.0,0.0
2025-05-19 04:25:00+00:00,150.5,151.0,150.5,151.0,2001,0.0,0.0
2025-05-19 05:00:00+00:00,150.5,150.5,150.5,150.5,1000,0.0,0.0
2025-05-19 05:20:00+00:00,150.5,150.5,150.5,150.5,1000,0.0,0.0
2025-05-20 01:10:00+00:00,150.5,151.5,150.5,151.5,2004,0.0,0.0
2025-05-20 01:15:00+00:00,151.0,151.0,151.0,151.0,1000,0.0,0.0
2025-05-20 01:20:00+00:00,151.0,151.0,151.0,151.0,1000,0.0,0.0
2025-05-20 01:35:00+00:00,151.0,151.0,151.0,151.0,1030,0.0,0.0
2025-05-20 02:20:00+00:00,150.0,150.0,150.0,150.0,1329,0.0,0.0
2025-05-20 04:15:00+00:00,150.0,150.0,150.0,150.0,1000,0.0,0.0
2025-05-20 04:55:00+00:00,150.0,150.0,150.0,150.0,2000,0.0,0.0
2025-05-20 05:20:00+00:00,150.5,150.5,150.5,150.5,2000,0.0,0.0
2025-05-21 01:10:00+00:00,150.0,150.0,150.0,150.0,1000,0.0,0.0
2025-05-21 02:05:00+00:00,150.0,150.0,150.0,150.0,1000,0.0,0.0
2025-05-21 02:10:00+00:00,150.5,150.5,150.5,150.5,1040,0.0,0.0
2025-05-21 04:30:00+00:00,150.5,150.5,150.5,150.5,2150,0.0,0.0
2025-05-21 04:40:00+00:00,151.0,151.0,151.0,151.0,1000,0.0,0.0
2025-05-21 05:00:00+00:00,151.0,151.0,149.0,149.0,4177,0.0,0.0
2025-05-21 05:20:00+00:00,149.5,149.5,149.5,149.5,1025,0.0,0.0
2025-05-22 01:00:00+00:00,147.5,147.5,147.5,147.5,0,0.0,0.0
2025-05-22 01:05:00+00:00,148.5,148.5,148.5,148.5,2400,0.0,0.0
2025-05-22 01:20:00+00:00,148.5,149.5,148.5,149.5,1000,0.0,0.0
2025-05-22 01:25:00+00:00,149.5,149.5,149.5,149.5,2000,0.0,0.0
2025-05-22 01:35:00+00:00,150.0,150.0,150.0,150.0,1000,0.0,0.0
2025-05-22 01:55:00+00:00,150.0,150.5,150.0,150.5,5000,0.0,0.0
2025-05-22 02:00:00+00:00,150.5,151.0,150.5,151.0,5050,0.0,0.0
2025-05-22 02:15:00+00:00,151.0,152.0,151.0,152.0,6010,0.0,0.0
2025-05-22 02:45:00+00:00,152.0,156.0,152.0,156.0,15100,0.0,0.0
2025-05-22 02:50:00+00:00,156.0,156.0,156.0,156.0,1019,0.0,0.0
2025-05-22 03:05:00+00:00,154.0,155.5,154.0,155.5,3050,0.0,0.0
2025-05-22 03:25:00+00:00,154.5,154.5,153.5,153.5,2000,0.0,0.0
2025-05-22 03:30:00+00:00,153.0,153.0,153.0,153.0,1000,0.0,0.0
2025-05-22 03:45:00+00:00,154.5,155.5,154.5,155.5,4105,0.0,0.0
2025-05-22 04:10:00+00:00,155.0,155.0,155.0,155.0,1008,0.0,0.0
2025-05-22 04:25:00+00:00,155.0,155.0,155.0,155.0,2000,0.0,0.0
2025-05-22 04:40:00+00:00,155.5,155.5,155.5,155.5,2062,0.0,0.0
2025-05-22 04:45:00+00:00,155.5,155.5,155.5,155.5,2149,0.0,0.0
2025-05-22 05:05:00+00:00,155.5,155.5,155.5,155.5,3125,0.0,0.0
2025-05-22 05:20:00+00:00,155.5,155.5,153.5,153.5,4100,0.0,0.0
2025-05-23 01:00:00+00:00,155.0,156.0,154.5,156.0,0,0.0,0.0
2025-05-23 01:05:00+00:00,157.0,158.5,157.0,158.5,6113,0.0,0.0
2025-05-23 01:10:00+00:00,158.5,161.5,158.5,161.0,19170,0.0,0.0
2025-05-23 01:15:00+00:00,160.0,160.0,158.5,158.5,5020,0.0,0.0
2025-05-23 01:20:00+00:00,158.5,158.5,158.5,158.5,1000,0.0,0.0
2025-05-23 01:35:00+00:00,159.5,159.5,159.5,159.5,1050,0.0,0.0
2025-05-23 01:40:00+00:00,159.0,159.0,159.0,159.0,1005,0.0,0.0
2025-05-23 01:55:00+00:00,158.5,158.5,158.0,158.0,2005,0.0,0.0
2025-05-23 02:00:00+00:00,157.5,157.5,157.5,157.5,2000,0.0,0.0
2025-05-23 02:05:00+00:00,157.5,157.5,157.5,157.5,1000,0.0,0.0
2025-05-23 02:10:00+00:00,157.0,157.5,157.0,157.0,6050,0.0,0.0
2025-05-23 02:15:00+00:00,158.0,158.5,158.0,158.5,2016,0.0,0.0
2025-05-23 02:20:00+00:00,157.0,157.0,156.5,156.5,2000,0.0,0.0
2025-05-23 02:30:00+00:00,156.5,156.5,156.5,156.5,1000,0.0,0.0
2025-05-23 02:40:00+00:00,157.0,157.0,157.0,157.0,2000,0.0,0.0
2025-05-23 02:45:00+00:00,157.5,158.5,157.5,158.5,2000,0.0,0.0
2025-05-23 02:50:00+00:00,158.0,158.0,158.0,158.0,1050,0.0,0.0
2025-05-23 04:00:00+00:00,158.0,158.0,158.0,158.0,1000,0.0,0.0
2025-05-23 04:05:00+00:00,157.0,157.0,156.5,156.5,4146,0.0,0.0
2025-05-23 04:40:00+00:00,154.0,154.0,154.0,154.0,6133,0.0,0.0
2025-05-23 04:45:00+00:00,153.5,154.0,153.5,154.0,7000,0.0,0.0
2025-05-23 04:50:00+00:00,156.0,156.0,156.0,156.0,1000,0.0,0.0
2025-05-23 05:05:00+00:00,155.5,155.5,155.5,155.5,2000,0.0,0.0
2025-05-23 05:20:00+00:00,154.0,155.5,154.0,155.5,3000,0.0,0.0
2025-05-26 01:00:00+00:00,153.5,156.0,153.5,155.0,0,0.0,0.0
2025-05-26 01:10:00+00:00,156.0,156.5,156.0,156.5,3003,0.0,0.0
2025-05-26 01:35:00+00:00,154.5,154.5,154.5,154.5,1000,0.0,0.0
2025-05-26 01:40:00+00:00,153.5,153.5,153.5,153.5,1000,0.0,0.0
2025-05-26 01:45:00+00:00,153.5,153.5,153.5,153.5,1178,0.0,0.0
2025-05-26 02:00:00+00:00,153.5,153.5,153.5,153.5,1000,0.0,0.0
2025-05-26 02:25:00+00:00,154.5,154.5,154.5,154.5,1000,0.0,0.0
2025-05-26 02:55:00+00:00,154.5,154.5,154.5,154.5,1000,0.0,0.0
2025-05-26 03:05:00+00:00,155.0,155.0,155.0,155.0,1000,0.0,0.0
2025-05-26 03:10:00+00:00,155.0,155.5,155.0,155.5,2076,0.0,0.0
2025-05-26 04:20:00+00:00,154.0,154.0,154.0,154.0,2000,0.0,0.0
2025-05-26 04:35:00+00:00,154.0,154.0,154.0,154.0,1500,0.0,0.0
2025-05-26 05:20:00+00:00,154.0,155.5,154.0,155.5,5000,0.0,0.0
2025-05-27 01:05:00+00:00,155.5,156.0,155.5,156.0,0,0.0,0.0
2025-05-27 01:45:00+00:00,153.5,153.5,153.5,153.5,1000,0.0,0.0
2025-05-27 01:50:00+00:00,153.5,153.5,153.5,153.5,1000,0.0,0.0
2025-05-27 02:20:00+00:00,153.5,153.5,153.5,153.5,1000,0.0,0.0
2025-05-27 02:30:00+00:00,153.0,153.0,153.0,153.0,1000,0.0,0.0
2025-05-27 02:40:00+00:00,152.5,152.5,152.5,152.5,1000,0.0,0.0
2025-05-27 02:45:00+00:00,152.0,152.0,152.0,152.0,1000,0.0,0.0
2025-05-27 03:15:00+00:00,152.5,152.5,152.5,152.5,1020,0.0,0.0
2025-05-27 03:30:00+00:00,152.0,152.0,152.0,152.0,4183,0.0,0.0
2025-05-27 04:15:00+00:00,151.0,151.0,151.0,151.0,2165,0.0,0.0
2025-05-27 04:30:00+00:00,150.5,150.5,150.5,150.5,1000,0.0,0.0
2025-05-27 04:40:00+00:00,149.5,149.5,149.5,149.5,3009,0.0,0.0
2025-05-27 04:55:00+00:00,151.0,151.0,150.0,150.0,8000,0.0,0.0
2025-05-27 05:10:00+00:00,150.0,150.0,150.0,150.0,1220,0.0,0.0
2025-05-27 05:15:00+00:00,150.5,150.5,150.5,150.5,2640,0.0,0.0
2025-05-28 01:00:00+00:00,154.0,154.5,154.0,154.5,0,0.0,0.0
2025-05-28 01:20:00+00:00,152.0,152.0,152.0,152.0,1000,0.0,0.0
2025-05-28 01:25:00+00:00,151.0,151.0,151.0,151.0,1000,0.0,0.0
2025-05-28 01:30:00+00:00,152.5,153.0,152.5,153.0,2155,0.0,0.0
2025-05-28 02:10:00+00:00,151.0,151.0,150.5,150.5,2144,0.0,0.0
2025-05-28 03:15:00+00:00,151.5,151.5,151.5,151.5,1006,0.0,0.0
2025-05-28 03:20:00+00:00,152.5,153.0,152.5,153.0,2026,0.0,0.0
2025-05-28 04:35:00+00:00,151.0,151.0,150.5,150.5,3000,0.0,0.0
2025-05-28 05:00:00+00:00,150.5,150.5,150.5,150.5,2000,0.0,0.0
2025-05-29 01:00:00+00:00,152.0,152.0,152.0,152.0,0,0.0,0.0
2025-05-29 01:15:00+00:00,150.0,150.0,149.5,149.5,2000,0.0,0.0
2025-05-29 01:30:00+00:00,148.5,148.5,148.5,148.5,3000,0.0,0.0
2025-05-29 01:35:00+00:00,148.5,148.5,148.5,148.5,1110,0.0,0.0
2025-05-29 01:50:00+00:00,148.5,148.5,148.5,148.5,3000,0.0,0.0
2025-05-29 01:55:00+00:00,149.0,149.0,149.0,149.0,1016,0.0,0.0
2025-05-29 02:00:00+00:00,148.5,148.5,148.5,148.5,1000,0.0,0.0
2025-05-29 02:40:00+00:00,148.5,148.5,148.5,148.5,1462,0.0,0.0
2025-05-29 03:25:00+00:00,149.0,149.0,149.0,149.0,1000,0.0,0.0
2025-05-29 03:35:00+00:00,150.0,150.0,150.0,150.0,4010,0.0,0.0
2025-05-29 04:05:00+00:00,150.0,150.0,150.0,150.0,2020,0.0,0.0
2025-05-29 05:00:00+00:00,150.0,150.0,150.0,150.0,5140,0.0,0.0
2025-05-29 05:15:00+00:00,151.0,151.0,151.0,151.0,1000,0.0,0.0
2025-06-02 01:15:00+00:00,152.0,152.5,152.0,152.5,0,0.0,0.0
2025-06-02 01:35:00+00:00,152.0,152.0,152.0,152.0,1000,0.0,0.0
2025-06-02 01:40:00+00:00,152.0,152.0,152.0,152.0,1000,0.0,0.0
2025-06-02 01:50:00+00:00,151.0,151.0,151.0,151.0,1000,0.0,0.0
2025-06-02 01:55:00+00:00,150.5,150.5,150.5,150.5,2000,0.0,0.0
2025-06-02 02:05:00+00:00,151.5,151.5,151.5,151.5,1000,0.0,0.0
2025-06-02 02:10:00+00:00,151.0,151.0,151.0,151.0,1000,0.0,0.0
2025-06-02 03:30:00+00:00,150.0,150.0,150.0,150.0,1000,0.0,0.0
2025-06-02 04:00:00+00:00,150.0,150.0,150.0,150.0,1010,0.0,0.0
2025-06-02 05:20:00+00:00,150.0,150.0,150.0,150.0,3000,0.0,0.0
2025-06-03 01:00:00+00:00,150.0,151.5,149.5,149.5,0,0.0,0.0
2025-06-03 01:25:00+00:00,151.5,153.5,151.5,153.5,6061,0.0,0.0
2025-06-03 01:30:00+00:00,153.0,153.0,153.0,153.0,3170,0.0,0.0
2025-06-03 02:40:00+00:00,150.5,150.5,150.5,150.5,1094,0.0,0.0
2025-06-03 04:40:00+00:00,150.0,150.0,150.0,150.0,3050,0.0,0.0
2025-06-03 05:20:00+00:00,150.0,150.0,149.5,149.5,6000,0.0,0.0
2025-06-04 01:00:00+00:00,152.5,152.5,152.5,152.5,0,0.0,0.0
2025-06-04 01:30:00+00:00,151.0,151.0,151.0,151.0,1000,0.0,0.0
2025-06-04 01:40:00+00:00,152.0,152.0,152.0,152.0,1000,0.0,0.0
2025-06-04 01:45:00+00:00,152.0,152.5,152.0,152.5,6100,0.0,0.0
2025-06-04 02:10:00+00:00,152.0,152.0,152.0,152.0,2000,0.0,0.0
2025-06-04 04:10:00+00:00,151.0,151.0,150.5,150.5,4023,0.0,0.0
2025-06-04 05:20:00+00:00,150.5,151.5,150.5,151.5,2000,0.0,0.0
2025-06-05 01:00:00+00:00,150.0,150.0,150.0,150.0,0,0.0,0.0
2025-06-05 01:05:00+00:00,150.0,150.0,150.0,150.0,3000,0.0,0.0
2025-06-05 01:10:00+00:00,153.0,153.0,153.0,153.0,1010,0.0,0.0
2025-06-05 01:25:00+00:00,150.0,150.0,150.0,150.0,1000,0.0,0.0
2025-06-05 01:50:00+00:00,151.5,151.5,151.5,151.5,3000,0.0,0.0
2025-06-05 02:15:00+00:00,151.5,151.5,151.5,151.5,1000,0.0,0.0
2025-06-05 03:40:00+00:00,152.0,152.0,152.0,152.0,4000,0.0,0.0
2025-06-05 03:45:00+00:00,152.0,153.5,152.0,153.5,21095,0.0,0.0
2025-06-05 04:25:00+00:00,153.5,153.5,153.5,153.5,1011,0.0,0.0
2025-06-05 05:10:00+00:00,152.5,152.5,152.0,152.0,13000,0.0,0.0
2025-06-05 05:20:00+00:00,151.5,152.5,151.0,152.5,7385,0.0,0.0
2025-06-06 01:00:00+00:00,151.5,153.0,151.5,151.5,0,0.0,0.0
2025-06-06 01:05:00+00:00,151.0,151.0,151.0,151.0,2000,0.0,0.0
2025-06-06 01:15:00+00:00,151.0,153.0,151.0,151.5,4000,0.0,0.0
2025-06-06 01:25:00+00:00,151.5,151.5,151.5,151.5,1100,0.0,0.0
2025-06-06 02:15:00+00:00,152.5,152.5,152.5,152.5,2202,0.0,0.0
2025-06-06 05:20:00+00:00,152.0,152.0,152.0,152.0,2000,0.0,0.0
2025-06-09 01:00:00+00:00,153.0,153.0,153.0,153.0,0,0.0,0.0
2025-06-09 01:20:00+00:00,151.5,151.5,151.5,151.5,2000,0.0,0.0
2025-06-09 02:35:00+00:00,152.5,152.5,152.5,152.5,1000,0.0,0.0
2025-06-09 02:40:00+00:00,152.5,153.0,152.5,153.0,2000,0.0,0.0
2025-06-09 02:45:00+00:00,153.0,153.0,153.0,153.0,2000,0.0,0.0
2025-06-09 03:00:00+00:00,152.0,152.0,152.0,152.0,2000,0.0,0.0
2025-06-09 04:25:00+00:00,153.0,153.5,153.0,153.5,9000,0.0,0.0
2025-06-09 04:40:00+00:00,153.5,153.5,153.5,153.5,2022,0.0,0.0
2025-06-09 05:05:00+00:00,153.5,154.5,153.0,153.0,11000,0.0,0.0
2025-06-09 05:10:00+00:00,154.5,154.5,154.5,154.5,2078,0.0,0.0
2025-06-09 05:20:00+00:00,155.0,155.0,155.0,155.0,3337,0.0,0.0
2025-06-10 01:05:00+00:00,153.0,153.0,153.0,153.0,0,0.0,0.0
2025-06-10 01:30:00+00:00,153.0,153.0,153.0,153.0,1012,0.0,0.0
2025-06-10 01:55:00+00:00,153.0,153.0,153.0,153.0,2082,0.0,0.0
2025-06-10 02:20:00+00:00,153.0,153.0,153.0,153.0,1000,0.0,0.0
2025-06-10 02:40:00+00:00,154.0,154.0,154.0,154.0,1000,0.0,0.0
2025-06-10 02:55:00+00:00,153.5,153.5,153.5,153.5,1000,0.0,0.0
2025-06-10 03:20:00+00:00,153.0,153.0,153.0,153.0,2000,0.0,0.0
2025-06-10 03:50:00+00:00,153.5,153.5,153.5,153.5,1130,0.0,0.0
2025-06-10 04:30:00+00:00,153.0,153.0,152.5,152.5,7030,0.0,0.0
2025-06-11 01:00:00+00:00,156.0,156.0,155.0,155.5,0,0.0,0.0
2025-06-11 02:30:00+00:00,152.0,152.0,152.0,152.0,2000,0.0,0.0
2025-06-11 03:45:00+00:00,152.0,152.0,152.0,152.0,2000,0.0,0.0
2025-06-11 04:00:00+00:00,152.0,152.0,152.0,152.0,1000,0.0,0.0
2025-06-12 01:00:00+00:00,152.5,152.5,152.5,152.5,1010,0.0,0.0
2025-06-12 03:50:00+00:00,151.0,151.0,151.0,151.0,4018,0.0,0.0
2025-06-12 03:55:00+00:00,150.5,150.5,150.5,150.5,1000,0.0,0.0
2025-06-12 04:05:00+00:00,150.5,150.5,150.5,150.5,2000,0.0,0.0
2025-06-12 05:05:00+00:00,150.5,150.5,150.0,150.0,17071,0.0,0.0
2025-06-12 05:10:00+00:00,149.5,149.5,149.5,149.5,2000,0.0,0.0
2025-06-12 05:15:00+00:00,149.0,149.0,149.0,149.0,5000,0.0,0.0
2025-06-12 05:20:00+00:00,149.5,149.5,149.0,149.0,6009,0.0,0.0
2025-06-13 01:00:00+00:00,147.5,147.5,147.0,147.0,0,0.0,0.0
2025-06-13 01:20:00+00:00,146.0,146.0,145.5,145.5,5000,0.0,0.0
2025-06-13 01:25:00+00:00,146.0,146.0,146.0,146.0,1000,0.0,0.0
2025-06-13 01:30:00+00:00,146.0,147.0,146.0,147.0,2100,0.0,0.0
2025-06-13 02:10:00+00:00,147.0,147.0,147.0,147.0,3000,0.0,0.0
2025-06-13 02:20:00+00:00,147.5,149.5,147.5,149.5,4000,0.0,0.0
2025-06-13 02:30:00+00:00,147.0,147.0,147.0,147.0,2000,0.0,0.0
2025-06-13 02:35:00+00:00,149.0,149.0,149.0,149.0,1000,0.0,0.0
2025-06-13 02:40:00+00:00,147.0,147.0,147.0,147.0,2003,0.0,0.0
2025-06-13 03:00:00+00:00,147.0,147.0,147.0,147.0,2000,0.0,0.0
2025-06-13 03:05:00+00:00,147.0,147.0,147.0,147.0,1000,0.0,0.0
2025-06-13 03:15:00+00:00,146.0,146.0,146.0,146.0,2000,0.0,0.0
2025-06-13 03:20:00+00:00,146.0,146.0,146.0,146.0,3165,0.0,0.0
2025-06-13 03:25:00+00:00,145.5,145.5,145.0,145.0,3609,0.0,0.0
2025-06-13 03:40:00+00:00,142.5,143.5,142.5,143.5,4000,0.0,0.0
2025-06-13 03:45:00+00:00,143.5,144.0,143.0,144.0,3000,0.0,0.0
2025-06-13 03:50:00+00:00,144.5,145.0,144.5,145.0,3100,0.0,0.0
2025-06-13 04:20:00+00:00,143.5,143.5,143.5,143.5,3000,0.0,0.0
2025-06-13 04:25:00+00:00,143.0,143.0,143.0,143.0,2000,0.0,0.0
2025-06-13 04:35:00+00:00,143.0,143.0,143.0,143.0,2000,0.0,0.0
2025-06-13 04:40:00+00:00,143.0,143.0,143.0,143.0,1000,0.0,0.0
2025-06-13 04:50:00+00:00,143.0,143.0,143.0,143.0,3000,0.0,0.0
2025-06-13 04:55:00+00:00,143.0,143.0,143.0,143.0,3000,0.0,0.0
2025-06-13 05:00:00+00:00,143.0,143.0,143.0,143.0,2010,0.0,0.0
2025-06-13 05:10:00+00:00,143.5,143.5,143.5,143.5,2000,0.0,0.0
2025-06-13 05:20:00+00:00,143.5,145.0,143.5,145.0,8005,0.0,0.0
2025-06-16 01:00:00+00:00,145.0,145.0,145.0,145.0,0,0.0,0.0
2025-06-16 01:10:00+00:00,144.0,146.5,144.0,146.5,3000,0.0,0.0
2025-06-16 01:30:00+00:00,145.0,146.0,144.5,146.0,3000,0.0,0.0
2025-06-16 01:50:00+00:00,146.0,146.0,144.5,144.5,2000,0.0,0.0
2025-06-16 02:00:00+00:00,145.5,145.5,145.5,145.5,2000,0.0,0.0
2025-06-16 02:20:00+00:00,144.5,144.5,143.5,143.5,8000,0.0,0.0
2025-06-16 02:25:00+00:00,143.5,143.5,143.5,143.5,3100,0.0,0.0
2025-06-16 02:30:00+00:00,143.5,143.5,143.5,143.5,1000,0.0,0.0
2025-06-16 02:40:00+00:00,143.5,143.5,143.0,143.0,5010,0.0,0.0
2025-06-16 02:45:00+00:00,143.0,143.0,142.5,142.5,3228,0.0,0.0
2025-06-16 03:00:00+00:00,143.0,143.0,143.0,143.0,3000,0.0,0.0
2025-06-16 03:05:00+00:00,142.5,142.5,142.5,142.5,1000,0.0,0.0
2025-06-16 03:10:00+00:00,142.5,142.5,142.5,142.5,1019,0.0,0.0
2025-06-16 03:30:00+00:00,142.0,142.0,142.0,142.0,1937,0.0,0.0
2025-06-16 04:05:00+00:00,142.5,142.5,141.5,141.5,7000,0.0,0.0
2025-06-16 04:35:00+00:00,142.0,142.0,142.0,142.0,2000,0.0,0.0
2025-06-16 04:40:00+00:00,141.5,141.5,141.5,141.5,1068,0.0,0.0
2025-06-16 05:00:00+00:00,141.5,141.5,141.0,141.0,2000,0.0,0.0
2025-06-16 05:05:00+00:00,141.0,141.0,141.0,141.0,4389,0.0,0.0
2025-06-16 05:10:00+00:00,141.0,141.0,141.0,141.0,1000,0.0,0.0
2025-06-16 05:15:00+00:00,141.0,141.0,141.0,141.0,2010,0.0,0.0
2025-06-16 05:20:00+00:00,141.0,141.0,141.0,141.0,3610,0.0,0.0
2025-06-17 01:00:00+00:00,145.0,145.5,145.0,145.5,0,0.0,0.0
2025-06-17 01:05:00+00:00,144.0,144.0,144.0,144.0,1034,0.0,0.0
2025-06-17 01:30:00+00:00,143.5,144.0,143.5,144.0,2000,0.0,0.0
2025-06-17 01:40:00+00:00,144.0,144.0,144.0,144.0,1000,0.0,0.0
2025-06-17 01:45:00+00:00,143.5,143.5,143.5,143.5,1000,0.0,0.0
2025-06-17 01:50:00+00:00,143.5,143.5,143.5,143.5,1000,0.0,0.0
2025-06-17 02:00:00+00:00,143.5,143.5,143.5,143.5,1000,0.0,0.0
2025-06-17 02:40:00+00:00,143.5,143.5,143.5,143.5,1000,0.0,0.0
2025-06-17 02:50:00+00:00,144.5,144.5,144.5,144.5,1000,0.0,0.0
2025-06-17 03:05:00+00:00,144.5,144.5,144.5,144.5,1000,0.0,0.0
2025-06-17 03:20:00+00:00,144.0,144.0,144.0,144.0,1000,0.0,0.0
2025-06-17 03:30:00+00:00,144.0,144.0,143.5,143.5,2130,0.0,0.0
2025-06-17 05:10:00+00:00,144.0,144.0,144.0,144.0,1000,0.0,0.0
2025-06-17 05:20:00+00:00,143.5,143.5,143.5,143.5,1000,0.0,0.0
2025-06-18 01:00:00+00:00,143.5,146.5,143.5,146.5,3276,0.0,0.0
2025-06-18 01:25:00+00:00,144.0,144.0,144.0,144.0,1000,0.0,0.0
2025-06-18 01:30:00+00:00,143.5,144.5,143.5,144.5,2000,0.0,0.0
2025-06-18 02:05:00+00:00,144.5,145.0,143.0,145.0,6000,0.0,0.0
2025-06-18 02:40:00+00:00,143.5,143.5,143.5,143.5,1050,0.0,0.0
2025-06-18 03:10:00+00:00,143.5,143.5,143.5,143.5,1000,0.0,0.0
2025-06-18 03:15:00+00:00,143.5,143.5,143.5,143.5,1000,0.0,0.0
2025-06-18 03:25:00+00:00,144.5,144.5,143.5,143.5,3000,0.0,0.0
2025-06-18 03:30:00+00:00,144.5,144.5,144.5,144.5,1000,0.0,0.0
2025-06-18 03:45:00+00:00,144.5,144.5,144.5,144.5,1005,0.0,0.0
2025-06-18 04:00:00+00:00,144.5,146.0,144.5,146.0,15000,0.0,0.0
2025-06-18 04:05:00+00:00,145.0,146.5,145.0,146.5,2045,0.0,0.0
2025-06-18 04:10:00+00:00,146.5,146.5,145.0,145.0,2000,0.0,0.0
2025-06-18 04:15:00+00:00,145.0,145.0,145.0,145.0,3101,0.0,0.0
2025-06-18 04:55:00+00:00,145.0,145.0,145.0,145.0,3019,0.0,0.0
2025-06-18 05:00:00+00:00,144.5,144.5,143.5,143.5,8110,0.0,0.0
2025-06-18 05:05:00+00:00,143.0,144.5,142.5,144.5,9130,0.0,0.0
2025-06-18 05:10:00+00:00,144.0,144.0,144.0,144.0,1000,0.0,0.0
2025-06-18 05:20:00+00:00,144.0,144.0,144.0,144.0,1000,0.0,0.0
2025-06-19 01:00:00+00:00,142.0,144.0,142.0,144.0,0,0.0,0.0
2025-06-19 01:05:00+00:00,142.0,143.0,142.0,143.0,2000,0.0,0.0
2025-06-19 01:15:00+00:00,143.5,143.5,143.5,143.5,1010,0.0,0.0
2025-06-19 01:25:00+00:00,143.5,143.5,143.5,143.5,5000,0.0,0.0
2025-06-19 01:35:00+00:00,142.5,142.5,142.0,142.0,2000,0.0,0.0
2025-06-19 01:40:00+00:00,142.0,142.0,142.0,142.0,1000,0.0,0.0
2025-06-19 01:45:00+00:00,142.0,142.0,142.0,142.0,1000,0.0,0.0
2025-06-19 02:05:00+00:00,143.0,143.0,141.5,143.0,3120,0.0,0.0
2025-06-19 02:55:00+00:00,142.0,142.0,142.0,142.0,1176,0.0,0.0
2025-06-19 03:55:00+00:00,142.0,142.0,142.0,142.0,1000,0.0,0.0
2025-06-19 04:10:00+00:00,142.5,142.5,141.5,141.5,4000,0.0,0.0
2025-06-19 04:30:00+00:00,141.5,141.5,141.5,141.5,1000,0.0,0.0
2025-06-19 04:35:00+00:00,142.5,142.5,142.5,142.5,2000,0.0,0.0
2025-06-19 04:55:00+00:00,142.5,142.5,142.5,142.5,1100,0.0,0.0
2025-06-19 05:10:00+00:00,142.0,142.0,142.0,142.0,1020,0.0,0.0
2025-06-19 05:20:00+00:00,141.5,141.5,141.5,141.5,1000,0.0,0.0
2025-06-20 01:10:00+00:00,143.0,143.0,143.0,143.0,0,0.0,0.0
2025-06-20 01:35:00+00:00,141.5,141.5,140.0,140.0,7010,0.0,0.0
2025-06-20 01:40:00+00:00,140.5,140.5,140.0,140.0,2012,0.0,0.0
2025-06-20 01:45:00+00:00,140.0,140.0,140.0,140.0,2000,0.0,0.0
2025-06-20 01:50:00+00:00,139.5,139.5,138.5,138.5,3111,0.0,0.0
2025-06-20 01:55:00+00:00,139.5,139.5,139.5,139.5,3100,0.0,0.0
2025-06-20 02:05:00+00:00,139.0,139.0,139.0,139.0,1000,0.0,0.0
2025-06-20 02:10:00+00:00,139.0,139.0,139.0,139.0,5039,0.0,0.0
2025-06-20 02:15:00+00:00,139.0,139.0,139.0,139.0,1000,0.0,0.0
2025-06-20 02:20:00+00:00,139.5,141.0,139.5,141.0,6000,0.0,0.0
2025-06-20 02:25:00+00:00,139.5,139.5,139.5,139.5,1000,0.0,0.0
2025-06-20 02:35:00+00:00,141.0,141.5,141.0,141.5,4000,0.0,0.0
2025-06-20 03:30:00+00:00,141.5,141.5,141.5,141.5,1100,0.0,0.0
2025-06-20 03:50:00+00:00,141.5,141.5,141.5,141.5,2000,0.0,0.0
2025-06-20 04:30:00+00:00,141.0,141.0,141.0,141.0,1000,0.0,0.0
2025-06-20 04:40:00+00:00,141.0,141.0,141.0,141.0,1000,0.0,0.0
2025-06-20 05:05:00+00:00,141.5,141.5,141.5,141.5,1000,0.0,0.0
2025-06-20 05:10:00+00:00,142.0,142.0,142.0,142.0,2000,0.0,0.0
2025-06-20 05:20:00+00:00,141.5,141.5,141.5,141.5,1000,0.0,0.0
2025-06-23 01:05:00+00:00,142.5,143.0,142.5,143.0,0,0.0,0.0
2025-06-23 01:15:00+00:00,144.0,145.0,144.0,145.0,3000,0.0,0.0
2025-06-23 01:25:00+00:00,144.5,144.5,144.5,144.5,2011,0.0,0.0
2025-06-23 04:00:00+00:00,143.5,143.5,143.5,143.5,2001,0.0,0.0
2025-06-23 05:20:00+00:00,144.0,144.0,142.5,142.5,4000,0.0,0.0
2025-06-24 01:00:00+00:00,143.0,145.0,143.0,145.0,0,0.0,0.0
2025-06-24 01:05:00+00:00,145.5,148.0,145.5,147.5,9000,0.0,0.0
2025-06-24 01:10:00+00:00,148.0,148.0,148.0,148.0,4000,0.0,0.0
2025-06-24 01:15:00+00:00,148.5,149.5,148.5,149.5,7119,0.0,0.0
2025-06-24 01:20:00+00:00,152.5,153.5,152.5,153.5,3000,0.0,0.0
2025-06-24 01:25:00+00:00,153.0,153.0,153.0,153.0,1249,0.0,0.0
2025-06-24 01:30:00+00:00,153.5,153.5,153.0,153.0,3274,0.0,0.0
2025-06-24 01:35:00+00:00,154.0,156.0,154.0,156.0,15825,0.0,0.0
2025-06-24 01:40:00+00:00,156.0,156.5,156.0,156.5,30570,0.0,0.0
2025-06-24 01:45:00+00:00,156.5,156.5,156.5,156.5,5601,0.0,0.0
2025-06-24 01:55:00+00:00,156.5,156.5,156.5,156.5,1024,0.0,0.0
2025-06-24 02:00:00+00:00,156.5,156.5,156.5,156.5,2000,0.0,0.0
2025-06-24 02:10:00+00:00,156.5,156.5,156.5,156.5,3140,0.0,0.0
2025-06-24 02:30:00+00:00,156.5,156.5,156.5,156.5,1855,0.0,0.0
2025-06-24 02:35:00+00:00,156.5,156.5,156.5,156.5,6000,0.0,0.0
2025-06-24 02:50:00+00:00,156.5,156.5,156.5,156.5,1000,0.0,0.0
2025-06-24 03:15:00+00:00,156.5,156.5,156.5,156.5,1000,0.0,0.0
2025-06-24 03:40:00+00:00,156.5,156.5,156.5,156.5,1000,0.0,0.0
2025-06-24 04:10:00+00:00,156.5,156.5,156.5,156.5,1000,0.0,0.0
2025-06-24 04:15:00+00:00,156.5,156.5,156.5,156.5,3000,0.0,0.0
2025-06-24 04:35:00+00:00,156.5,156.5,156.5,156.5,1000,0.0,0.0
2025-06-24 05:05:00+00:00,156.5,156.5,156.5,156.5,1001,0.0,0.0
2025-06-24 05:20:00+00:00,156.5,156.5,156.5,156.5,3000,0.0,0.0
2025-06-25 01:00:00+00:00,156.5,156.5,156.5,156.5,0,0.0,0.0
2025-06-25 01:05:00+00:00,153.5,153.5,153.0,153.0,5422,0.0,0.0
2025-06-25 01:15:00+00:00,154.0,155.0,154.0,155.0,3080,0.0,0.0
2025-06-25 01:20:00+00:00,154.5,154.5,154.5,154.5,1020,0.0,0.0
2025-06-25 01:25:00+00:00,154.5,155.0,154.0,155.0,4265,0.0,0.0
2025-06-25 01:30:00+00:00,156.0,156.5,156.0,156.5,2000,0.0,0.0
2025-06-25 01:35:00+00:00,157.0,157.0,157.0,157.0,1000,0.0,0.0
2025-06-25 01:40:00+00:00,157.5,158.0,156.5,156.5,7000,0.0,0.0
2025-06-25 01:45:00+00:00,155.5,155.5,155.5,155.5,1003,0.0,0.0
2025-06-25 01:55:00+00:00,155.5,155.5,154.5,154.5,3048,0.0,0.0
2025-06-25 02:05:00+00:00,154.5,154.5,154.5,154.5,1000,0.0,0.0
2025-06-25 02:10:00+00:00,154.5,154.5,154.5,154.5,1100,0.0,0.0
2025-06-25 02:25:00+00:00,155.0,155.0,154.5,154.5,5100,0.0,0.0
2025-06-25 02:30:00+00:00,155.0,155.0,155.0,155.0,4002,0.0,0.0
2025-06-25 02:35:00+00:00,156.5,157.0,156.5,157.0,2000,0.0,0.0
2025-06-25 02:40:00+00:00,156.5,156.5,156.5,156.5,1000,0.0,0.0
2025-06-25 02:45:00+00:00,156.0,157.5,156.0,157.5,3000,0.0,0.0
2025-06-25 03:00:00+00:00,155.5,155.5,155.5,155.5,1000,0.0,0.0
2025-06-25 03:45:00+00:00,155.0,155.0,154.0,154.0,6050,0.0,0.0
2025-06-25 04:40:00+00:00,154.0,154.0,154.0,154.0,1100,0.0,0.0
2025-06-25 05:05:00+00:00,154.0,154.0,154.0,154.0,1000,0.0,0.0
2025-06-25 05:10:00+00:00,154.0,154.5,153.0,154.5,5100,0.0,0.0
2025-06-25 05:15:00+00:00,154.0,154.0,154.0,154.0,1000,0.0,0.0
2025-06-25 05:20:00+00:00,153.0,153.0,153.0,153.0,2050,0.0,0.0
2025-06-26 01:00:00+00:00,153.0,157.0,153.0,157.0,0,0.0,0.0
2025-06-26 01:20:00+00:00,156.5,156.5,154.5,154.5,2000,0.0,0.0
2025-06-26 01:25:00+00:00,155.5,155.5,155.5,155.5,1065,0.0,0.0
2025-06-26 01:30:00+00:00,155.0,155.0,155.0,155.0,1000,0.0,0.0
2025-06-26 01:35:00+00:00,156.0,158.5,156.0,158.0,24000,0.0,0.0
2025-06-26 01:40:00+00:00,157.0,158.5,155.0,158.5,8000,0.0,0.0
2025-06-26 01:45:00+00:00,159.0,159.0,159.0,159.0,1022,0.0,0.0
2025-06-26 02:05:00+00:00,159.0,159.5,158.5,158.5,8000,0.0,0.0
2025-06-26 02:10:00+00:00,158.5,159.0,158.5,159.0,2000,0.0,0.0
2025-06-26 02:15:00+00:00,159.0,159.0,159.0,159.0,1000,0.0,0.0
2025-06-26 02:35:00+00:00,158.0,158.0,158.0,158.0,0,0.0,0.0
2025-06-26 02:40:00+00:00,158.0,158.0,158.0,158.0,63365,0.0,0.0
2025-06-26 02:45:00+00:00,158.5,158.5,158.0,158.0,4000,0.0,0.0
2025-06-26 02:50:00+00:00,158.0,158.0,158.0,158.0,2000,0.0,0.0
2025-06-26 03:00:00+00:00,158.0,158.5,158.0,158.5,4000,0.0,0.0
2025-06-26 03:05:00+00:00,159.0,160.5,159.0,160.5,11250,0.0,0.0
2025-06-26 03:10:00+00:00,161.0,161.5,161.0,161.5,14174,0.0,0.0
2025-06-26 03:15:00+00:00,161.5,162.0,161.0,161.0,7010,0.0,0.0
2025-06-26 03:20:00+00:00,160.5,160.5,160.5,160.5,1000,0.0,0.0
2025-06-26 03:25:00+00:00,161.0,161.0,161.0,161.0,0,0.0,0.0
2025-06-26 03:30:00+00:00,161.5,162.0,161.5,162.0,110849,0.0,0.0
2025-06-26 03:40:00+00:00,161.5,162.0,161.5,161.5,4003,0.0,0.0
2025-06-26 03:50:00+00:00,162.0,163.0,162.0,163.0,8003,0.0,0.0
2025-06-26 03:55:00+00:00,162.5,162.5,161.5,161.5,6000,0.0,0.0
2025-06-26 04:10:00+00:00,161.5,161.5,161.5,161.5,1000,0.0,0.0
2025-06-26 04:20:00+00:00,161.5,161.5,161.5,161.5,1000,0.0,0.0
2025-06-26 04:25:00+00:00,161.5,161.5,161.5,161.5,1236,0.0,0.0
2025-06-26 04:30:00+00:00,161.0,161.0,161.0,161.0,3000,0.0,0.0
2025-06-26 04:35:00+00:00,160.0,160.0,160.0,160.0,1000,0.0,0.0
2025-06-26 04:40:00+00:00,160.0,160.0,160.0,160.0,1000,0.0,0.0
2025-06-26 04:45:00+00:00,160.0,160.0,160.0,160.0,1172,0.0,0.0
2025-06-26 05:05:00+00:00,159.0,159.0,159.0,159.0,1000,0.0,0.0
2025-06-26 05:15:00+00:00,159.0,159.0,158.0,158.0,4000,0.0,0.0
2025-06-26 05:20:00+00:00,158.0,158.5,157.0,158.5,5010,0.0,0.0
2025-06-27 01:00:00+00:00,173.5,173.5,173.5,173.5,0,0.0,0.0
2025-06-27 01:05:00+00:00,173.5,173.5,173.5,173.5,8000,0.0,0.0
2025-06-27 01:10:00+00:00,173.5,173.5,173.5,173.5,18129,0.0,0.0
2025-06-27 01:20:00+00:00,173.5,173.5,173.5,173.5,3416,0.0,0.0
2025-06-27 01:25:00+00:00,173.5,173.5,173.5,173.5,1040,0.0,0.0
2025-06-27 01:30:00+00:00,173.5,173.5,173.5,173.5,1003,0.0,0.0
2025-06-27 01:35:00+00:00,173.5,173.5,173.5,173.5,2075,0.0,0.0
2025-06-27 01:50:00+00:00,173.5,173.5,173.5,173.5,1000,0.0,0.0
2025-06-27 01:55:00+00:00,173.5,173.5,173.5,173.5,1010,0.0,0.0
2025-06-27 02:00:00+00:00,173.5,173.5,173.5,173.5,1809,0.0,0.0
2025-06-27 02:15:00+00:00,173.5,173.5,173.5,173.5,2000,0.0,0.0
2025-06-27 02:20:00+00:00,173.5,173.5,173.5,173.5,1756,0.0,0.0
2025-06-27 02:45:00+00:00,173.5,173.5,173.5,173.5,1000,0.0,0.0
2025-06-27 02:50:00+00:00,173.5,173.5,173.5,173.5,1000,0.0,0.0
2025-06-27 02:55:00+00:00,173.5,173.5,173.5,173.5,4362,0.0,0.0
2025-06-27 03:20:00+00:00,173.5,173.5,173.5,173.5,1610,0.0,0.0
2025-06-27 04:10:00+00:00,173.5,173.5,173.5,173.5,2006,0.0,0.0
2025-06-27 04:30:00+00:00,173.5,173.5,173.5,173.5,2001,0.0,0.0
2025-06-27 04:45:00+00:00,173.5,173.5,173.5,173.5,1000,0.0,0.0
2025-06-27 04:50:00+00:00,173.5,173.5,173.5,173.5,1000,0.0,0.0
2025-06-27 05:10:00+00:00,173.5,173.5,173.5,173.5,1007,0.0,0.0
2025-06-27 05:20:00+00:00,173.5,173.5,173.5,173.5,1800,0.0,0.0
2025-06-30 01:00:00+00:00,176.0,177.0,170.0,173.5,76976,0.0,0.0
2025-06-30 01:05:00+00:00,172.0,173.0,170.5,171.5,27000,0.0,0.0
2025-06-30 01:10:00+00:00,172.5,174.5,172.0,172.0,47759,0.0,0.0
2025-06-30 01:15:00+00:00,172.0,174.0,172.0,174.0,14410,0.0,0.0
2025-06-30 01:20:00+00:00,174.0,175.5,172.5,172.5,23945,0.0,0.0
2025-06-30 01:25:00+00:00,174.0,175.0,174.0,175.0,10021,0.0,0.0
2025-06-30 01:30:00+00:00,175.0,176.0,174.0,176.0,6109,0.0,0.0
2025-06-30 01:35:00+00:00,176.0,178.0,175.5,177.5,30100,0.0,0.0
2025-06-30 01:40:00+00:00,177.0,177.5,176.5,176.5,13100,0.0,0.0
2025-06-30 01:45:00+00:00,175.5,175.5,175.0,175.0,2104,0.0,0.0
2025-06-30 01:50:00+00:00,174.5,174.5,174.5,174.5,2100,0.0,0.0
2025-06-30 01:55:00+00:00,174.0,177.0,174.0,176.5,26868,0.0,0.0
2025-06-30 02:00:00+00:00,176.5,176.5,176.0,176.0,4003,0.0,0.0
2025-06-30 02:05:00+00:00,177.0,177.0,177.0,177.0,2010,0.0,0.0
2025-06-30 02:10:00+00:00,177.0,178.0,177.0,178.0,7095,0.0,0.0
2025-06-30 02:15:00+00:00,178.0,179.5,177.5,178.0,55425,0.0,0.0
2025-06-30 02:20:00+00:00,177.5,177.5,176.0,176.0,12209,0.0,0.0
2025-06-30 02:25:00+00:00,176.5,176.5,176.5,176.5,1011,0.0,0.0
2025-06-30 02:30:00+00:00,176.0,176.5,176.0,176.5,3055,0.0,0.0
2025-06-30 02:40:00+00:00,176.0,176.0,176.0,176.0,3048,0.0,0.0
2025-06-30 03:05:00+00:00,175.0,175.0,174.0,174.0,8130,0.0,0.0
2025-06-30 03:15:00+00:00,174.5,174.5,174.0,174.0,10120,0.0,0.0
2025-06-30 03:20:00+00:00,175.5,175.5,174.0,174.0,8001,0.0,0.0
2025-06-30 03:25:00+00:00,174.5,174.5,174.5,174.5,1003,0.0,0.0
2025-06-30 03:30:00+00:00,174.5,174.5,174.5,174.5,1000,0.0,0.0
2025-06-30 03:35:00+00:00,174.5,174.5,174.5,174.5,2000,0.0,0.0
2025-06-30 03:40:00+00:00,174.5,174.5,174.5,174.5,2000,0.0,0.0
2025-06-30 03:45:00+00:00,175.0,175.0,175.0,175.0,2019,0.0,0.0
2025-06-30 04:00:00+00:00,174.5,174.5,174.5,174.5,1278,0.0,0.0
2025-06-30 04:05:00+00:00,174.5,174.5,174.5,174.5,2000,0.0,0.0
2025-06-30 04:10:00+00:00,174.5,174.5,174.5,174.5,1005,0.0,0.0
2025-06-30 04:15:00+00:00,174.0,174.0,174.0,174.0,3005,0.0,0.0
2025-06-30 04:20:00+00:00,174.5,174.5,174.5,174.5,3200,0.0,0.0
2025-06-30 04:25:00+00:00,174.0,174.5,174.0,174.5,0,0.0,0.0
2025-06-30 04:35:00+00:00,174.5,174.5,174.5,174.5,1200,0.0,0.0
2025-06-30 04:55:00+00:00,174.5,174.5,174.5,174.5,5700,0.0,0.0
2025-06-30 05:05:00+00:00,175.0,175.0,175.0,175.0,1010,0.0,0.0
2025-06-30 05:10:00+00:00,175.5,175.5,175.0,175.0,4372,0.0,0.0
2025-06-30 05:20:00+00:00,174.0,176.5,173.5,176.5,21040,0.0,0.0
2025-07-01 01:00:00+00:00,176.5,177.0,175.5,176.0,0,0.0,0.0
2025-07-01 01:05:00+00:00,177.0,177.0,177.0,177.0,2894,0.0,0.0
2025-07-01 01:10:00+00:00,177.5,177.5,176.5,177.5,4405,0.0,0.0
2025-07-01 01:15:00+00:00,177.5,177.5,177.0,177.0,6005,0.0,0.0
2025-07-01 01:20:00+00:00,176.5,176.5,174.5,174.5,6075,0.0,0.0
2025-07-01 01:25:00+00:00,174.5,174.5,174.5,174.5,4010,0.0,0.0
2025-07-01 01:30:00+00:00,175.0,175.0,174.0,174.0,4035,0.0,0.0
2025-07-01 01:35:00+00:00,175.0,175.0,173.5,174.5,8000,0.0,0.0
2025-07-01 01:40:00+00:00,175.5,175.5,175.0,175.0,2000,0.0,0.0
2025-07-01 01:45:00+00:00,174.0,174.0,174.0,174.0,7025,0.0,0.0
2025-07-01 01:50:00+00:00,174.5,174.5,174.5,174.5,1000,0.0,0.0
2025-07-01 01:55:00+00:00,174.5,174.5,174.5,174.5,1000,0.0,0.0
2025-07-01 02:00:00+00:00,174.5,174.5,174.5,174.5,2200,0.0,0.0
2025-07-01 02:10:00+00:00,174.0,174.0,172.5,172.5,11220,0.0,0.0
2025-07-01 02:15:00+00:00,172.5,172.5,172.5,172.5,6000,0.0,0.0
2025-07-01 02:25:00+00:00,172.5,174.5,172.5,174.5,8104,0.0,0.0
2025-07-01 02:35:00+00:00,174.0,174.0,173.5,173.5,3000,0.0,0.0
2025-07-01 03:10:00+00:00,174.0,174.0,173.5,173.5,2000,0.0,0.0
2025-07-01 03:25:00+00:00,173.0,173.0,173.0,173.0,1000,0.0,0.0
2025-07-01 03:40:00+00:00,172.5,172.5,172.5,172.5,2227,0.0,0.0
2025-07-01 03:55:00+00:00,172.0,173.5,171.0,173.0,10000,0.0,0.0
2025-07-01 04:00:00+00:00,173.5,175.0,173.5,175.0,6148,0.0,0.0
2025-07-01 04:05:00+00:00,175.0,176.0,175.0,175.0,5000,0.0,0.0
2025-07-01 04:10:00+00:00,175.0,175.0,174.5,175.0,4000,0.0,0.0
2025-07-01 04:20:00+00:00,174.5,174.5,174.5,174.5,1000,0.0,0.0
2025-07-01 04:30:00+00:00,174.5,174.5,174.5,174.5,1152,0.0,0.0
2025-07-01 05:00:00+00:00,174.5,175.0,174.0,174.0,10046,0.0,0.0
2025-07-01 05:10:00+00:00,174.0,174.0,174.0,174.0,1230,0.0,0.0
2025-07-01 05:15:00+00:00,174.0,174.0,174.0,174.0,2010,0.0,0.0
2025-07-01 05:20:00+00:00,173.5,173.5,173.5,173.5,1142,0.0,0.0
2025-07-02 01:00:00+00:00,170.5,174.5,170.5,174.5,0,0.0,0.0
2025-07-02 01:05:00+00:00,173.0,174.5,173.0,174.5,6000,0.0,0.0
2025-07-02 01:15:00+00:00,174.0,174.0,174.0,174.0,1000,0.0,0.0
2025-07-02 01:25:00+00:00,173.5,174.0,173.5,174.0,3020,0.0,0.0
2025-07-02 01:30:00+00:00,174.5,175.0,174.5,175.0,6015,0.0,0.0
2025-07-02 01:35:00+00:00,175.5,176.0,175.5,176.0,13000,0.0,0.0
2025-07-02 01:40:00+00:00,176.5,176.5,176.0,176.5,3000,0.0,0.0
2025-07-02 01:45:00+00:00,176.5,176.5,175.0,175.0,9000,0.0,0.0
2025-07-02 01:50:00+00:00,175.0,175.0,175.0,175.0,1000,0.0,0.0
2025-07-02 01:55:00+00:00,175.5,175.5,175.5,175.5,1009,0.0,0.0
2025-07-02 02:10:00+00:00,175.0,175.0,175.0,175.0,2313,0.0,0.0
2025-07-02 02:20:00+00:00,175.0,175.0,175.0,175.0,2200,0.0,0.0
2025-07-02 02:35:00+00:00,175.5,175.5,175.5,175.5,1000,0.0,0.0
2025-07-02 02:45:00+00:00,175.5,175.5,175.5,175.5,2070,0.0,0.0
2025-07-02 03:05:00+00:00,175.0,175.0,175.0,175.0,2000,0.0,0.0
2025-07-02 03:10:00+00:00,174.5,174.5,174.5,174.5,1009,0.0,0.0
2025-07-02 03:35:00+00:00,174.0,174.0,174.0,174.0,1000,0.0,0.0
2025-07-02 03:40:00+00:00,173.5,173.5,173.0,173.0,3004,0.0,0.0
2025-07-02 03:55:00+00:00,173.0,173.0,173.0,173.0,1000,0.0,0.0
2025-07-02 04:00:00+00:00,173.0,173.0,173.0,173.0,1000,0.0,0.0
2025-07-02 04:15:00+00:00,174.5,174.5,174.5,174.5,2000,0.0,0.0
2025-07-02 04:25:00+00:00,175.0,175.5,175.0,175.5,2225,0.0,0.0
2025-07-02 04:45:00+00:00,175.5,175.5,175.5,175.5,4253,0.0,0.0
2025-07-02 04:55:00+00:00,176.0,176.0,176.0,176.0,1040,0.0,0.0
2025-07-02 05:00:00+00:00,176.0,176.0,176.0,176.0,5043,0.0,0.0
2025-07-02 05:05:00+00:00,176.0,176.0,176.0,176.0,1500,0.0,0.0
2025-07-02 05:10:00+00:00,176.0,176.0,176.0,176.0,3000,0.0,0.0
2025-07-02 05:15:00+00:00,176.0,177.0,176.0,177.0,14931,0.0,0.0
2025-07-02 05:20:00+00:00,177.0,177.5,177.0,177.5,3413,0.0,0.0
2025-07-03 01:00:00+00:00,179.5,182.0,179.5,181.0,0,0.0,0.0
2025-07-03 01:05:00+00:00,181.0,181.5,180.5,180.5,10514,0.0,0.0
2025-07-03 01:10:00+00:00,181.0,181.0,181.0,181.0,2249,0.0,0.0
2025-07-03 01:15:00+00:00,180.5,180.5,180.0,180.0,4011,0.0,0.0
2025-07-03 01:20:00+00:00,179.5,179.5,179.5,179.5,4050,0.0,0.0
2025-07-03 01:25:00+00:00,180.0,180.5,180.0,180.5,2062,0.0,0.0
2025-07-03 01:35:00+00:00,179.0,179.0,179.0,179.0,2010,0.0,0.0
2025-07-03 01:40:00+00:00,178.5,178.5,177.5,177.5,8192,0.0,0.0
2025-07-03 01:55:00+00:00,178.0,178.0,178.0,178.0,3003,0.0,0.0
2025-07-03 02:00:00+00:00,178.5,178.5,177.5,177.5,3000,0.0,0.0
2025-07-03 02:05:00+00:00,177.5,177.5,177.5,177.5,1000,0.0,0.0
2025-07-03 02:10:00+00:00,177.5,177.5,177.5,177.5,1000,0.0,0.0
2025-07-03 02:15:00+00:00,177.0,177.0,176.5,177.0,3013,0.0,0.0
2025-07-03 02:20:00+00:00,177.0,177.0,177.0,177.0,2100,0.0,0.0
2025-07-03 02:25:00+00:00,177.0,178.5,177.0,177.0,4000,0.0,0.0
2025-07-03 02:30:00+00:00,177.0,177.0,177.0,177.0,1000,0.0,0.0
2025-07-03 02:35:00+00:00,177.0,177.0,177.0,177.0,1005,0.0,0.0
2025-07-03 03:00:00+00:00,176.5,176.5,176.5,176.5,2030,0.0,0.0
2025-07-03 03:35:00+00:00,176.0,176.0,176.0,176.0,2100,0.0,0.0
2025-07-03 03:40:00+00:00,176.0,176.0,176.0,176.0,1000,0.0,0.0
2025-07-03 03:50:00+00:00,177.0,179.0,177.0,178.5,9100,0.0,0.0
2025-07-03 03:55:00+00:00,179.0,179.5,179.0,179.5,6011,0.0,0.0
2025-07-03 04:10:00+00:00,179.0,179.0,178.5,178.5,3000,0.0,0.0
2025-07-03 04:30:00+00:00,178.0,178.0,178.0,178.0,3000,0.0,0.0
2025-07-03 04:35:00+00:00,178.5,179.5,178.5,179.5,10000,0.0,0.0
2025-07-03 04:40:00+00:00,179.5,180.0,179.5,180.0,4087,0.0,0.0
2025-07-03 04:45:00+00:00,180.0,180.0,180.0,180.0,1000,0.0,0.0
2025-07-03 04:50:00+00:00,180.0,180.0,180.0,180.0,2805,0.0,0.0
2025-07-03 04:55:00+00:00,180.5,180.5,180.5,180.5,2843,0.0,0.0
2025-07-03 05:00:00+00:00,180.5,180.5,180.5,180.5,4000,0.0,0.0
2025-07-03 05:05:00+00:00,180.5,180.5,180.0,180.0,4014,0.0,0.0
2025-07-03 05:10:00+00:00,180.5,180.5,180.5,180.5,2000,0.0,0.0
2025-07-03 05:15:00+00:00,181.0,181.0,181.0,181.0,2050,0.0,0.0
2025-07-03 05:20:00+00:00,180.5,181.0,180.0,180.0,4051,0.0,0.0
2025-05-06 01:00:00+00:00,143.5,143.5,143.5,143.5,0,0.0,0.0
2025-05-06 01:40:00+00:00,144.0,144.5,144.0,144.5,2000,0.0,0.0
2025-05-06 01:50:00+00:00,143.0,143.0,143.0,143.0,1100,0.0,0.0
2025-05-06 02:15:00+00:00,144.5,144.5,144.5,144.5,1068,0.0,0.0
2025-05-06 03:20:00+00:00,144.5,145.0,144.5,145.0,13053,0.0,0.0
2025-05-06 03:25:00+00:00,145.5,146.5,145.5,146.5,3000,0.0,0.0
2025-05-06 03:40:00+00:00,145.5,145.5,145.5,145.5,1050,0.0,0.0
2025-05-06 04:20:00+00:00,144.0,144.0,144.0,144.0,1100,0.0,0.0
2025-05-06 05:15:00+00:00,145.0,145.5,145.0,145.5,3000,0.0,0.0
2025-05-06 05:20:00+00:00,145.5,145.5,145.5,145.5,1000,0.0,0.0
2025-05-07 01:05:00+00:00,145.5,147.0,145.5,147.0,3027,0.0,0.0
2025-05-07 02:20:00+00:00,145.5,145.5,145.0,145.0,2007,0.0,0.0
2025-05-07 03:05:00+00:00,145.0,145.0,145.0,145.0,1000,0.0,0.0
2025-05-07 03:30:00+00:00,144.5,144.5,144.5,144.5,1000,0.0,0.0
2025-05-07 03:35:00+00:00,145.0,145.0,145.0,145.0,4010,0.0,0.0
2025-05-07 05:00:00+00:00,144.0,144.0,144.0,144.0,1000,0.0,0.0
2025-05-07 05:20:00+00:00,144.0,144.0,144.0,144.0,2000,0.0,0.0
2025-05-08 01:00:00+00:00,146.0,147.0,146.0,147.0,0,0.0,0.0
2025-05-08 02:15:00+00:00,147.0,147.5,147.0,147.5,0,0.0,0.0
2025-05-08 02:20:00+00:00,147.5,147.5,147.5,147.5,2000,0.0,0.0
2025-05-08 02:45:00+00:00,146.0,146.0,146.0,146.0,1000,0.0,0.0
2025-05-08 02:55:00+00:00,145.0,145.0,145.0,145.0,1001,0.0,0.0
2025-05-08 03:00:00+00:00,145.5,145.5,145.0,145.0,2000,0.0,0.0
2025-05-08 03:05:00+00:00,145.5,145.5,145.5,145.5,1130,0.0,0.0
2025-05-08 03:20:00+00:00,146.0,146.0,146.0,146.0,1125,0.0,0.0
2025-05-08 04:15:00+00:00,146.0,146.0,146.0,146.0,1007,0.0,0.0
2025-05-08 04:55:00+00:00,146.0,146.0,145.5,145.5,5000,0.0,0.0
2025-05-08 05:00:00+00:00,146.5,146.5,146.5,146.5,6000,0.0,0.0
2025-05-08 05:05:00+00:00,147.0,147.5,147.0,147.5,3000,0.0,0.0
2025-05-08 05:20:00+00:00,147.5,147.5,146.0,146.0,3000,0.0,0.0
2025-05-09 01:00:00+00:00,146.5,149.0,146.5,149.0,0,0.0,0.0
2025-05-09 01:15:00+00:00,148.0,148.0,148.0,148.0,3000,0.0,0.0
2025-05-09 01:20:00+00:00,148.5,149.5,148.5,149.5,16100,0.0,0.0
2025-05-09 01:25:00+00:00,150.0,150.0,150.0,150.0,5000,0.0,0.0
2025-05-09 01:30:00+00:00,151.5,151.5,150.0,150.0,3350,0.0,0.0
2025-05-09 01:35:00+00:00,151.5,152.0,151.5,152.0,2000,0.0,0.0
2025-05-09 01:40:00+00:00,152.0,153.5,152.0,153.5,8220,0.0,0.0
2025-05-09 01:45:00+00:00,153.5,153.5,153.5,153.5,1108,0.0,0.0
2025-05-09 01:55:00+00:00,153.5,153.5,153.5,153.5,1050,0.0,0.0
2025-05-09 02:20:00+00:00,151.0,151.0,150.0,150.0,6218,0.0,0.0
2025-05-09 04:45:00+00:00,149.0,149.0,149.0,149.0,1089,0.0,0.0
2025-05-09 04:50:00+00:00,149.0,149.0,149.0,149.0,4000,0.0,0.0
2025-05-09 05:10:00+00:00,149.0,149.0,149.0,149.0,2000,0.0,0.0
2025-05-09 05:20:00+00:00,151.0,151.0,151.0,151.0,1000,0.0,0.0
2025-05-12 01:05:00+00:00,156.0,156.0,156.0,156.0,0,0.0,0.0
2025-05-12 01:30:00+00:00,154.5,155.5,154.5,155.5,4000,0.0,0.0
2025-05-12 01:50:00+00:00,154.5,154.5,154.5,154.5,1080,0.0,0.0
2025-05-12 02:25:00+00:00,152.0,152.0,152.0,152.0,2069,0.0,0.0
2025-05-12 03:10:00+00:00,152.0,153.5,152.0,153.5,3000,0.0,0.0
2025-05-12 03:30:00+00:00,153.5,153.5,153.5,153.5,2000,0.0,0.0
2025-05-12 04:05:00+00:00,153.5,154.0,153.5,154.0,2314,0.0,0.0
2025-05-13 01:00:00+00:00,154.0,156.5,154.0,156.5,5100,0.0,0.0
2025-05-13 01:10:00+00:00,154.0,154.0,154.0,154.0,1000,0.0,0.0
2025-05-13 01:20:00+00:00,152.5,152.5,152.5,152.5,2190,0.0,0.0
2025-05-13 01:50:00+00:00,152.0,152.0,152.0,152.0,2001,0.0,0.0
2025-05-13 02:00:00+00:00,152.0,152.0,152.0,152.0,1000,0.0,0.0
2025-05-13 02:05:00+00:00,152.0,152.0,152.0,152.0,1000,0.0,0.0
2025-05-13 02:30:00+00:00,152.0,153.0,151.5,151.5,5070,0.0,0.0
2025-05-13 02:35:00+00:00,151.5,151.5,150.5,150.5,5142,0.0,0.0
2025-05-13 02:40:00+00:00,151.0,151.0,151.0,151.0,3000,0.0,0.0
2025-05-13 02:55:00+00:00,151.0,151.0,151.0,151.0,2000,0.0,0.0
2025-05-13 03:00:00+00:00,150.5,150.5,150.5,150.5,2123,0.0,0.0
2025-05-13 03:10:00+00:00,150.0,150.0,150.0,150.0,3017,0.0,0.0
2025-05-13 03:35:00+00:00,150.5,150.5,150.5,150.5,1000,0.0,0.0
2025-05-13 03:40:00+00:00,150.5,150.5,150.5,150.5,1000,0.0,0.0
2025-05-13 03:45:00+00:00,151.0,151.0,151.0,151.0,2743,0.0,0.0
2025-05-13 04:00:00+00:00,150.5,150.5,150.5,150.5,1000,0.0,0.0
2025-05-13 04:40:00+00:00,150.0,150.0,149.5,149.5,3036,0.0,0.0
2025-05-13 04:50:00+00:00,149.0,149.0,149.0,149.0,1000,0.0,0.0
2025-05-13 05:00:00+00:00,149.0,149.0,149.0,149.0,1000,0.0,0.0
2025-05-13 05:05:00+00:00,149.0,149.0,149.0,149.0,1000,0.0,0.0
2025-05-13 05:20:00+00:00,149.5,152.5,149.5,152.5,9104,0.0,0.0
2025-05-14 01:00:00+00:00,147.5,148.0,147.5,148.0,5000,0.0,0.0
2025-05-14 01:05:00+00:00,150.0,151.5,150.0,151.5,2000,0.0,0.0
2025-05-14 01:10:00+00:00,149.0,149.0,149.0,149.0,1000,0.0,0.0
2025-05-14 01:15:00+00:00,150.0,151.0,150.0,151.0,2000,0.0,0.0
2025-05-14 01:25:00+00:00,150.0,150.0,149.0,149.0,3000,0.0,0.0
2025-05-14 01:45:00+00:00,149.0,149.0,149.0,149.0,1000,0.0,0.0
2025-05-14 01:50:00+00:00,148.5,150.5,148.5,150.5,3093,0.0,0.0
2025-05-14 02:10:00+00:00,148.5,148.5,148.5,148.5,2000,0.0,0.0
2025-05-14 02:15:00+00:00,148.0,148.0,147.0,148.0,19000,0.0,0.0
2025-05-14 02:20:00+00:00,148.0,148.0,148.0,148.0,4000,0.0,0.0
2025-05-14 02:35:00+00:00,148.5,148.5,148.5,148.5,2140,0.0,0.0
2025-05-14 02:50:00+00:00,149.0,149.0,149.0,149.0,1000,0.0,0.0
2025-05-14 02:55:00+00:00,149.0,149.0,149.0,149.0,1000,0.0,0.0
2025-05-14 03:05:00+00:00,149.5,149.5,149.5,149.5,1000,0.0,0.0
2025-05-14 03:40:00+00:00,149.5,149.5,149.5,149.5,2000,0.0,0.0
2025-05-14 03:45:00+00:00,149.5,149.5,149.5,149.5,2000,0.0,0.0
2025-05-14 04:10:00+00:00,149.5,149.5,149.5,149.5,2404,0.0,0.0
2025-05-14 04:25:00+00:00,149.5,149.5,149.5,149.5,2006,0.0,0.0
2025-05-14 04:30:00+00:00,149.5,149.5,149.5,149.5,1018,0.0,0.0
2025-05-14 04:40:00+00:00,150.0,150.0,150.0,150.0,3018,0.0,0.0
2025-05-14 04:50:00+00:00,150.0,150.0,150.0,150.0,1006,0.0,0.0
2025-05-14 04:55:00+00:00,150.5,150.5,150.5,150.5,1011,0.0,0.0
2025-05-14 05:00:00+00:00,150.5,151.0,150.5,151.0,10285,0.0,0.0
2025-05-14 05:10:00+00:00,151.5,151.5,151.5,151.5,3061,0.0,0.0
2025-05-15 01:00:00+00:00,150.5,150.5,150.0,150.0,0,0.0,0.0
2025-05-15 01:10:00+00:00,152.0,152.5,150.0,150.0,3010,0.0,0.0
2025-05-15 01:15:00+00:00,149.5,149.5,149.0,149.0,4000,0.0,0.0
2025-05-15 01:20:00+00:00,149.0,149.0,149.0,149.0,2000,0.0,0.0
2025-05-15 01:35:00+00:00,149.0,149.0,148.5,148.5,3000,0.0,0.0
2025-05-15 01:40:00+00:00,148.5,148.5,148.5,148.5,1068,0.0,0.0
2025-05-15 01:55:00+00:00,148.5,148.5,148.0,148.0,6047,0.0,0.0
2025-05-15 02:10:00+00:00,149.5,149.5,149.5,149.5,1093,0.0,0.0
2025-05-15 03:05:00+00:00,149.5,149.5,149.5,149.5,2000,0.0,0.0
2025-05-15 03:10:00+00:00,149.5,149.5,149.5,149.5,1000,0.0,0.0
2025-05-15 04:15:00+00:00,149.5,149.5,149.5,149.5,1000,0.0,0.0
2025-05-15 04:30:00+00:00,150.0,150.0,150.0,150.0,1000,0.0,0.0
2025-05-15 04:35:00+00:00,150.0,150.5,150.0,150.5,3058,0.0,0.0
2025-05-15 04:50:00+00:00,150.0,150.0,150.0,150.0,3020,0.0,0.0
2025-05-15 05:10:00+00:00,149.5,149.5,149.0,149.0,7000,0.0,0.0
2025-05-15 05:15:00+00:00,149.0,149.0,149.0,149.0,4000,0.0,0.0
2025-05-15 05:20:00+00:00,149.0,149.0,148.5,148.5,3000,0.0,0.0
2025-05-16 01:00:00+00:00,148.0,148.0,147.0,147.0,0,0.0,0.0
2025-05-16 01:05:00+00:00,147.0,147.0,146.5,146.5,7016,0.0,0.0
2025-05-16 01:10:00+00:00,148.0,148.5,147.5,147.5,3000,0.0,0.0
2025-05-16 01:15:00+00:00,147.5,148.0,147.5,148.0,3000,0.0,0.0
2025-05-16 01:20:00+00:00,147.5,147.5,147.5,147.5,1000,0.0,0.0
2025-05-16 01:25:00+00:00,147.5,147.5,147.5,147.5,1000,0.0,0.0
2025-05-16 01:30:00+00:00,147.5,147.5,147.5,147.5,2000,0.0,0.0
2025-05-16 01:35:00+00:00,147.0,147.0,147.0,147.0,1424,0.0,0.0
2025-05-16 01:40:00+00:00,147.0,148.0,147.0,148.0,7000,0.0,0.0
2025-05-16 01:45:00+00:00,147.5,147.5,147.5,147.5,2000,0.0,0.0
2025-05-16 01:50:00+00:00,147.5,147.5,147.5,147.5,1000,0.0,0.0
2025-05-16 01:55:00+00:00,147.5,147.5,147.5,147.5,1000,0.0,0.0
2025-05-16 02:00:00+00:00,148.5,148.5,148.0,148.0,3000,0.0,0.0
2025-05-16 02:05:00+00:00,148.5,148.5,148.5,148.5,7000,0.0,0.0
2025-05-16 02:10:00+00:00,148.5,148.5,148.0,148.0,2000,0.0,0.0
2025-05-16 02:15:00+00:00,148.0,148.0,148.0,148.0,1000,0.0,0.0
2025-05-16 02:20:00+00:00,148.0,148.0,148.0,148.0,1000,0.0,0.0
2025-05-16 02:25:00+00:00,148.0,148.0,148.0,148.0,1000,0.0,0.0
2025-05-16 02:30:00+00:00,148.0,148.0,148.0,148.0,2000,0.0,0.0
2025-05-16 02:35:00+00:00,147.5,147.5,147.5,147.5,2000,0.0,0.0
2025-05-16 02:40:00+00:00,148.0,148.5,148.0,148.5,6000,0.0,0.0
2025-05-16 02:45:00+00:00,148.0,148.5,148.0,148.5,2000,0.0,0.0
2025-05-16 02:50:00+00:00,148.0,148.5,148.0,148.5,2000,0.0,0.0
2025-05-16 02:55:00+00:00,149.0,149.5,148.5,149.5,4089,0.0,0.0
2025-05-16 03:00:00+00:00,149.0,149.5,149.0,149.5,3238,0.0,0.0
2025-05-16 03:05:00+00:00,149.5,150.0,149.0,150.0,5000,0.0,0.0
2025-05-16 03:10:00+00:00,149.5,149.5,149.5,149.5,1000,0.0,0.0
2025-05-16 03:15:00+00:00,149.0,150.0,149.0,150.0,5000,0.0,0.0
2025-05-16 03:20:00+00:00,149.5,149.5,149.5,149.5,2000,0.0,0.0
2025-05-16 03:25:00+00:00,149.5,150.0,149.5,150.0,2000,0.0,0.0
2025-05-16 03:30:00+00:00,149.5,149.5,149.5,149.5,1000,0.0,0.0
2025-05-16 03:35:00+00:00,149.5,150.0,149.5,150.0,2000,0.0,0.0
2025-05-16 03:40:00+00:00,149.5,150.0,149.5,150.0,2000,0.0,0.0
2025-05-16 03:45:00+00:00,149.5,149.5,149.5,149.5,1000,0.0,0.0
2025-05-16 03:50:00+00:00,149.0,149.0,149.0,149.0,1000,0.0,0.0
2025-05-16 03:55:00+00:00,149.5,150.5,149.0,150.5,11000,0.0,0.0
2025-05-16 04:00:00+00:00,150.0,150.0,150.0,150.0,1000,0.0,0.0
2025-05-16 04:05:00+00:00,151.0,151.0,150.5,150.5,8179,0.0,0.0
2025-05-16 04:10:00+00:00,150.0,150.0,150.0,150.0,1001,0.0,0.0
2025-05-16 04:15:00+00:00,150.0,150.0,150.0,150.0,1000,0.0,0.0
2025-05-16 04:20:00+00:00,149.5,149.5,149.5,149.5,1000,0.0,0.0
2025-05-16 04:25:00+00:00,149.5,149.5,149.5,149.5,1000,0.0,0.0
2025-05-16 04:30:00+00:00,150.5,150.5,150.0,150.0,2000,0.0,0.0
2025-05-16 04:35:00+00:00,150.5,150.5,150.0,150.0,2000,0.0,0.0
2025-05-16 04:40:00+00:00,149.5,149.5,149.5,149.5,1000,0.0,0.0
2025-05-16 04:45:00+00:00,149.5,150.5,149.5,150.5,2100,0.0,0.0
2025-05-16 04:50:00+00:00,150.0,150.0,150.0,150.0,1000,0.0,0.0
2025-05-16 04:55:00+00:00,149.5,150.5,149.5,150.5,2099,0.0,0.0
2025-05-16 05:05:00+00:00,150.5,150.5,150.5,150.5,1200,0.0,0.0
2025-05-19 01:40:00+00:00,151.0,151.0,151.0,151.0,0,0.0,0.0
2025-05-19 01:50:00+00:00,149.5,149.5,149.5,149.5,1000,0.0,0.0
2025-05-19 02:35:00+00:00,149.0,149.0,149.0,149.0,1000,0.0,0.0
2025-05-19 04:25:00+00:00,150.5,151.0,150.5,151.0,2001,0.0,0.0
2025-05-19 05:00:00+00:00,150.5,150.5,150.5,150.5,1000,0.0,0.0
2025-05-19 05:20:00+00:00,150.5,150.5,150.5,150.5,1000,0.0,0.0
2025-05-20 01:10:00+00:00,150.5,151.5,150.5,151.5,2004,0.0,0.0
2025-05-20 01:15:00+00:00,151.0,151.0,151.0,151.0,1000,0.0,0.0
2025-05-20 01:20:00+00:00,151.0,151.0,151.0,151.0,1000,0.0,0.0
2025-05-20 01:35:00+00:00,151.0,151.0,151.0,151.0,1030,0.0,0.0
2025-05-20 02:20:00+00:00,150.0,150.0,150.0,150.0,1329,0.0,0.0
2025-05-20 04:15:00+00:00,150.0,150.0,150.0,150.0,1000,0.0,0.0
2025-05-20 04:55:00+00:00,150.0,150.0,150.0,150.0,2000,0.0,0.0
2025-05-20 05:20:00+00:00,150.5,150.5,150.5,150.5,2000,0.0,0.0
2025-05-21 01:10:00+00:00,150.0,150.0,150.0,150.0,1000,0.0,0.0
2025-05-21 02:05:00+00:00,150.0,150.0,150.0,150.0,1000,0.0,0.0
2025-05-21 02:10:00+00:00,150.5,150.5,150.5,150.5,1040,0.0,0.0
2025-05-21 04:30:00+00:00,150.5,150.5,150.5,150.5,2150,0.0,0.0
2025-05-21 04:40:00+00:00,151.0,151.0,151.0,151.0,1000,0.0,0.0
2025-05-21 05:00:00+00:00,151.0,151.0,149.0,149.0,4177,0.0,0.0
2025-05-21 05:20:00+00:00,149.5,149.5,149.5,149.5,1025,0.0,0.0
2025-05-22 01:00:00+00:00,147.5,147.5,147.5,147.5,0,0.0,0.0
2025-05-22 01:05:00+00:00,148.5,148.5,148.5,148.5,2400,0.0,0.0
2025-05-22 01:20:00+00:00,148.5,149.5,148.5,149.5,2000,0.0,0.0
2025-05-22 01:25:00+00:00,149.5,149.5,149.5,149.5,1000,0.0,0.0
2025-05-22 01:35:00+00:00,150.0,150.0,150.0,150.0,1000,0.0,0.0
2025-05-22 01:55:00+00:00,150.0,150.5,150.0,150.5,5000,0.0,0.0
2025-05-22 02:00:00+00:00,150.5,151.0,150.5,151.0,5050,0.0,0.0
2025-05-22 02:15:00+00:00,151.0,152.0,151.0,152.0,6010,0.0,0.0
2025-05-22 02:45:00+00:00,152.0,156.0,152.0,156.0,15100,0.0,0.0
2025-05-22 02:50:00+00:00,156.0,156.0,156.0,156.0,1019,0.0,0.0
2025-05-22 03:05:00+00:00,154.0,155.5,154.0,155.5,3050,0.0,0.0
2025-05-22 03:25:00+00:00,154.5,154.5,153.5,153.5,2000,0.0,0.0
2025-05-22 03:30:00+00:00,153.0,153.0,153.0,153.0,1000,0.0,0.0
2025-05-22 03:45:00+00:00,154.5,155.5,154.5,155.5,4105,0.0,0.0
2025-05-22 04:10:00+00:00,155.0,155.0,155.0,155.0,1008,0.0,0.0
2025-05-22 04:25:00+00:00,155.0,155.0,155.0,155.0,2000,0.0,0.0
2025-05-22 04:40:00+00:00,155.5,155.5,155.5,155.5,2062,0.0,0.0
2025-05-22 04:45:00+00:00,155.5,155.5,155.5,155.5,2149,0.0,0.0
2025-05-22 05:05:00+00:00,155.5,155.5,155.5,155.5,3125,0.0,0.0
2025-05-22 05:20:00+00:00,155.5,155.5,153.5,153.5,4100,0.0,0.0
2025-05-23 01:00:00+00:00,155.0,156.0,154.5,156.0,0,0.0,0.0
2025-05-23 01:05:00+00:00,157.0,158.5,157.0,158.5,6113,0.0,0.0
2025-05-23 01:10:00+00:00,158.5,161.5,158.5,161.0,19170,0.0,0.0
2025-05-23 01:15:00+00:00,160.0,160.0,158.5,158.5,5020,0.0,0.0
2025-05-23 01:20:00+00:00,158.5,158.5,158.5,158.5,1000,0.0,0.0
2025-05-23 01:35:00+00:00,159.5,159.5,159.5,159.5,1050,0.0,0.0
2025-05-23 01:40:00+00:00,159.0,159.0,159.0,159.0,1005,0.0,0.0
2025-05-23 01:55:00+00:00,158.5,158.5,158.0,158.0,2005,0.0,0.0
2025-05-23 02:00:00+00:00,157.5,157.5,157.5,157.5,2000,0.0,0.0
2025-05-23 02:05:00+00:00,157.5,157.5,157.5,157.5,1000,0.0,0.0
2025-05-23 02:10:00+00:00,157.0,157.5,157.0,157.0,6050,0.0,0.0
2025-05-23 02:15:00+00:00,158.0,158.5,158.0,158.5,2016,0.0,0.0
2025-05-23 02:20:00+00:00,157.0,157.0,156.5,156.5,2000,0.0,0.0
2025-05-23 02:30:00+00:00,156.5,156.5,156.5,156.5,1000,0.0,0.0
2025-05-23 02:40:00+00:00,157.0,157.0,157.0,157.0,2000,0.0,0.0
2025-05-23 02:45:00+00:00,157.5,158.5,157.5,158.5,2000,0.0,0.0
2025-05-23 02:50:00+00:00,158.0,158.0,158.0,158.0,1050,0.0,0.0
2025-05-23 04:00:00+00:00,158.0,158.0,158.0,158.0,1000,0.0,0.0
2025-05-23 04:05:00+00:00,157.0,157.0,156.5,156.5,4146,0.0,0.0
2025-05-23 04:40:00+00:00,154.0,154.0,154.0,154.0,6133,0.0,0.0
2025-05-23 04:45:00+00:00,153.5,154.0,153.5,154.0,7000,0.0,0.0
2025-05-23 04:50:00+00:00,156.0,156.0,156.0,156.0,1000,0.0,0.0
2025-05-23 05:05:00+00:00,155.5,155.5,155.5,155.5,2000,0.0,0.0
2025-05-23 05:20:00+00:00,154.0,155.5,154.0,155.5,3000,0.0,0.0
2025-05-26 01:00:00+00:00,153.5,156.0,153.5,155.0,0,0.0,0.0
2025-05-26 01:10:00+00:00,156.0,156.5,156.0,156.5,3003,0.0,0.0
2025-05-26 01:35:00+00:00,154.5,154.5,154.5,154.5,1000,0.0,0.0
2025-05-26 01:40:00+00:00,153.5,153.5,153.5,153.5,1000,0.0,0.0
2025-05-26 01:45:00+00:00,153.5,153.5,153.5,153.5,1178,0.0,0.0
2025-05-26 02:00:00+00:00,153.5,153.5,153.5,153.5,1000,0.0,0.0
2025-05-26 02:25:00+00:00,154.5,154.5,154.5,154.5,1000,0.0,0.0
2025-05-26 02:55:00+00:00,154.5,154.5,154.5,154.5,1000,0.0,0.0
2025-05-26 03:05:00+00:00,155.0,155.0,155.0,155.0,1000,0.0,0.0
2025-05-26 03:10:00+00:00,155.0,155.5,155.0,155.5,2076,0.0,0.0
2025-05-26 04:20:00+00:00,154.0,154.0,154.0,154.0,2000,0.0,0.0
2025-05-26 04:35:00+00:00,154.0,154.0,154.0,154.0,1500,0.0,0.0
2025-05-26 05:20:00+00:00,154.0,155.5,154.0,155.5,5000,0.0,0.0
2025-05-27 01:05:00+00:00,155.5,156.0,155.5,156.0,0,0.0,0.0
2025-05-27 01:45:00+00:00,153.5,153.5,153.5,153.5,1000,0.0,0.0
2025-05-27 01:50:00+00:00,153.5,153.5,153.5,153.5,1000,0.0,0.0
2025-05-27 02:20:00+00:00,153.5,153.5,153.5,153.5,1000,0.0,0.0
2025-05-27 02:30:00+00:00,153.0,153.0,153.0,153.0,1000,0.0,0.0
2025-05-27 02:40:00+00:00,152.5,152.5,152.5,152.5,1000,0.0,0.0
2025-05-27 02:45:00+00:00,152.0,152.0,152.0,152.0,1000,0.0,0.0
2025-05-27 03:15:00+00:00,152.5,152.5,152.5,152.5,1020,0.0,0.0
2025-05-27 03:30:00+00:00,152.0,152.0,152.0,152.0,4183,0.0,0.0
2025-05-27 04:15:00+00:00,151.0,151.0,151.0,151.0,2165,0.0,0.0
2025-05-27 04:30:00+00:00,150.5,150.5,150.5,150.5,1000,0.0,0.0
2025-05-27 04:40:00+00:00,149.5,149.5,149.5,149.5,3009,0.0,0.0
2025-05-27 04:55:00+00:00,151.0,151.0,150.0,150.0,8000,0.0,0.0
2025-05-27 05:10:00+00:00,150.0,150.0,150.0,150.0,1220,0.0,0.0
2025-05-27 05:15:00+00:00,150.5,150.5,150.5,150.5,2640,0.0,0.0
2025-05-28 01:00:00+00:00,154.0,154.5,154.0,154.5,0,0.0,0.0
2025-05-28 01:20:00+00:00,152.0,152.0,152.0,152.0,1000,0.0,0.0
2025-05-28 01:25:00+00:00,151.0,151.0,151.0,151.0,1000,0.0,0.0
2025-05-28 01:30:00+00:00,152.5,153.0,152.5,153.0,2155,0.0,0.0
2025-05-28 02:10:00+00:00,151.0,151.0,150.5,150.5,2144,0.0,0.0
2025-05-28 03:15:00+00:00,151.5,151.5,151.5,151.5,1006,0.0,0.0
2025-05-28 03:20:00+00:00,152.5,153.0,152.5,153.0,2026,0.0,0.0
2025-05-28 04:35:00+00:00,151.0,151.0,150.5,150.5,3000,0.0,0.0
2025-05-28 05:00:00+00:00,150.5,150.5,150.5,150.5,2000,0.0,0.0
2025-05-29 01:00:00+00:00,152.0,152.0,152.0,152.0,0,0.0,0.0
2025-05-29 01:15:00+00:00,150.0,150.0,149.5,149.5,2000,0.0,0.0
2025-05-29 01:30:00+00:00,148.5,148.5,148.5,148.5,3000,0.0,0.0
2025-05-29 01:35:00+00:00,148.5,148.5,148.5,148.5,1110,0.0,0.0
2025-05-29 01:50:00+00:00,148.5,148.5,148.5,148.5,3000,0.0,0.0
2025-05-29 01:55:00+00:00,149.0,149.0,149.0,149.0,1016,0.0,0.0
2025-05-29 02:00:00+00:00,148.5,148.5,148.5,148.5,1000,0.0,0.0
2025-05-29 02:40:00+00:00,148.5,148.5,148.5,148.5,1462,0.0,0.0
2025-05-29 03:25:00+00:00,149.0,149.0,149.0,149.0,1000,0.0,0.0
2025-05-29 03:35:00+00:00,150.0,150.0,150.0,150.0,4010,0.0,0.0
2025-05-29 04:05:00+00:00,150.0,150.0,150.0,150.0,2020,0.0,0.0
2025-05-29 05:00:00+00:00,150.0,150.0,150.0,150.0,5140,0.0,0.0
2025-05-29 05:15:00+00:00,151.0,151.0,151.0,151.0,1000,0.0,0.0
2025-06-02 01:15:00+00:00,152.0,152.5,152.0,152.5,0,0.0,0.0
2025-06-02 01:35:00+00:00,152.0,152.0,152.0,152.0,1000,0.0,0.0
2025-06-02 01:40:00+00:00,152.0,152.0,152.0,152.0,1000,0.0,0.0
2025-06-02 01:50:00+00:00,151.0,151.0,151.0,151.0,1000,0.0,0.0
2025-06-02 01:55:00+00:00,150.5,150.5,150.5,150.5,2000,0.0,0.0
2025-06-02 02:05:00+00:00,151.5,151.5,151.5,151.5,1000,0.0,0.0
2025-06-02 02:10:00+00:00,151.0,151.0,151.0,151.0,1000,0.0,0.0
2025-06-02 03:30:00+00:00,150.0,150.0,150.0,150.0,1000,0.0,0.0
2025-06-02 04:00:00+00:00,150.0,150.0,150.0,150.0,1010,0.0,0.0
2025-06-02 05:20:00+00:00,150.0,150.0,150.0,150.0,3000,0.0,0.0
2025-06-03 01:00:00+00:00,150.0,151.5,149.5,149.5,0,0.0,0.0
2025-06-03 01:25:00+00:00,151.5,153.5,151.5,153.5,6061,0.0,0.0
2025-06-03 01:30:00+00:00,153.0,153.0,153.0,153.0,3170,0.0,0.0
2025-06-03 02:40:00+00:00,150.5,150.5,150.5,150.5,1094,0.0,0.0
2025-06-03 04:40:00+00:00,150.0,150.0,150.0,150.0,3050,0.0,0.0
2025-06-03 05:20:00+00:00,150.0,150.0,149.5,149.5,6000,0.0,0.0
2025-06-04 01:00:00+00:00,152.5,152.5,152.5,152.5,1000,0.0,0.0
2025-06-04 01:30:00+00:00,151.0,151.0,151.0,151.0,1000,0.0,0.0
2025-06-04 01:40:00+00:00,152.0,152.0,152.0,152.0,1000,0.0,0.0
2025-06-04 01:45:00+00:00,152.0,152.5,152.0,152.5,6100,0.0,0.0
2025-06-04 02:10:00+00:00,152.0,152.0,152.0,152.0,2000,0.0,0.0
2025-06-04 04:10:00+00:00,151.0,151.0,150.5,150.5,4023,0.0,0.0
2025-06-04 05:20:00+00:00,150.5,151.5,150.5,151.5,2000,0.0,0.0
2025-06-05 01:00:00+00:00,150.0,150.0,150.0,150.0,2000,0.0,0.0
2025-06-05 01:05:00+00:00,150.0,150.0,150.0,150.0,3000,0.0,0.0
2025-06-05 01:10:00+00:00,153.0,153.0,153.0,153.0,1010,0.0,0.0
2025-06-05 01:25:00+00:00,150.0,150.0,150.0,150.0,1000,0.0,0.0
2025-06-05 01:50:00+00:00,151.5,151.5,151.5,151.5,3000,0.0,0.0
2025-06-05 02:15:00+00:00,151.5,151.5,151.5,151.5,1000,0.0,0.0
2025-06-05 03:40:00+00:00,152.0,152.0,152.0,152.0,4000,0.0,0.0
2025-06-05 03:45:00+00:00,152.0,153.5,152.0,153.5,21095,0.0,0.0
2025-06-05 04:25:00+00:00,153.5,153.5,153.5,153.5,1011,0.0,0.0
2025-06-05 05:10:00+00:00,152.5,152.5,152.0,152.0,13000,0.0,0.0
2025-06-05 05:20:00+00:00,151.5,152.5,151.0,152.5,7385,0.0,0.0
2025-06-06 01:00:00+00:00,151.5,153.0,151.5,151.5,3000,0.0,0.0
2025-06-06 01:05:00+00:00,151.0,151.0,151.0,151.0,2000,0.0,0.0
2025-06-06 01:15:00+00:00,151.0,153.0,151.0,151.5,4000,0.0,0.0
2025-06-06 01:25:00+00:00,151.5,151.5,151.5,151.5,1100,0.0,0.0
2025-06-06 02:15:00+00:00,152.5,152.5,152.5,152.5,2202,0.0,0.0
2025-06-06 05:20:00+00:00,152.0,152.0,152.0,152.0,2000,0.0,0.0
2025-06-09 01:00:00+00:00,153.0,153.0,153.0,153.0,0,0.0,0.0
2025-06-09 01:20:00+00:00,151.5,151.5,151.5,151.5,3000,0.0,0.0
2025-06-09 02:35:00+00:00,152.5,152.5,152.5,152.5,1000,0.0,0.0
2025-06-09 02:40:00+00:00,152.5,153.0,152.5,153.0,2000,0.0,0.0
2025-06-09 02:45:00+00:00,153.0,153.0,153.0,153.0,2000,0.0,0.0
2025-06-09 03:00:00+00:00,152.0,152.0,152.0,152.0,2000,0.0,0.0
2025-06-09 04:25:00+00:00,153.0,153.5,153.0,153.5,9000,0.0,0.0
2025-06-09 04:40:00+00:00,153.5,153.5,153.5,153.5,2022,0.0,0.0
2025-06-09 05:05:00+00:00,153.5,154.5,153.0,153.0,11000,0.0,0.0
2025-06-09 05:10:00+00:00,154.5,154.5,154.5,154.5,2078,0.0,0.0
2025-06-09 05:20:00+00:00,155.0,155.0,155.0,155.0,3337,0.0,0.0
2025-06-10 01:05:00+00:00,153.0,153.0,153.0,153.0,1000,0.0,0.0
2025-06-10 01:30:00+00:00,153.0,153.0,153.0,153.0,1012,0.0,0.0
2025-06-10 01:55:00+00:00,153.0,153.0,153.0,153.0,2082,0.0,0.0
2025-06-10 02:20:00+00:00,153.0,153.0,153.0,153.0,1000,0.0,0.0
2025-06-10 02:40:00+00:00,154.0,154.0,154.0,154.0,1000,0.0,0.0
2025-06-10 02:55:00+00:00,153.5,153.5,153.5,153.5,1000,0.0,0.0
2025-06-10 03:20:00+00:00,153.0,153.0,153.0,153.0,2000,0.0,0.0
2025-06-10 03:50:00+00:00,153.5,153.5,153.5,153.5,1130,0.0,0.0
2025-06-10 04:30:00+00:00,153.0,153.0,152.5,152.5,7030,0.0,0.0
2025-06-11 01:00:00+00:00,156.0,156.0,155.0,155.5,4044,0.0,0.0
2025-06-11 02:30:00+00:00,152.0,152.0,152.0,152.0,2000,0.0,0.0
2025-06-11 03:45:00+00:00,152.0,152.0,152.0,152.0,2000,0.0,0.0
2025-06-11 04:00:00+00:00,152.0,152.0,152.0,152.0,1117,0.0,0.0
2025-06-12 01:00:00+00:00,152.5,152.5,152.5,152.5,1010,0.0,0.0
2025-06-12 03:50:00+00:00,151.0,151.0,151.0,151.0,4018,0.0,0.0
2025-06-12 03:55:00+00:00,150.5,150.5,150.5,150.5,1000,0.0,0.0
2025-06-12 04:05:00+00:00,150.5,150.5,150.5,150.5,2000,0.0,0.0
2025-06-12 05:05:00+00:00,150.5,150.5,150.0,150.0,17071,0.0,0.0
2025-06-12 05:10:00+00:00,149.5,149.5,149.5,149.5,2000,0.0,0.0
2025-06-12 05:15:00+00:00,149.0,149.0,149.0,149.0,5000,0.0,0.0
2025-06-12 05:20:00+00:00,149.5,149.5,149.0,149.0,6009,0.0,0.0
2025-06-13 01:00:00+00:00,147.5,147.5,147.0,147.0,3138,0.0,0.0
2025-06-13 01:20:00+00:00,146.0,146.0,145.5,145.5,5000,0.0,0.0
2025-06-13 01:25:00+00:00,146.0,146.0,146.0,146.0,1000,0.0,0.0
2025-06-13 01:30:00+00:00,146.0,147.0,146.0,147.0,2100,0.0,0.0
2025-06-13 02:10:00+00:00,147.0,147.0,147.0,147.0,3000,0.0,0.0
2025-06-13 02:20:00+00:00,147.5,149.5,147.5,149.5,4000,0.0,0.0
2025-06-13 02:30:00+00:00,147.0,147.0,147.0,147.0,2000,0.0,0.0
2025-06-13 02:35:00+00:00,149.0,149.0,149.0,149.0,1000,0.0,0.0
2025-06-13 02:40:00+00:00,147.0,147.0,147.0,147.0,2003,0.0,0.0
2025-06-13 03:00:00+00:00,147.0,147.0,147.0,147.0,2000,0.0,0.0
2025-06-13 03:05:00+00:00,147.0,147.0,147.0,147.0,1000,0.0,0.0
2025-06-13 03:15:00+00:00,146.0,146.0,146.0,146.0,2000,0.0,0.0
2025-06-13 03:20:00+00:00,146.0,146.0,146.0,146.0,3165,0.0,0.0
2025-06-13 03:25:00+00:00,145.5,145.5,145.0,145.0,3609,0.0,0.0
2025-06-13 03:40:00+00:00,142.5,143.5,142.5,143.5,4000,0.0,0.0
2025-06-13 03:45:00+00:00,143.5,144.0,143.0,144.0,3000,0.0,0.0
2025-06-13 03:50:00+00:00,144.5,145.0,144.5,145.0,3100,0.0,0.0
2025-06-13 04:20:00+00:00,143.5,143.5,143.5,143.5,3000,0.0,0.0
2025-06-13 04:25:00+00:00,143.0,143.0,143.0,143.0,2000,0.0,0.0
2025-06-13 04:35:00+00:00,143.0,143.0,143.0,143.0,2000,0.0,0.0
2025-06-13 04:40:00+00:00,143.0,143.0,143.0,143.0,1000,0.0,0.0
2025-06-13 04:50:00+00:00,143.0,143.0,143.0,143.0,3000,0.0,0.0
2025-06-13 04:55:00+00:00,143.0,143.0,143.0,143.0,3000,0.0,0.0
2025-06-13 05:00:00+00:00,143.0,143.0,143.0,143.0,2010,0.0,0.0
2025-06-13 05:10:00+00:00,143.5,143.5,143.5,143.5,2000,0.0,0.0
2025-06-13 05:20:00+00:00,143.5,145.0,143.5,145.0,8005,0.0,0.0
2025-06-16 01:00:00+00:00,145.0,145.0,145.0,145.0,1000,0.0,0.0
2025-06-16 01:10:00+00:00,144.0,146.5,144.0,146.5,3000,0.0,0.0
2025-06-16 01:30:00+00:00,145.0,146.0,144.5,146.0,3000,0.0,0.0
2025-06-16 01:50:00+00:00,146.0,146.0,144.5,144.5,2000,0.0,0.0
2025-06-16 02:00:00+00:00,145.5,145.5,145.5,145.5,2000,0.0,0.0
2025-06-16 02:20:00+00:00,144.5,144.5,143.5,143.5,8000,0.0,0.0
2025-06-16 02:25:00+00:00,143.5,143.5,143.5,143.5,3100,0.0,0.0
2025-06-16 02:30:00+00:00,143.5,143.5,143.5,143.5,1000,0.0,0.0
2025-06-16 02:40:00+00:00,143.5,143.5,143.0,143.0,5010,0.0,0.0
2025-06-16 02:45:00+00:00,143.0,143.0,142.5,142.5,3228,0.0,0.0
2025-06-16 03:00:00+00:00,143.0,143.0,143.0,143.0,3000,0.0,0.0
2025-06-16 03:05:00+00:00,142.5,142.5,142.5,142.5,1000,0.0,0.0
2025-06-16 03:10:00+00:00,142.5,142.5,142.5,142.5,1019,0.0,0.0
2025-06-16 03:30:00+00:00,142.0,142.0,142.0,142.0,1937,0.0,0.0
2025-06-16 04:05:00+00:00,142.5,142.5,141.5,141.5,7000,0.0,0.0
2025-06-16 04:35:00+00:00,142.0,142.0,142.0,142.0,2000,0.0,0.0
2025-06-16 04:40:00+00:00,141.5,141.5,141.5,141.5,1068,0.0,0.0
2025-06-16 05:00:00+00:00,141.5,141.5,141.0,141.0,2000,0.0,0.0
2025-06-16 05:05:00+00:00,141.0,141.0,141.0,141.0,4389,0.0,0.0
2025-06-16 05:10:00+00:00,141.0,141.0,141.0,141.0,1000,0.0,0.0
2025-06-16 05:15:00+00:00,141.0,141.0,141.0,141.0,2010,0.0,0.0
2025-06-16 05:20:00+00:00,141.0,141.0,141.0,141.0,3610,0.0,0.0
2025-06-17 01:00:00+00:00,145.0,145.5,145.0,145.5,2000,0.0,0.0
2025-06-17 01:05:00+00:00,144.0,144.0,144.0,144.0,1034,0.0,0.0
2025-06-17 01:30:00+00:00,143.5,144.0,143.5,144.0,2000,0.0,0.0
2025-06-17 01:40:00+00:00,144.0,144.0,144.0,144.0,1000,0.0,0.0
2025-06-17 01:45:00+00:00,143.5,143.5,143.5,143.5,1000,0.0,0.0
2025-06-17 01:50:00+00:00,143.5,143.5,143.5,143.5,1000,0.0,0.0
2025-06-17 02:00:00+00:00,143.5,143.5,143.5,143.5,1000,0.0,0.0
2025-06-17 02:40:00+00:00,143.5,143.5,143.5,143.5,1000,0.0,0.0
2025-06-17 02:50:00+00:00,144.5,144.5,144.5,144.5,1000,0.0,0.0
2025-06-17 03:05:00+00:00,144.5,144.5,144.5,144.5,1000,0.0,0.0
2025-06-17 03:20:00+00:00,144.0,144.0,144.0,144.0,1000,0.0,0.0
2025-06-17 03:30:00+00:00,144.0,144.0,143.5,143.5,2130,0.0,0.0
2025-06-17 05:10:00+00:00,144.0,144.0,144.0,144.0,1000,0.0,0.0
2025-06-17 05:20:00+00:00,143.5,143.5,143.5,143.5,1000,0.0,0.0
2025-06-18 01:00:00+00:00,143.5,146.5,143.5,146.5,3276,0.0,0.0
2025-06-18 01:25:00+00:00,144.0,144.0,144.0,144.0,1000,0.0,0.0
2025-06-18 01:30:00+00:00,143.5,144.5,143.5,144.5,2000,0.0,0.0
2025-06-18 02:05:00+00:00,144.5,145.0,143.0,145.0,6000,0.0,0.0
2025-06-18 02:40:00+00:00,143.5,143.5,143.5,143.5,1050,0.0,0.0
2025-06-18 03:10:00+00:00,143.5,143.5,143.5,143.5,1000,0.0,0.0
2025-06-18 03:15:00+00:00,143.5,143.5,143.5,143.5,1000,0.0,0.0
2025-06-18 03:25:00+00:00,144.5,144.5,143.5,143.5,3000,0.0,0.0
2025-06-18 03:30:00+00:00,144.5,144.5,144.5,144.5,1000,0.0,0.0
2025-06-18 03:45:00+00:00,144.5,144.5,144.5,144.5,1005,0.0,0.0
2025-06-18 04:00:00+00:00,144.5,146.0,144.5,146.0,15000,0.0,0.0
2025-06-18 04:05:00+00:00,145.0,146.5,145.0,146.5,2045,0.0,0.0
2025-06-18 04:10:00+00:00,146.5,146.5,145.0,145.0,2000,0.0,0.0
2025-06-18 04:15:00+00:00,145.0,145.0,145.0,145.0,3101,0.0,0.0
2025-06-18 04:55:00+00:00,145.0,145.0,145.0,145.0,3019,0.0,0.0
2025-06-18 05:00:00+00:00,144.5,144.5,143.5,143.5,8110,0.0,0.0
2025-06-18 05:05:00+00:00,143.0,144.5,142.5,144.5,9130,0.0,0.0
2025-06-18 05:10:00+00:00,144.0,144.0,144.0,144.0,1000,0.0,0.0
2025-06-18 05:20:00+00:00,144.0,144.0,144.0,144.0,1000,0.0,0.0
2025-06-19 01:00:00+00:00,142.0,144.0,142.0,144.0,0,0.0,0.0
2025-06-19 01:05:00+00:00,142.0,143.0,142.0,143.0,2000,0.0,0.0
2025-06-19 01:15:00+00:00,143.5,143.5,143.5,143.5,1010,0.0,0.0
2025-06-19 01:25:00+00:00,143.5,143.5,143.5,143.5,5000,0.0,0.0
2025-06-19 01:35:00+00:00,142.5,142.5,142.0,142.0,2000,0.0,0.0
2025-06-19 01:40:00+00:00,142.0,142.0,142.0,142.0,1000,0.0,0.0
2025-06-19 01:45:00+00:00,142.0,142.0,142.0,142.0,1000,0.0,0.0
2025-06-19 02:05:00+00:00,143.0,143.0,141.5,143.0,3120,0.0,0.0
2025-06-19 02:55:00+00:00,142.0,142.0,142.0,142.0,1176,0.0,0.0
2025-06-19 03:55:00+00:00,142.0,142.0,142.0,142.0,1000,0.0,0.0
2025-06-19 04:10:00+00:00,142.5,142.5,141.5,141.5,4000,0.0,0.0
2025-06-19 04:30:00+00:00,141.5,141.5,141.5,141.5,1000,0.0,0.0
2025-06-19 04:35:00+00:00,142.5,142.5,142.5,142.5,2000,0.0,0.0
2025-06-19 04:55:00+00:00,142.5,142.5,142.5,142.5,1100,0.0,0.0
2025-06-19 05:10:00+00:00,142.0,142.0,142.0,142.0,1020,0.0,0.0
2025-06-19 05:20:00+00:00,141.5,141.5,141.5,141.5,1000,0.0,0.0
2025-06-20 01:10:00+00:00,143.0,143.0,143.0,143.0,1018,0.0,0.0
2025-06-20 01:35:00+00:00,141.5,141.5,140.0,140.0,7010,0.0,0.0
2025-06-20 01:40:00+00:00,140.5,140.5,140.0,140.0,2012,0.0,0.0
2025-06-20 01:45:00+00:00,140.0,140.0,140.0,140.0,2000,0.0,0.0
2025-06-20 01:50:00+00:00,139.5,139.5,138.5,138.5,3111,0.0,0.0
2025-06-20 01:55:00+00:00,139.5,139.5,139.5,139.5,3100,0.0,0.0
2025-06-20 02:05:00+00:00,139.0,139.0,139.0,139.0,1000,0.0,0.0
2025-06-20 02:10:00+00:00,139.0,139.0,139.0,139.0,5039,0.0,0.0
2025-06-20 02:15:00+00:00,139.0,139.0,139.0,139.0,1000,0.0,0.0
2025-06-20 02:20:00+00:00,139.5,141.0,139.5,141.0,6000,0.0,0.0
2025-06-20 02:25:00+00:00,139.5,139.5,139.5,139.5,1000,0.0,0.0
2025-06-20 02:35:00+00:00,141.0,141.5,141.0,141.5,4000,0.0,0.0
2025-06-20 03:30:00+00:00,141.5,141.5,141.5,141.5,1100,0.0,0.0
2025-06-20 03:50:00+00:00,141.5,141.5,141.5,141.5,2000,0.0,0.0
2025-06-20 04:30:00+00:00,141.0,141.0,141.0,141.0,1000,0.0,0.0
2025-06-20 04:40:00+00:00,141.0,141.0,141.0,141.0,1000,0.0,0.0
2025-06-20 05:05:00+00:00,141.5,141.5,141.5,141.5,1000,0.0,0.0
2025-06-20 05:10:00+00:00,142.0,142.0,142.0,142.0,2000,0.0,0.0
2025-06-20 05:20:00+00:00,141.5,141.5,141.5,141.5,1000,0.0,0.0
2025-06-23 01:05:00+00:00,142.5,143.0,142.5,143.0,2000,0.0,0.0
2025-06-23 01:15:00+00:00,144.0,145.0,144.0,145.0,3000,0.0,0.0
2025-06-23 01:25:00+00:00,144.5,144.5,144.5,144.5,2011,0.0,0.0
2025-06-23 04:00:00+00:00,143.5,143.5,143.5,143.5,2001,0.0,0.0
2025-06-23 05:20:00+00:00,144.0,144.0,142.5,142.5,4000,0.0,0.0
2025-06-24 01:00:00+00:00,143.0,145.0,143.0,145.0,4000,0.0,0.0
2025-06-24 01:05:00+00:00,145.5,148.0,145.5,147.5,9000,0.0,0.0
2025-06-24 01:10:00+00:00,148.0,148.0,148.0,148.0,4000,0.0,0.0
2025-06-24 01:15:00+00:00,148.5,149.5,148.5,149.5,7119,0.0,0.0
2025-06-24 01:20:00+00:00,152.5,153.5,152.5,153.5,3000,0.0,0.0
2025-06-24 01:25:00+00:00,153.0,153.0,153.0,153.0,1249,0.0,0.0
2025-06-24 01:30:00+00:00,153.5,153.5,153.0,153.0,3274,0.0,0.0
2025-06-24 01:35:00+00:00,154.0,156.0,154.0,156.0,15825,0.0,0.0
2025-06-24 01:40:00+00:00,156.0,156.5,156.0,156.5,30570,0.0,0.0
2025-06-24 01:45:00+00:00,156.5,156.5,156.5,156.5,5601,0.0,0.0
2025-06-24 01:55:00+00:00,156.5,156.5,156.5,156.5,1024,0.0,0.0
2025-06-24 02:00:00+00:00,156.5,156.5,156.5,156.5,2000,0.0,0.0
2025-06-24 02:10:00+00:00,156.5,156.5,156.5,156.5,3140,0.0,0.0
2025-06-24 02:30:00+00:00,156.5,156.5,156.5,156.5,1855,0.0,0.0
2025-06-24 02:35:00+00:00,156.5,156.5,156.5,156.5,6000,0.0,0.0
2025-06-24 02:50:00+00:00,156.5,156.5,156.5,156.5,1000,0.0,0.0
2025-06-24 03:15:00+00:00,156.5,156.5,156.5,156.5,1000,0.0,0.0
2025-06-24 03:40:00+00:00,156.5,156.5,156.5,156.5,1000,0.0,0.0
2025-06-24 04:10:00+00:00,156.5,156.5,156.5,156.5,1000,0.0,0.0
2025-06-24 04:15:00+00:00,156.5,156.5,156.5,156.5,3000,0.0,0.0
2025-06-24 04:35:00+00:00,156.5,156.5,156.5,156.5,1000,0.0,0.0
2025-06-24 05:05:00+00:00,156.5,156.5,156.5,156.5,1001,0.0,0.0
2025-06-24 05:20:00+00:00,156.5,156.5,156.5,156.5,0,0.0,0.0
2025-06-25 01:00:00+00:00,156.5,156.5,156.5,156.5,9000,0.0,0.0
2025-06-25 01:05:00+00:00,153.5,153.5,153.0,153.0,5422,0.0,0.0
2025-06-25 01:15:00+00:00,154.0,155.0,154.0,155.0,3080,0.0,0.0
2025-06-25 01:20:00+00:00,154.5,154.5,154.5,154.5,1020,0.0,0.0
2025-06-25 01:25:00+00:00,154.5,155.0,154.0,155.0,4265,0.0,0.0
2025-06-25 01:30:00+00:00,156.0,156.5,156.0,156.5,2000,0.0,0.0
2025-06-25 01:35:00+00:00,157.0,157.0,157.0,157.0,1000,0.0,0.0
2025-06-25 01:40:00+00:00,157.5,158.0,156.5,156.5,7000,0.0,0.0
2025-06-25 01:45:00+00:00,155.5,155.5,155.5,155.5,1003,0.0,0.0
2025-06-25 01:55:00+00:00,155.5,155.5,154.5,154.5,3048,0.0,0.0
2025-06-25 02:05:00+00:00,154.5,154.5,154.5,154.5,1000,0.0,0.0
2025-06-25 02:10:00+00:00,154.5,154.5,154.5,154.5,1100,0.0,0.0
2025-06-25 02:25:00+00:00,155.0,155.0,154.5,154.5,5100,0.0,0.0
2025-06-25 02:30:00+00:00,155.0,155.0,155.0,155.0,4002,0.0,0.0
2025-06-25 02:35:00+00:00,156.5,157.0,156.5,157.0,2000,0.0,0.0
2025-06-25 02:40:00+00:00,156.5,156.5,156.5,156.5,1000,0.0,0.0
2025-06-25 02:45:00+00:00,156.0,157.5,156.0,157.5,3000,0.0,0.0
2025-06-25 03:00:00+00:00,155.5,155.5,155.5,155.5,1000,0.0,0.0
2025-06-25 03:45:00+00:00,155.0,155.0,154.0,154.0,6050,0.0,0.0
2025-06-25 04:40:00+00:00,154.0,154.0,154.0,154.0,1100,0.0,0.0
2025-06-25 05:05:00+00:00,154.0,154.0,154.0,154.0,1000,0.0,0.0
2025-06-25 05:10:00+00:00,154.0,154.5,153.0,154.5,5100,0.0,0.0
2025-06-25 05:15:00+00:00,154.0,154.0,154.0,154.0,1000,0.0,0.0
2025-06-25 05:20:00+00:00,153.0,153.0,153.0,153.0,2050,0.0,0.0
2025-06-26 01:00:00+00:00,153.0,157.0,153.0,157.0,10278,0.0,0.0
2025-06-26 01:20:00+00:00,156.5,156.5,154.5,154.5,2000,0.0,0.0
2025-06-26 01:25:00+00:00,155.5,155.5,155.5,155.5,1065,0.0,0.0
2025-06-26 01:30:00+00:00,155.0,155.0,155.0,155.0,1000,0.0,0.0
2025-06-26 01:35:00+00:00,156.0,158.5,156.0,158.0,24000,0.0,0.0
2025-06-26 01:40:00+00:00,157.0,158.5,155.0,158.5,8000,0.0,0.0
2025-06-26 01:45:00+00:00,159.0,159.0,159.0,159.0,1022,0.0,0.0
2025-06-26 02:05:00+00:00,159.0,159.5,158.5,158.5,8000,0.0,0.0
2025-06-26 02:10:00+00:00,158.5,159.0,158.5,159.0,2000,0.0,0.0
2025-06-26 02:15:00+00:00,159.0,159.0,159.0,159.0,1000,0.0,0.0
2025-06-26 02:35:00+00:00,158.0,158.0,158.0,158.0,0,0.0,0.0
2025-06-26 02:40:00+00:00,158.0,158.0,158.0,158.0,63365,0.0,0.0
2025-06-26 02:45:00+00:00,158.5,158.5,158.0,158.0,4000,0.0,0.0
2025-06-26 02:50:00+00:00,158.0,158.0,158.0,158.0,2000,0.0,0.0
2025-06-26 03:00:00+00:00,158.0,158.5,158.0,158.5,4000,0.0,0.0
2025-06-26 03:05:00+00:00,159.0,160.5,159.0,160.5,11250,0.0,0.0
2025-06-26 03:10:00+00:00,161.0,161.5,161.0,161.5,14174,0.0,0.0
2025-06-26 03:15:00+00:00,161.5,162.0,161.0,161.0,7010,0.0,0.0
2025-06-26 03:20:00+00:00,160.5,160.5,160.5,160.5,1000,0.0,0.0
2025-06-26 03:25:00+00:00,161.0,161.0,161.0,161.0,0,0.0,0.0
2025-06-26 03:30:00+00:00,161.5,162.0,161.5,162.0,110849,0.0,0.0
2025-06-26 03:40:00+00:00,161.5,162.0,161.5,161.5,4003,0.0,0.0
2025-06-26 03:50:00+00:00,162.0,163.0,162.0,163.0,8003,0.0,0.0
2025-06-26 03:55:00+00:00,162.5,162.5,161.5,161.5,6000,0.0,0.0
2025-06-26 04:10:00+00:00,161.5,161.5,161.5,161.5,1000,0.0,0.0
2025-06-26 04:20:00+00:00,161.5,161.5,161.5,161.5,1000,0.0,0.0
2025-06-26 04:25:00+00:00,161.5,161.5,161.5,161.5,1236,0.0,0.0
2025-06-26 04:30:00+00:00,161.0,161.0,161.0,161.0,3000,0.0,0.0
2025-06-26 04:35:00+00:00,160.0,160.0,160.0,160.0,1000,0.0,0.0
2025-06-26 04:40:00+00:00,160.0,160.0,160.0,160.0,1000,0.0,0.0
2025-06-26 04:45:00+00:00,160.0,160.0,160.0,160.0,1172,0.0,0.0
2025-06-26 05:05:00+00:00,159.0,159.0,159.0,159.0,1000,0.0,0.0
2025-06-26 05:15:00+00:00,159.0,159.0,158.0,158.0,4000,0.0,0.0
2025-06-26 05:20:00+00:00,158.0,158.5,157.0,158.5,5010,0.0,0.0
2025-06-27 01:00:00+00:00,173.5,173.5,173.5,173.5,64000,0.0,0.0
2025-06-27 01:05:00+00:00,173.5,173.5,173.5,173.5,8000,0.0,0.0
2025-06-27 01:10:00+00:00,173.5,173.5,173.5,173.5,18129,0.0,0.0
2025-06-27 01:20:00+00:00,173.5,173.5,173.5,173.5,3416,0.0,0.0
2025-06-27 01:25:00+00:00,173.5,173.5,173.5,173.5,1040,0.0,0.0
2025-06-27 01:30:00+00:00,173.5,173.5,173.5,173.5,1003,0.0,0.0
2025-06-27 01:35:00+00:00,173.5,173.5,173.5,173.5,2075,0.0,0.0
2025-06-27 01:50:00+00:00,173.5,173.5,173.5,173.5,1000,0.0,0.0
2025-06-27 01:55:00+00:00,173.5,173.5,173.5,173.5,1010,0.0,0.0
2025-06-27 02:00:00+00:00,173.5,173.5,173.5,173.5,1809,0.0,0.0
2025-06-27 02:15:00+00:00,173.5,173.5,173.5,173.5,2000,0.0,0.0
2025-06-27 02:20:00+00:00,173.5,173.5,173.5,173.5,1756,0.0,0.0
2025-06-27 02:45:00+00:00,173.5,173.5,173.5,173.5,1000,0.0,0.0
2025-06-27 02:50:00+00:00,173.5,173.5,173.5,173.5,1000,0.0,0.0
2025-06-27 02:55:00+00:00,173.5,173.5,173.5,173.5,4362,0.0,0.0
2025-06-27 03:20:00+00:00,173.5,173.5,173.5,173.5,1610,0.0,0.0
2025-06-27 04:10:00+00:00,173.5,173.5,173.5,173.5,2006,0.0,0.0
2025-06-27 04:30:00+00:00,173.5,173.5,173.5,173.5,2001,0.0,0.0
2025-06-27 04:45:00+00:00,173.5,173.5,173.5,173.5,1000,0.0,0.0
2025-06-27 04:50:00+00:00,173.5,173.5,173.5,173.5,1000,0.0,0.0
2025-06-27 05:10:00+00:00,173.5,173.5,173.5,173.5,1007,0.0,0.0
2025-06-27 05:20:00+00:00,173.5,173.5,173.5,173.5,1800,0.0,0.0
2025-06-30 01:00:00+00:00,176.0,177.0,170.0,173.5,76976,0.0,0.0
2025-06-30 01:05:00+00:00,172.0,173.0,170.5,171.5,27000,0.0,0.0
2025-06-30 01:10:00+00:00,172.5,174.5,172.0,172.0,47759,0.0,0.0
2025-06-30 01:15:00+00:00,172.0,174.0,172.0,174.0,14410,0.0,0.0
2025-06-30 01:20:00+00:00,174.0,175.5,172.5,172.5,23945,0.0,0.0
2025-06-30 01:25:00+00:00,174.0,175.0,174.0,175.0,10021,0.0,0.0
2025-06-30 01:30:00+00:00,175.0,176.0,174.0,176.0,6109,0.0,0.0
2025-06-30 01:35:00+00:00,176.0,178.0,175.5,177.5,30100,0.0,0.0
2025-06-30 01:40:00+00:00,177.0,177.5,176.5,176.5,13100,0.0,0.0
2025-06-30 01:45:00+00:00,175.5,175.5,175.0,175.0,2104,0.0,0.0
2025-06-30 01:50:00+00:00,174.5,174.5,174.5,174.5,2100,0.0,0.0
2025-06-30 01:55:00+00:00,174.0,177.0,174.0,176.5,26868,0.0,0.0
2025-06-30 02:00:00+00:00,176.5,176.5,176.0,176.0,4003,0.0,0.0
2025-06-30 02:05:00+00:00,177.0,177.0,177.0,177.0,2010,0.0,0.0
2025-06-30 02:10:00+00:00,177.0,178.0,177.0,178.0,7095,0.0,0.0
2025-06-30 02:15:00+00:00,178.0,179.5,177.5,178.0,55425,0.0,0.0
2025-06-30 02:20:00+00:00,177.5,177.5,176.0,176.0,12209,0.0,0.0
2025-06-30 02:25:00+00:00,176.5,176.5,176.5,176.5,1011,0.0,0.0
2025-06-30 02:30:00+00:00,176.0,176.5,176.0,176.5,3055,0.0,0.0
2025-06-30 02:40:00+00:00,176.0,176.0,176.0,176.0,3048,0.0,0.0
2025-06-30 03:05:00+00:00,175.0,175.0,174.0,174.0,8130,0.0,0.0
2025-06-30 03:15:00+00:00,174.5,174.5,174.0,174.0,10120,0.0,0.0
2025-06-30 03:20:00+00:00,175.5,175.5,174.0,174.0,8001,0.0,0.0
2025-06-30 03:25:00+00:00,174.5,174.5,174.5,174.5,1003,0.0,0.0
2025-06-30 03:30:00+00:00,174.5,174.5,174.5,174.5,1000,0.0,0.0
2025-06-30 03:35:00+00:00,174.5,174.5,174.5,174.5,2000,0.0,0.0
2025-06-30 03:40:00+00:00,174.5,174.5,174.5,174.5,2000,0.0,0.0
2025-06-30 03:45:00+00:00,175.0,175.0,175.0,175.0,2019,0.0,0.0
2025-06-30 04:00:00+00:00,174.5,174.5,174.5,174.5,1278,0.0,0.0
2025-06-30 04:05:00+00:00,174.5,174.5,174.5,174.5,2000,0.0,0.0
2025-06-30 04:10:00+00:00,174.5,174.5,174.5,174.5,1005,0.0,0.0
2025-06-30 04:15:00+00:00,174.0,174.0,174.0,174.0,3005,0.0,0.0
2025-06-30 04:20:00+00:00,174.5,174.5,174.5,174.5,3200,0.0,0.0
2025-06-30 04:25:00+00:00,174.0,174.5,174.0,174.5,0,0.0,0.0
2025-06-30 04:35:00+00:00,174.5,174.5,174.5,174.5,1200,0.0,0.0
2025-06-30 04:55:00+00:00,174.5,174.5,174.5,174.5,5700,0.0,0.0
2025-06-30 05:05:00+00:00,175.0,175.0,175.0,175.0,1010,0.0,0.0
2025-06-30 05:10:00+00:00,175.5,175.5,175.0,175.0,4372,0.0,0.0
2025-06-30 05:20:00+00:00,174.0,176.5,173.5,176.5,21040,0.0,0.0
2025-07-01 01:00:00+00:00,176.5,177.0,175.5,176.0,23000,0.0,0.0
2025-07-01 01:05:00+00:00,177.0,177.0,177.0,177.0,2894,0.0,0.0
2025-07-01 01:10:00+00:00,177.5,177.5,176.5,177.5,4405,0.0,0.0
2025-07-01 01:15:00+00:00,177.5,177.5,177.0,177.0,6005,0.0,0.0
2025-07-01 01:20:00+00:00,176.5,176.5,174.5,174.5,6075,0.0,0.0
2025-07-01 01:25:00+00:00,174.5,174.5,174.5,174.5,4010,0.0,0.0
2025-07-01 01:30:00+00:00,175.0,175.0,174.0,174.0,4035,0.0,0.0
2025-07-01 01:35:00+00:00,175.0,175.0,173.5,174.5,8000,0.0,0.0
2025-07-01 01:40:00+00:00,175.5,175.5,175.0,175.0,2000,0.0,0.0
2025-07-01 01:45:00+00:00,174.0,174.0,174.0,174.0,7025,0.0,0.0
2025-07-01 01:50:00+00:00,174.5,174.5,174.5,174.5,1000,0.0,0.0
2025-07-01 01:55:00+00:00,174.5,174.5,174.5,174.5,1000,0.0,0.0
2025-07-01 02:00:00+00:00,174.5,174.5,174.5,174.5,2200,0.0,0.0
2025-07-01 02:10:00+00:00,174.0,174.0,172.5,172.5,11220,0.0,0.0
2025-07-01 02:15:00+00:00,172.5,172.5,172.5,172.5,6000,0.0,0.0
2025-07-01 02:25:00+00:00,172.5,174.5,172.5,174.5,8104,0.0,0.0
2025-07-01 02:35:00+00:00,174.0,174.0,173.5,173.5,3000,0.0,0.0
2025-07-01 03:10:00+00:00,174.0,174.0,173.5,173.5,2000,0.0,0.0
2025-07-01 03:25:00+00:00,173.0,173.0,173.0,173.0,1000,0.0,0.0
2025-07-01 03:40:00+00:00,172.5,172.5,172.5,172.5,2227,0.0,0.0
2025-07-01 03:55:00+00:00,172.0,173.5,171.0,173.0,10000,0.0,0.0
2025-07-01 04:00:00+00:00,173.5,175.0,173.5,175.0,6148,0.0,0.0
2025-07-01 04:05:00+00:00,175.0,176.0,175.0,175.0,5000,0.0,0.0
2025-07-01 04:10:00+00:00,175.0,175.0,174.5,175.0,4000,0.0,0.0
2025-07-01 04:20:00+00:00,174.5,174.5,174.5,174.5,1000,0.0,0.0
2025-07-01 04:30:00+00:00,174.5,174.5,174.5,174.5,1152,0.0,0.0
2025-07-01 05:00:00+00:00,174.5,175.0,174.0,174.0,10046,0.0,0.0
2025-07-01 05:10:00+00:00,174.0,174.0,174.0,174.0,1230,0.0,0.0
2025-07-01 05:15:00+00:00,174.0,174.0,174.0,174.0,2010,0.0,0.0
2025-07-01 05:20:00+00:00,173.5,173.5,173.5,173.5,1142,0.0,0.0
2025-07-02 01:00:00+00:00,170.5,174.5,170.5,174.5,11000,0.0,0.0
2025-07-02 01:05:00+00:00,173.0,174.5,173.0,174.5,6000,0.0,0.0
2025-07-02 01:15:00+00:00,174.0,174.0,174.0,174.0,1000,0.0,0.0
2025-07-02 01:25:00+00:00,173.5,174.0,173.5,174.0,3020,0.0,0.0
2025-07-02 01:30:00+00:00,174.5,175.0,174.5,175.0,6015,0.0,0.0
2025-07-02 01:35:00+00:00,175.5,176.0,175.5,176.0,13000,0.0,0.0
2025-07-02 01:40:00+00:00,176.5,176.5,176.0,176.5,3000,0.0,0.0
2025-07-02 01:45:00+00:00,176.5,176.5,175.0,175.0,9000,0.0,0.0
2025-07-02 01:50:00+00:00,175.0,175.0,175.0,175.0,1000,0.0,0.0
2025-07-02 01:55:00+00:00,175.5,175.5,175.5,175.5,1009,0.0,0.0
2025-07-02 02:10:00+00:00,175.0,175.0,175.0,175.0,2313,0.0,0.0
2025-07-02 02:20:00+00:00,175.0,175.0,175.0,175.0,2200,0.0,0.0
2025-07-02 02:35:00+00:00,175.5,175.5,175.5,175.5,1000,0.0,0.0
2025-07-02 02:45:00+00:00,175.5,175.5,175.5,175.5,2070,0.0,0.0
2025-07-02 03:05:00+00:00,175.0,175.0,175.0,175.0,2000,0.0,0.0
2025-07-02 03:10:00+00:00,174.5,174.5,174.5,174.5,1009,0.0,0.0
2025-07-02 03:35:00+00:00,174.0,174.0,174.0,174.0,1000,0.0,0.0
2025-07-02 03:40:00+00:00,173.5,173.5,173.0,173.0,3004,0.0,0.0
2025-07-02 03:55:00+00:00,173.0,173.0,173.0,173.0,1000,0.0,0.0
2025-07-02 04:00:00+00:00,173.0,173.0,173.0,173.0,1000,0.0,0.0
2025-07-02 04:15:00+00:00,174.5,174.5,174.5,174.5,2000,0.0,0.0
2025-07-02 04:25:00+00:00,175.0,175.5,175.0,175.5,2225,0.0,0.0
2025-07-02 04:45:00+00:00,175.5,175.5,175.5,175.5,4253,0.0,0.0
2025-07-02 04:55:00+00:00,176.0,176.0,176.0,176.0,1040,0.0,0.0
2025-07-02 05:00:00+00:00,176.0,176.0,176.0,176.0,5043,0.0,0.0
2025-07-02 05:05:00+00:00,176.0,176.0,176.0,176.0,1500,0.0,0.0
2025-07-02 05:10:00+00:00,176.0,176.0,176.0,176.0,3000,0.0,0.0
2025-07-02 05:15:00+00:00,176.0,177.0,176.0,177.0,14931,0.0,0.0
2025-07-02 05:20:00+00:00,177.0,177.5,177.0,177.5,3413,0.0,0.0
2025-07-03 01:00:00+00:00,179.5,182.0,179.5,181.0,17000,0.0,0.0
2025-07-03 01:05:00+00:00,181.0,181.5,180.5,180.5,10514,0.0,0.0
2025-07-03 01:10:00+00:00,181.0,181.0,181.0,181.0,2249,0.0,0.0
2025-07-03 01:15:00+00:00,180.5,180.5,180.0,180.0,4011,0.0,0.0
2025-07-03 01:20:00+00:00,179.5,179.5,179.5,179.5,4050,0.0,0.0
2025-07-03 01:25:00+00:00,180.0,180.5,180.0,180.5,2062,0.0,0.0
2025-07-03 01:35:00+00:00,179.0,179.0,179.0,179.0,2010,0.0,0.0
2025-07-03 01:40:00+00:00,178.5,178.5,177.5,177.5,8192,0.0,0.0
2025-07-03 01:55:00+00:00,178.0,178.0,178.0,178.0,3003,0.0,0.0
2025-07-03 02:00:00+00:00,178.5,178.5,177.5,177.5,3000,0.0,0.0
2025-07-03 02:05:00+00:00,177.5,177.5,177.5,177.5,1000,0.0,0.0
2025-07-03 02:10:00+00:00,177.5,177.5,177.5,177.5,1000,0.0,0.0
2025-07-03 02:15:00+00:00,177.0,177.0,176.5,177.0,3013,0.0,0.0
2025-07-03 02:20:00+00:00,177.0,177.0,177.0,177.0,2100,0.0,0.0
2025-07-03 02:25:00+00:00,177.0,178.5,177.0,177.0,4000,0.0,0.0
2025-07-03 02:30:00+00:00,177.0,177.0,177.0,177.0,1000,0.0,0.0
2025-07-03 02:35:00+00:00,177.0,177.0,177.0,177.0,1005,0.0,0.0
2025-07-03 03:00:00+00:00,176.5,176.5,176.5,176.5,2030,0.0,0.0
2025-07-03 03:35:00+00:00,176.0,176.0,176.0,176.0,2100,0.0,0.0
2025-07-03 03:40:00+00:00,176.0,176.0,176.0,176.0,1000,0.0,0.0
2025-07-03 03:50:00+00:00,177.0,179.0,177.0,178.5,9100,0.0,0.0
2025-07-03 03:55:00+00:00,179.0,179.5,179.0,179.5,6011,0.0,0.0
2025-07-03 04:10:00+00:00,179.0,179.0,178.5,178.5,3000,0.0,0.0
2025-07-03 04:30:00+00:00,178.0,178.0,178.0,178.0,3000,0.0,0.0
2025-07-03 04:35:00+00:00,178.5,179.5,178.5,179.5,10000,0.0,0.0
2025-07-03 04:40:00+00:00,179.5,180.0,179.5,180.0,4087,0.0,0.0
2025-07-03 04:45:00+00:00,180.0,180.0,180.0,180.0,1000,0.0,0.0
2025-07-03 04:50:00+00:00,180.0,180.0,180.0,180.0,2805,0.0,0.0
2025-07-03 04:55:00+00:00,180.5,180.5,180.5,180.5,2843,0.0,0.0
2025-07-03 05:00:00+00:00,180.5,180.5,180.5,180.5,4000,0.0,0.0
2025-07-03 05:05:00+00:00,180.5,180.5,180.0,180.0,4014,0.0,0.0
2025-07-03 05:10:00+00:00,180.5,180.5,180.5,180.5,2000,0.0,0.0
2025-07-03 05:15:00+00:00,181.0,181.0,181.0,181.0,2050,0.0,0.0
2025-07-03 05:20:00+00:00,180.5,181.0,180.0,180.0,4051,0.0,0.0
2025-07-04 01:00:00+00:00,181.5,182.5,181.5,182.5,6000,0.0,0.0
2025-07-04 01:05:00+00:00,182.0,182.0,179.5,179.5,12564,0.0,0.0
2025-07-04 01:30:00+00:00,179.5,179.5,179.5,179.5,1000,0.0,0.0
2025-07-04 01:35:00+00:00,179.5,180.0,179.5,180.0,3011,0.0,0.0
2025-07-04 01:40:00+00:00,180.5,180.5,180.5,180.5,1000,0.0,0.0
2025-07-04 01:45:00+00:00,179.0,179.0,178.5,178.5,3000,0.0,0.0
2025-07-04 01:50:00+00:00,179.0,179.0,179.0,179.0,1005,0.0,0.0
2025-07-04 01:55:00+00:00,179.0,179.0,179.0,179.0,1000,0.0,0.0
2025-07-04 02:05:00+00:00,178.5,178.5,178.5,178.5,2163,0.0,0.0
2025-07-04 02:20:00+00:00,178.5,178.5,178.5,178.5,4000,0.0,0.0
2025-07-04 02:25:00+00:00,179.0,179.5,179.0,179.5,3060,0.0,0.0
2025-07-04 02:30:00+00:00,179.0,179.0,179.0,179.0,3100,0.0,0.0
2025-07-04 02:35:00+00:00,179.0,179.0,178.0,178.0,4000,0.0,0.0
2025-07-04 02:40:00+00:00,179.5,179.5,179.5,179.5,1220,0.0,0.0
2025-07-04 02:45:00+00:00,180.0,181.0,180.0,181.0,11945,0.0,0.0
2025-07-04 02:55:00+00:00,181.0,181.0,181.0,181.0,1100,0.0,0.0
2025-07-04 03:00:00+00:00,180.5,180.5,180.5,180.5,5000,0.0,0.0
2025-07-04 03:05:00+00:00,181.0,181.0,181.0,181.0,2225,0.0,0.0
2025-07-04 03:50:00+00:00,180.5,181.0,180.5,181.0,3010,0.0,0.0
2025-07-04 03:55:00+00:00,181.0,181.0,180.5,180.5,3070,0.0,0.0
2025-07-04 04:00:00+00:00,180.5,180.5,178.0,180.0,16030,0.0,0.0
2025-07-04 04:05:00+00:00,180.0,180.0,180.0,180.0,1000,0.0,0.0
2025-07-04 04:10:00+00:00,180.0,180.0,180.0,180.0,1035,0.0,0.0
2025-07-04 04:20:00+00:00,180.0,180.5,180.0,180.5,6000,0.0,0.0
2025-07-04 04:25:00+00:00,180.5,180.5,180.5,180.5,1434,0.0,0.0
2025-07-04 04:55:00+00:00,181.0,182.5,181.0,182.5,36372,0.0,0.0
2025-07-04 05:00:00+00:00,182.5,182.5,182.5,182.5,3450,0.0,0.0
2025-07-04 05:05:00+00:00,183.0,183.0,182.0,182.0,3000,0.0,0.0
2025-07-04 05:10:00+00:00,182.0,182.0,182.0,182.0,2027,0.0,0.0
2025-07-04 05:20:00+00:00,182.5,183.0,182.0,183.0,9038,0.0,0.0
2025-05-07 01:05:00+00:00,145.5,147.0,145.5,147.0,3027,0.0,0.0
2025-05-07 02:20:00+00:00,145.5,145.5,145.0,145.0,2007,0.0,0.0
2025-05-07 03:05:00+00:00,145.0,145.0,145.0,145.0,1000,0.0,0.0
2025-05-07 03:30:00+00:00,144.5,144.5,144.5,144.5,1000,0.0,0.0
2025-05-07 03:35:00+00:00,145.0,145.0,145.0,145.0,4010,0.0,0.0
2025-05-07 05:00:00+00:00,144.0,144.0,144.0,144.0,1000,0.0,0.0
2025-05-07 05:20:00+00:00,144.0,144.0,144.0,144.0,2000,0.0,0.0
2025-05-08 01:00:00+00:00,146.0,147.0,146.0,147.0,0,0.0,0.0
2025-05-08 02:20:00+00:00,147.5,147.5,147.5,147.5,0,0.0,0.0
2025-05-08 02:45:00+00:00,146.0,146.0,146.0,146.0,8100,0.0,0.0
2025-05-08 02:55:00+00:00,145.0,145.0,145.0,145.0,1001,0.0,0.0
2025-05-08 03:00:00+00:00,145.5,145.5,145.0,145.0,2000,0.0,0.0
2025-05-08 03:05:00+00:00,145.5,145.5,145.5,145.5,1130,0.0,0.0
2025-05-08 03:20:00+00:00,146.0,146.0,146.0,146.0,1125,0.0,0.0
2025-05-08 04:15:00+00:00,146.0,146.0,146.0,146.0,1007,0.0,0.0
2025-05-08 04:55:00+00:00,146.0,146.0,145.5,145.5,5000,0.0,0.0
2025-05-08 05:00:00+00:00,146.5,146.5,146.5,146.5,6000,0.0,0.0
2025-05-08 05:05:00+00:00,147.0,147.5,147.0,147.5,3000,0.0,0.0
2025-05-08 05:20:00+00:00,147.5,147.5,146.0,146.0,3000,0.0,0.0
2025-05-09 01:00:00+00:00,146.5,149.0,146.5,149.0,0,0.0,0.0
2025-05-09 01:15:00+00:00,148.0,148.0,148.0,148.0,3000,0.0,0.0
2025-05-09 01:20:00+00:00,148.5,149.5,148.5,149.5,16100,0.0,0.0
2025-05-09 01:25:00+00:00,150.0,150.0,150.0,150.0,5000,0.0,0.0
2025-05-09 01:30:00+00:00,151.5,151.5,150.0,150.0,3350,0.0,0.0
2025-05-09 01:35:00+00:00,151.5,152.0,151.5,152.0,2000,0.0,0.0
2025-05-09 01:40:00+00:00,152.0,153.5,152.0,153.5,8220,0.0,0.0
2025-05-09 01:45:00+00:00,153.5,153.5,153.5,153.5,1108,0.0,0.0
2025-05-09 01:55:00+00:00,153.5,153.5,153.5,153.5,1050,0.0,0.0
2025-05-09 02:20:00+00:00,151.0,151.0,150.0,150.0,6218,0.0,0.0
2025-05-09 04:45:00+00:00,149.0,149.0,149.0,149.0,1089,0.0,0.0
2025-05-09 04:50:00+00:00,149.0,149.0,149.0,149.0,4000,0.0,0.0
2025-05-09 05:10:00+00:00,149.0,149.0,149.0,149.0,2000,0.0,0.0
2025-05-09 05:20:00+00:00,151.0,151.0,151.0,151.0,1000,0.0,0.0
2025-05-12 01:05:00+00:00,156.0,156.0,156.0,156.0,0,0.0,0.0
2025-05-12 01:30:00+00:00,154.5,155.5,154.5,155.5,4000,0.0,0.0
2025-05-12 01:50:00+00:00,154.5,154.5,154.5,154.5,1080,0.0,0.0
2025-05-12 02:25:00+00:00,152.0,152.0,152.0,152.0,2069,0.0,0.0
2025-05-12 03:10:00+00:00,152.0,153.5,152.0,153.5,3000,0.0,0.0
2025-05-12 03:30:00+00:00,153.5,153.5,153.5,153.5,2000,0.0,0.0
2025-05-12 04:05:00+00:00,153.5,154.0,153.5,154.0,2314,0.0,0.0
2025-05-13 01:00:00+00:00,154.0,156.5,154.0,156.5,0,0.0,0.0
2025-05-13 01:10:00+00:00,154.0,154.0,154.0,154.0,1000,0.0,0.0
2025-05-13 01:20:00+00:00,152.5,152.5,152.5,152.5,2190,0.0,0.0
2025-05-13 01:50:00+00:00,152.0,152.0,152.0,152.0,2001,0.0,0.0
2025-05-13 02:00:00+00:00,152.0,152.0,152.0,152.0,1000,0.0,0.0
2025-05-13 02:05:00+00:00,152.0,152.0,152.0,152.0,1000,0.0,0.0
2025-05-13 02:30:00+00:00,152.0,153.0,151.5,151.5,5070,0.0,0.0
2025-05-13 02:35:00+00:00,151.5,151.5,150.5,150.5,5142,0.0,0.0
2025-05-13 02:40:00+00:00,151.0,151.0,151.0,151.0,3000,0.0,0.0
2025-05-13 02:55:00+00:00,151.0,151.0,151.0,151.0,2000,0.0,0.0
2025-05-13 03:00:00+00:00,150.5,150.5,150.5,150.5,2123,0.0,0.0
2025-05-13 03:10:00+00:00,150.0,150.0,150.0,150.0,3017,0.0,0.0
2025-05-13 03:35:00+00:00,150.5,150.5,150.5,150.5,1000,0.0,0.0
2025-05-13 03:40:00+00:00,150.5,150.5,150.5,150.5,1000,0.0,0.0
2025-05-13 03:45:00+00:00,151.0,151.0,151.0,151.0,2743,0.0,0.0
2025-05-13 04:00:00+00:00,150.5,150.5,150.5,150.5,1000,0.0,0.0
2025-05-13 04:40:00+00:00,150.0,150.0,149.5,149.5,3036,0.0,0.0
2025-05-13 04:50:00+00:00,149.0,149.0,149.0,149.0,1000,0.0,0.0
2025-05-13 05:00:00+00:00,149.0,149.0,149.0,149.0,1000,0.0,0.0
2025-05-13 05:05:00+00:00,149.0,149.0,149.0,149.0,1000,0.0,0.0
2025-05-13 05:20:00+00:00,149.5,152.5,149.5,152.5,9104,0.0,0.0
2025-05-14 01:00:00+00:00,147.5,148.0,147.5,148.0,0,0.0,0.0
2025-05-14 01:05:00+00:00,150.0,151.5,150.0,151.5,2000,0.0,0.0
2025-05-14 01:10:00+00:00,149.0,149.0,149.0,149.0,1000,0.0,0.0
2025-05-14 01:15:00+00:00,150.0,151.0,150.0,151.0,2000,0.0,0.0
2025-05-14 01:25:00+00:00,150.0,150.0,149.0,149.0,3000,0.0,0.0
2025-05-14 01:45:00+00:00,149.0,149.0,149.0,149.0,1000,0.0,0.0
2025-05-14 01:50:00+00:00,148.5,150.5,148.5,150.5,3093,0.0,0.0
2025-05-14 02:10:00+00:00,148.5,148.5,148.5,148.5,2000,0.0,0.0
2025-05-14 02:15:00+00:00,148.0,148.0,147.0,148.0,19000,0.0,0.0
2025-05-14 02:20:00+00:00,148.0,148.0,148.0,148.0,4000,0.0,0.0
2025-05-14 02:35:00+00:00,148.5,148.5,148.5,148.5,2140,0.0,0.0
2025-05-14 02:50:00+00:00,149.0,149.0,149.0,149.0,1000,0.0,0.0
2025-05-14 02:55:00+00:00,149.0,149.0,149.0,149.0,1000,0.0,0.0
2025-05-14 03:05:00+00:00,149.5,149.5,149.5,149.5,1000,0.0,0.0
2025-05-14 03:40:00+00:00,149.5,149.5,149.5,149.5,2000,0.0,0.0
2025-05-14 03:45:00+00:00,149.5,149.5,149.5,149.5,2000,0.0,0.0
2025-05-14 04:10:00+00:00,149.5,149.5,149.5,149.5,2404,0.0,0.0
2025-05-14 04:25:00+00:00,149.5,149.5,149.5,149.5,2006,0.0,0.0
2025-05-14 04:30:00+00:00,149.5,149.5,149.5,149.5,1018,0.0,0.0
2025-05-14 04:40:00+00:00,150.0,150.0,150.0,150.0,3018,0.0,0.0
2025-05-14 04:50:00+00:00,150.0,150.0,150.0,150.0,1006,0.0,0.0
2025-05-14 04:55:00+00:00,150.5,150.5,150.5,150.5,1011,0.0,0.0
2025-05-14 05:00:00+00:00,150.5,151.0,150.5,151.0,10285,0.0,0.0
2025-05-14 05:10:00+00:00,151.5,151.5,151.5,151.5,3061,0.0,0.0
2025-05-15 01:00:00+00:00,150.5,150.5,150.0,150.0,0,0.0,0.0
2025-05-15 01:10:00+00:00,152.0,152.5,150.0,150.0,3010,0.0,0.0
2025-05-15 01:15:00+00:00,149.5,149.5,149.0,149.0,4000,0.0,0.0
2025-05-15 01:20:00+00:00,149.0,149.0,149.0,149.0,2000,0.0,0.0
2025-05-15 01:35:00+00:00,149.0,149.0,148.5,148.5,3000,0.0,0.0
2025-05-15 01:40:00+00:00,148.5,148.5,148.5,148.5,1068,0.0,0.0
2025-05-15 01:55:00+00:00,148.5,148.5,148.0,148.0,6047,0.0,0.0
2025-05-15 02:10:00+00:00,149.5,149.5,149.5,149.5,1093,0.0,0.0
2025-05-15 03:05:00+00:00,149.5,149.5,149.5,149.5,2000,0.0,0.0
2025-05-15 03:10:00+00:00,149.5,149.5,149.5,149.5,1000,0.0,0.0
2025-05-15 04:15:00+00:00,149.5,149.5,149.5,149.5,1000,0.0,0.0
2025-05-15 04:30:00+00:00,150.0,150.0,150.0,150.0,1000,0.0,0.0
2025-05-15 04:35:00+00:00,150.0,150.5,150.0,150.5,3058,0.0,0.0
2025-05-15 04:50:00+00:00,150.0,150.0,150.0,150.0,3020,0.0,0.0
2025-05-15 05:10:00+00:00,149.5,149.5,149.0,149.0,7000,0.0,0.0
2025-05-15 05:15:00+00:00,149.0,149.0,149.0,149.0,4000,0.0,0.0
2025-05-15 05:20:00+00:00,149.0,149.0,148.5,148.5,3000,0.0,0.0
2025-05-16 01:00:00+00:00,148.0,148.0,147.0,147.0,0,0.0,0.0
2025-05-16 01:05:00+00:00,147.0,147.0,146.5,146.5,7016,0.0,0.0
2025-05-16 01:10:00+00:00,148.0,148.5,147.5,147.5,3000,0.0,0.0
2025-05-16 01:15:00+00:00,147.5,148.0,147.5,148.0,3000,0.0,0.0
2025-05-16 01:20:00+00:00,147.5,147.5,147.5,147.5,1000,0.0,0.0
2025-05-16 01:25:00+00:00,147.5,147.5,147.5,147.5,1000,0.0,0.0
2025-05-16 01:30:00+00:00,147.5,147.5,147.5,147.5,2000,0.0,0.0
2025-05-16 01:35:00+00:00,147.0,147.0,147.0,147.0,1424,0.0,0.0
2025-05-16 01:40:00+00:00,147.0,148.0,147.0,148.0,7000,0.0,0.0
2025-05-16 01:45:00+00:00,147.5,147.5,147.5,147.5,2000,0.0,0.0
2025-05-16 01:50:00+00:00,147.5,147.5,147.5,147.5,1000,0.0,0.0
2025-05-16 01:55:00+00:00,147.5,147.5,147.5,147.5,1000,0.0,0.0
2025-05-16 02:00:00+00:00,148.5,148.5,148.0,148.0,3000,0.0,0.0
2025-05-16 02:05:00+00:00,148.5,148.5,148.5,148.5,7000,0.0,0.0
2025-05-16 02:10:00+00:00,148.5,148.5,148.0,148.0,2000,0.0,0.0
2025-05-16 02:15:00+00:00,148.0,148.0,148.0,148.0,1000,0.0,0.0
2025-05-16 02:20:00+00:00,148.0,148.0,148.0,148.0,1000,0.0,0.0
2025-05-16 02:25:00+00:00,148.0,148.0,148.0,148.0,1000,0.0,0.0
2025-05-16 02:30:00+00:00,148.0,148.0,148.0,148.0,2000,0.0,0.0
2025-05-16 02:35:00+00:00,147.5,147.5,147.5,147.5,2000,0.0,0.0
2025-05-16 02:40:00+00:00,148.0,148.5,148.0,148.5,6000,0.0,0.0
2025-05-16 02:45:00+00:00,148.0,148.5,148.0,148.5,2000,0.0,0.0
2025-05-16 02:50:00+00:00,148.0,148.5,148.0,148.5,2000,0.0,0.0
2025-05-16 02:55:00+00:00,149.0,149.5,148.5,149.5,4089,0.0,0.0
2025-05-16 03:00:00+00:00,149.0,149.5,149.0,149.5,3238,0.0,0.0
2025-05-16 03:05:00+00:00,149.5,150.0,149.0,150.0,5000,0.0,0.0
2025-05-16 03:10:00+00:00,149.5,149.5,149.5,149.5,1000,0.0,0.0
2025-05-16 03:15:00+00:00,149.0,150.0,149.0,150.0,5000,0.0,0.0
2025-05-16 03:20:00+00:00,149.5,149.5,149.5,149.5,2000,0.0,0.0
2025-05-16 03:25:00+00:00,149.5,150.0,149.5,150.0,2000,0.0,0.0
2025-05-16 03:30:00+00:00,149.5,149.5,149.5,149.5,1000,0.0,0.0
2025-05-16 03:35:00+00:00,149.5,150.0,149.5,150.0,2000,0.0,0.0
2025-05-16 03:40:00+00:00,149.5,150.0,149.5,150.0,2000,0.0,0.0
2025-05-16 03:45:00+00:00,149.5,149.5,149.5,149.5,1000,0.0,0.0
2025-05-16 03:50:00+00:00,149.0,149.0,149.0,149.0,1000,0.0,0.0
2025-05-16 03:55:00+00:00,149.5,150.5,149.0,150.5,11000,0.0,0.0
2025-05-16 04:00:00+00:00,150.0,150.0,150.0,150.0,1000,0.0,0.0
2025-05-16 04:05:00+00:00,151.0,151.0,150.5,150.5,8179,0.0,0.0
2025-05-16 04:10:00+00:00,150.0,150.0,150.0,150.0,1001,0.0,0.0
2025-05-16 04:15:00+00:00,150.0,150.0,150.0,150.0,1000,0.0,0.0
2025-05-16 04:20:00+00:00,149.5,149.5,149.5,149.5,1000,0.0,0.0
2025-05-16 04:25:00+00:00,149.5,149.5,149.5,149.5,1000,0.0,0.0
2025-05-16 04:30:00+00:00,150.5,150.5,150.0,150.0,2000,0.0,0.0
2025-05-16 04:35:00+00:00,150.5,150.5,150.0,150.0,2000,0.0,0.0
2025-05-16 04:40:00+00:00,149.5,149.5,149.5,149.5,1000,0.0,0.0
2025-05-16 04:45:00+00:00,149.5,150.5,149.5,150.5,2100,0.0,0.0
2025-05-16 04:50:00+00:00,150.0,150.0,150.0,150.0,1000,0.0,0.0
2025-05-16 04:55:00+00:00,149.5,150.5,149.5,150.5,2099,0.0,0.0
2025-05-16 05:05:00+00:00,150.5,150.5,150.5,150.5,1200,0.0,0.0
2025-05-19 01:40:00+00:00,151.0,151.0,151.0,151.0,0,0.0,0.0
2025-05-19 01:50:00+00:00,149.5,149.5,149.5,149.5,1000,0.0,0.0
2025-05-19 02:35:00+00:00,149.0,149.0,149.0,149.0,1000,0.0,0.0
2025-05-19 04:25:00+00:00,150.5,151.0,150.5,151.0,2001,0.0,0.0
2025-05-19 05:00:00+00:00,150.5,150.5,150.5,150.5,1000,0.0,0.0
2025-05-19 05:20:00+00:00,150.5,150.5,150.5,150.5,1000,0.0,0.0
2025-05-20 01:10:00+00:00,150.5,151.5,150.5,151.5,2004,0.0,0.0
2025-05-20 01:15:00+00:00,151.0,151.0,151.0,151.0,1000,0.0,0.0
2025-05-20 01:20:00+00:00,151.0,151.0,151.0,151.0,1000,0.0,0.0
2025-05-20 01:35:00+00:00,151.0,151.0,151.0,151.0,1030,0.0,0.0
2025-05-20 02:20:00+00:00,150.0,150.0,150.0,150.0,1329,0.0,0.0
2025-05-20 04:15:00+00:00,150.0,150.0,150.0,150.0,1000,0.0,0.0
2025-05-20 04:55:00+00:00,150.0,150.0,150.0,150.0,2000,0.0,0.0
2025-05-20 05:20:00+00:00,150.5,150.5,150.5,150.5,2000,0.0,0.0
2025-05-21 01:10:00+00:00,150.0,150.0,150.0,150.0,1000,0.0,0.0
2025-05-21 02:05:00+00:00,150.0,150.0,150.0,150.0,1000,0.0,0.0
2025-05-21 02:10:00+00:00,150.5,150.5,150.5,150.5,1040,0.0,0.0
2025-05-21 04:30:00+00:00,150.5,150.5,150.5,150.5,2150,0.0,0.0
2025-05-21 04:40:00+00:00,151.0,151.0,151.0,151.0,1000,0.0,0.0
2025-05-21 05:00:00+00:00,151.0,151.0,149.0,149.0,4177,0.0,0.0
2025-05-21 05:20:00+00:00,149.5,149.5,149.5,149.5,1025,0.0,0.0
2025-05-22 01:00:00+00:00,147.5,147.5,147.5,147.5,0,0.0,0.0
2025-05-22 01:05:00+00:00,148.5,148.5,148.5,148.5,2400,0.0,0.0
2025-05-22 01:20:00+00:00,148.5,149.5,148.5,149.5,1000,0.0,0.0
2025-05-22 01:25:00+00:00,149.5,149.5,149.5,149.5,2000,0.0,0.0
2025-05-22 01:35:00+00:00,150.0,150.0,150.0,150.0,1000,0.0,0.0
2025-05-22 01:55:00+00:00,150.0,150.5,150.0,150.5,5000,0.0,0.0
2025-05-22 02:00:00+00:00,150.5,151.0,150.5,151.0,5050,0.0,0.0
2025-05-22 02:15:00+00:00,151.0,152.0,151.0,152.0,6010,0.0,0.0
2025-05-22 02:45:00+00:00,152.0,156.0,152.0,156.0,15100,0.0,0.0
2025-05-22 02:50:00+00:00,156.0,156.0,156.0,156.0,1019,0.0,0.0
2025-05-22 03:05:00+00:00,154.0,155.5,154.0,155.5,3050,0.0,0.0
2025-05-22 03:25:00+00:00,154.5,154.5,153.5,153.5,2000,0.0,0.0
2025-05-22 03:30:00+00:00,153.0,153.0,153.0,153.0,1000,0.0,0.0
2025-05-22 03:45:00+00:00,154.5,155.5,154.5,155.5,4105,0.0,0.0
2025-05-22 04:10:00+00:00,155.0,155.0,155.0,155.0,1008,0.0,0.0
2025-05-22 04:25:00+00:00,155.0,155.0,155.0,155.0,2000,0.0,0.0
2025-05-22 04:40:00+00:00,155.5,155.5,155.5,155.5,2062,0.0,0.0
2025-05-22 04:45:00+00:00,155.5,155.5,155.5,155.5,2149,0.0,0.0
2025-05-22 05:05:00+00:00,155.5,155.5,155.5,155.5,3125,0.0,0.0
2025-05-22 05:20:00+00:00,155.5,155.5,153.5,153.5,4100,0.0,0.0
2025-05-23 01:00:00+00:00,155.0,156.0,154.5,156.0,0,0.0,0.0
2025-05-23 01:05:00+00:00,157.0,158.5,157.0,158.5,6113,0.0,0.0
2025-05-23 01:10:00+00:00,158.5,161.5,158.5,161.0,19170,0.0,0.0
2025-05-23 01:15:00+00:00,160.0,160.0,158.5,158.5,5020,0.0,0.0
2025-05-23 01:20:00+00:00,158.5,158.5,158.5,158.5,1000,0.0,0.0
2025-05-23 01:35:00+00:00,159.5,159.5,159.5,159.5,1050,0.0,0.0
2025-05-23 01:40:00+00:00,159.0,159.0,159.0,159.0,1005,0.0,0.0
2025-05-23 01:55:00+00:00,158.5,158.5,158.0,158.0,2005,0.0,0.0
2025-05-23 02:00:00+00:00,157.5,157.5,157.5,157.5,2000,0.0,0.0
2025-05-23 02:05:00+00:00,157.5,157.5,157.5,157.5,1000,0.0,0.0
2025-05-23 02:10:00+00:00,157.0,157.5,157.0,157.0,6050,0.0,0.0
2025-05-23 02:15:00+00:00,158.0,158.5,158.0,158.5,2016,0.0,0.0
2025-05-23 02:20:00+00:00,157.0,157.0,156.5,156.5,2000,0.0,0.0
2025-05-23 02:30:00+00:00,156.5,156.5,156.5,156.5,1000,0.0,0.0
2025-05-23 02:40:00+00:00,157.0,157.0,157.0,157.0,2000,0.0,0.0
2025-05-23 02:45:00+00:00,157.5,158.5,157.5,158.5,2000,0.0,0.0
2025-05-23 02:50:00+00:00,158.0,158.0,158.0,158.0,1050,0.0,0.0
2025-05-23 04:00:00+00:00,158.0,158.0,158.0,158.0,1000,0.0,0.0
2025-05-23 04:05:00+00:00,157.0,157.0,156.5,156.5,4146,0.0,0.0
2025-05-23 04:40:00+00:00,154.0,154.0,154.0,154.0,6133,0.0,0.0
2025-05-23 04:45:00+00:00,153.5,154.0,153.5,154.0,7000,0.0,0.0
2025-05-23 04:50:00+00:00,156.0,156.0,156.0,156.0,1000,0.0,0.0
2025-05-23 05:05:00+00:00,155.5,155.5,155.5,155.5,2000,0.0,0.0
2025-05-23 05:20:00+00:00,154.0,155.5,154.0,155.5,3000,0.0,0.0
2025-05-26 01:00:00+00:00,153.5,156.0,153.5,155.0,0,0.0,0.0
2025-05-26 01:10:00+00:00,156.0,156.5,156.0,156.5,3003,0.0,0.0
2025-05-26 01:35:00+00:00,154.5,154.5,154.5,154.5,1000,0.0,0.0
2025-05-26 01:40:00+00:00,153.5,153.5,153.5,153.5,1000,0.0,0.0
2025-05-26 01:45:00+00:00,153.5,153.5,153.5,153.5,1178,0.0,0.0
2025-05-26 02:00:00+00:00,153.5,153.5,153.5,153.5,1000,0.0,0.0
2025-05-26 02:25:00+00:00,154.5,154.5,154.5,154.5,1000,0.0,0.0
2025-05-26 02:55:00+00:00,154.5,154.5,154.5,154.5,1000,0.0,0.0
2025-05-26 03:05:00+00:00,155.0,155.0,155.0,155.0,1000,0.0,0.0
2025-05-26 03:10:00+00:00,155.0,155.5,155.0,155.5,2076,0.0,0.0
2025-05-26 04:20:00+00:00,154.0,154.0,154.0,154.0,2000,0.0,0.0
2025-05-26 04:35:00+00:00,154.0,154.0,154.0,154.0,1500,0.0,0.0
2025-05-26 05:20:00+00:00,154.0,155.5,154.0,155.5,5000,0.0,0.0
2025-05-27 01:05:00+00:00,155.5,156.0,155.5,156.0,0,0.0,0.0
2025-05-27 01:45:00+00:00,153.5,153.5,153.5,153.5,1000,0.0,0.0
2025-05-27 01:50:00+00:00,153.5,153.5,153.5,153.5,1000,0.0,0.0
2025-05-27 02:20:00+00:00,153.5,153.5,153.5,153.5,1000,0.0,0.0
2025-05-27 02:30:00+00:00,153.0,153.0,153.0,153.0,1000,0.0,0.0
2025-05-27 02:40:00+00:00,152.5,152.5,152.5,152.5,1000,0.0,0.0
2025-05-27 02:45:00+00:00,152.0,152.0,152.0,152.0,1000,0.0,0.0
2025-05-27 03:15:00+00:00,152.5,152.5,152.5,152.5,1020,0.0,0.0
2025-05-27 03:30:00+00:00,152.0,152.0,152.0,152.0,4183,0.0,0.0
2025-05-27 04:15:00+00:00,151.0,151.0,151.0,151.0,2165,0.0,0.0
2025-05-27 04:30:00+00:00,150.5,150.5,150.5,150.5,1000,0.0,0.0
2025-05-27 04:40:00+00:00,149.5,149.5,149.5,149.5,3009,0.0,0.0
2025-05-27 04:55:00+00:00,151.0,151.0,150.0,150.0,8000,0.0,0.0
2025-05-27 05:10:00+00:00,150.0,150.0,150.0,150.0,1220,0.0,0.0
2025-05-27 05:15:00+00:00,150.5,150.5,150.5,150.5,2640,0.0,0.0
2025-05-28 01:00:00+00:00,154.0,154.5,154.0,154.5,0,0.0,0.0
2025-05-28 01:20:00+00:00,152.0,152.0,152.0,152.0,1000,0.0,0.0
2025-05-28 01:25:00+00:00,151.0,151.0,151.0,151.0,1000,0.0,0.0
2025-05-28 01:30:00+00:00,152.5,153.0,152.5,153.0,2155,0.0,0.0
2025-05-28 02:10:00+00:00,151.0,151.0,150.5,150.5,2144,0.0,0.0
2025-05-28 03:15:00+00:00,151.5,151.5,151.5,151.5,1006,0.0,0.0
2025-05-28 03:20:00+00:00,152.5,153.0,152.5,153.0,2026,0.0,0.0
2025-05-28 04:35:00+00:00,151.0,151.0,150.5,150.5,3000,0.0,0.0
2025-05-28 05:00:00+00:00,150.5,150.5,150.5,150.5,2000,0.0,0.0
2025-05-29 01:00:00+00:00,152.0,152.0,152.0,152.0,0,0.0,0.0
2025-05-29 01:15:00+00:00,150.0,150.0,149.5,149.5,2000,0.0,0.0
2025-05-29 01:30:00+00:00,148.5,148.5,148.5,148.5,3000,0.0,0.0
2025-05-29 01:35:00+00:00,148.5,148.5,148.5,148.5,1110,0.0,0.0
2025-05-29 01:50:00+00:00,148.5,148.5,148.5,148.5,3000,0.0,0.0
2025-05-29 01:55:00+00:00,149.0,149.0,149.0,149.0,1016,0.0,0.0
2025-05-29 02:00:00+00:00,148.5,148.5,148.5,148.5,1000,0.0,0.0
2025-05-29 02:40:00+00:00,148.5,148.5,148.5,148.5,1462,0.0,0.0
2025-05-29 03:25:00+00:00,149.0,149.0,149.0,149.0,1000,0.0,0.0
2025-05-29 03:35:00+00:00,150.0,150.0,150.0,150.0,4010,0.0,0.0
2025-05-29 04:05:00+00:00,150.0,150.0,150.0,150.0,2020,0.0,0.0
2025-05-29 05:00:00+00:00,150.0,150.0,150.0,150.0,5140,0.0,0.0
2025-05-29 05:15:00+00:00,151.0,151.0,151.0,151.0,1000,0.0,0.0
2025-06-02 01:15:00+00:00,152.0,152.5,152.0,152.5,0,0.0,0.0
2025-06-02 01:35:00+00:00,152.0,152.0,152.0,152.0,1000,0.0,0.0
2025-06-02 01:40:00+00:00,152.0,152.0,152.0,152.0,1000,0.0,0.0
2025-06-02 01:50:00+00:00,151.0,151.0,151.0,151.0,1000,0.0,0.0
2025-06-02 01:55:00+00:00,150.5,150.5,150.5,150.5,2000,0.0,0.0
2025-06-02 02:05:00+00:00,151.5,151.5,151.5,151.5,1000,0.0,0.0
2025-06-02 02:10:00+00:00,151.0,151.0,151.0,151.0,1000,0.0,0.0
2025-06-02 03:30:00+00:00,150.0,150.0,150.0,150.0,1000,0.0,0.0
2025-06-02 04:00:00+00:00,150.0,150.0,150.0,150.0,1010,0.0,0.0
2025-06-02 05:20:00+00:00,150.0,150.0,150.0,150.0,3000,0.0,0.0
2025-06-03 01:00:00+00:00,150.0,151.5,149.5,149.5,0,0.0,0.0
2025-06-03 01:25:00+00:00,151.5,153.5,151.5,153.5,6061,0.0,0.0
2025-06-03 01:30:00+00:00,153.0,153.0,153.0,153.0,3170,0.0,0.0
2025-06-03 02:40:00+00:00,150.5,150.5,150.5,150.5,1094,0.0,0.0
2025-06-03 04:40:00+00:00,150.0,150.0,150.0,150.0,3050,0.0,0.0
2025-06-03 05:20:00+00:00,150.0,150.0,149.5,149.5,6000,0.0,0.0
2025-06-04 01:00:00+00:00,152.5,152.5,152.5,152.5,0,0.0,0.0
2025-06-04 01:30:00+00:00,151.0,151.0,151.0,151.0,1000,0.0,0.0
2025-06-04 01:40:00+00:00,152.0,152.0,152.0,152.0,1000,0.0,0.0
2025-06-04 01:45:00+00:00,152.0,152.5,152.0,152.5,6100,0.0,0.0
2025-06-04 02:10:00+00:00,152.0,152.0,152.0,152.0,2000,0.0,0.0
2025-06-04 04:10:00+00:00,151.0,151.0,150.5,150.5,4023,0.0,0.0
2025-06-04 05:20:00+00:00,150.5,151.5,150.5,151.5,2000,0.0,0.0
2025-06-05 01:00:00+00:00,150.0,150.0,150.0,150.0,0,0.0,0.0
2025-06-05 01:05:00+00:00,150.0,150.0,150.0,150.0,3000,0.0,0.0
2025-06-05 01:10:00+00:00,153.0,153.0,153.0,153.0,1010,0.0,0.0
2025-06-05 01:25:00+00:00,150.0,150.0,150.0,150.0,1000,0.0,0.0
2025-06-05 01:50:00+00:00,151.5,151.5,151.5,151.5,3000,0.0,0.0
2025-06-05 02:15:00+00:00,151.5,151.5,151.5,151.5,1000,0.0,0.0
2025-06-05 03:40:00+00:00,152.0,152.0,152.0,152.0,4000,0.0,0.0
2025-06-05 03:45:00+00:00,152.0,153.5,152.0,153.5,21095,0.0,0.0
2025-06-05 04:25:00+00:00,153.5,153.5,153.5,153.5,1011,0.0,0.0
2025-06-05 05:10:00+00:00,152.5,152.5,152.0,152.0,13000,0.0,0.0
2025-06-05 05:20:00+00:00,151.5,152.5,151.0,152.5,7385,0.0,0.0
2025-06-06 01:00:00+00:00,151.5,153.0,151.5,151.5,0,0.0,0.0
2025-06-06 01:05:00+00:00,151.0,151.0,151.0,151.0,2000,0.0,0.0
2025-06-06 01:15:00+00:00,151.0,153.0,151.0,151.5,4000,0.0,0.0
2025-06-06 01:25:00+00:00,151.5,151.5,151.5,151.5,1100,0.0,0.0
2025-06-06 02:15:00+00:00,152.5,152.5,152.5,152.5,2202,0.0,0.0
2025-06-06 05:20:00+00:00,152.0,152.0,152.0,152.0,2000,0.0,0.0
2025-06-09 01:00:00+00:00,153.0,153.0,153.0,153.0,0,0.0,0.0
2025-06-09 01:20:00+00:00,151.5,151.5,151.5,151.5,2000,0.0,0.0
2025-06-09 02:35:00+00:00,152.5,152.5,152.5,152.5,1000,0.0,0.0
2025-06-09 02:40:00+00:00,152.5,153.0,152.5,153.0,2000,0.0,0.0
2025-06-09 02:45:00+00:00,153.0,153.0,153.0,153.0,2000,0.0,0.0
2025-06-09 03:00:00+00:00,152.0,152.0,152.0,152.0,2000,0.0,0.0
2025-06-09 04:25:00+00:00,153.0,153.5,153.0,153.5,9000,0.0,0.0
2025-06-09 04:40:00+00:00,153.5,153.5,153.5,153.5,2022,0.0,0.0
2025-06-09 05:05:00+00:00,153.5,154.5,153.0,153.0,11000,0.0,0.0
2025-06-09 05:10:00+00:00,154.5,154.5,154.5,154.5,2078,0.0,0.0
2025-06-09 05:20:00+00:00,155.0,155.0,155.0,155.0,3337,0.0,0.0
2025-06-10 01:05:00+00:00,153.0,153.0,153.0,153.0,0,0.0,0.0
2025-06-10 01:30:00+00:00,153.0,153.0,153.0,153.0,1012,0.0,0.0
2025-06-10 01:55:00+00:00,153.0,153.0,153.0,153.0,2082,0.0,0.0
2025-06-10 02:20:00+00:00,153.0,153.0,153.0,153.0,1000,0.0,0.0
2025-06-10 02:40:00+00:00,154.0,154.0,154.0,154.0,1000,0.0,0.0
2025-06-10 02:55:00+00:00,153.5,153.5,153.5,153.5,1000,0.0,0.0
2025-06-10 03:20:00+00:00,153.0,153.0,153.0,153.0,2000,0.0,0.0
2025-06-10 03:50:00+00:00,153.5,153.5,153.5,153.5,1130,0.0,0.0
2025-06-10 04:30:00+00:00,153.0,153.0,152.5,152.5,7030,0.0,0.0
2025-06-11 01:00:00+00:00,156.0,156.0,155.0,155.5,0,0.0,0.0
2025-06-11 02:30:00+00:00,152.0,152.0,152.0,152.0,2000,0.0,0.0
2025-06-11 03:45:00+00:00,152.0,152.0,152.0,152.0,2000,0.0,0.0
2025-06-11 04:00:00+00:00,152.0,152.0,152.0,152.0,1000,0.0,0.0
2025-06-12 01:00:00+00:00,152.5,152.5,152.5,152.5,1010,0.0,0.0
2025-06-12 03:50:00+00:00,151.0,151.0,151.0,151.0,4018,0.0,0.0
2025-06-12 03:55:00+00:00,150.5,150.5,150.5,150.5,1000,0.0,0.0
2025-06-12 04:05:00+00:00,150.5,150.5,150.5,150.5,2000,0.0,0.0
2025-06-12 05:05:00+00:00,150.5,150.5,150.0,150.0,17071,0.0,0.0
2025-06-12 05:10:00+00:00,149.5,149.5,149.5,149.5,2000,0.0,0.0
2025-06-12 05:15:00+00:00,149.0,149.0,149.0,149.0,5000,0.0,0.0
2025-06-12 05:20:00+00:00,149.5,149.5,149.0,149.0,6009,0.0,0.0
2025-06-13 01:00:00+00:00,147.5,147.5,147.0,147.0,0,0.0,0.0
2025-06-13 01:20:00+00:00,146.0,146.0,145.5,145.5,5000,0.0,0.0
2025-06-13 01:25:00+00:00,146.0,146.0,146.0,146.0,1000,0.0,0.0
2025-06-13 01:30:00+00:00,146.0,147.0,146.0,147.0,2100,0.0,0.0
2025-06-13 02:10:00+00:00,147.0,147.0,147.0,147.0,3000,0.0,0.0
2025-06-13 02:20:00+00:00,147.5,149.5,147.5,149.5,4000,0.0,0.0
2025-06-13 02:30:00+00:00,147.0,147.0,147.0,147.0,2000,0.0,0.0
2025-06-13 02:35:00+00:00,149.0,149.0,149.0,149.0,1000,0.0,0.0
2025-06-13 02:40:00+00:00,147.0,147.0,147.0,147.0,2003,0.0,0.0
2025-06-13 03:00:00+00:00,147.0,147.0,147.0,147.0,2000,0.0,0.0
2025-06-13 03:05:00+00:00,147.0,147.0,147.0,147.0,1000,0.0,0.0
2025-06-13 03:15:00+00:00,146.0,146.0,146.0,146.0,2000,0.0,0.0
2025-06-13 03:20:00+00:00,146.0,146.0,146.0,146.0,3165,0.0,0.0
2025-06-13 03:25:00+00:00,145.5,145.5,145.0,145.0,3609,0.0,0.0
2025-06-13 03:40:00+00:00,142.5,143.5,142.5,143.5,4000,0.0,0.0
2025-06-13 03:45:00+00:00,143.5,144.0,143.0,144.0,3000,0.0,0.0
2025-06-13 03:50:00+00:00,144.5,145.0,144.5,145.0,3100,0.0,0.0
2025-06-13 04:20:00+00:00,143.5,143.5,143.5,143.5,3000,0.0,0.0
2025-06-13 04:25:00+00:00,143.0,143.0,143.0,143.0,2000,0.0,0.0
2025-06-13 04:35:00+00:00,143.0,143.0,143.0,143.0,2000,0.0,0.0
2025-06-13 04:40:00+00:00,143.0,143.0,143.0,143.0,1000,0.0,0.0
2025-06-13 04:50:00+00:00,143.0,143.0,143.0,143.0,3000,0.0,0.0
2025-06-13 04:55:00+00:00,143.0,143.0,143.0,143.0,3000,0.0,0.0
2025-06-13 05:00:00+00:00,143.0,143.0,143.0,143.0,2010,0.0,0.0
2025-06-13 05:10:00+00:00,143.5,143.5,143.5,143.5,2000,0.0,0.0
2025-06-13 05:20:00+00:00,143.5,145.0,143.5,145.0,8005,0.0,0.0
2025-06-16 01:00:00+00:00,145.0,145.0,145.0,145.0,0,0.0,0.0
2025-06-16 01:10:00+00:00,144.0,146.5,144.0,146.5,3000,0.0,0.0
2025-06-16 01:30:00+00:00,145.0,146.0,144.5,146.0,3000,0.0,0.0
2025-06-16 01:50:00+00:00,146.0,146.0,144.5,144.5,2000,0.0,0.0
2025-06-16 02:00:00+00:00,145.5,145.5,145.5,145.5,2000,0.0,0.0
2025-06-16 02:20:00+00:00,144.5,144.5,143.5,143.5,8000,0.0,0.0
2025-06-16 02:25:00+00:00,143.5,143.5,143.5,143.5,3100,0.0,0.0
2025-06-16 02:30:00+00:00,143.5,143.5,143.5,143.5,1000,0.0,0.0
2025-06-16 02:40:00+00:00,143.5,143.5,143.0,143.0,5010,0.0,0.0
2025-06-16 02:45:00+00:00,143.0,143.0,142.5,142.5,3228,0.0,0.0
2025-06-16 03:00:00+00:00,143.0,143.0,143.0,143.0,3000,0.0,0.0
2025-06-16 03:05:00+00:00,142.5,142.5,142.5,142.5,1000,0.0,0.0
2025-06-16 03:10:00+00:00,142.5,142.5,142.5,142.5,1019,0.0,0.0
2025-06-16 03:30:00+00:00,142.0,142.0,142.0,142.0,1937,0.0,0.0
2025-06-16 04:05:00+00:00,142.5,142.5,141.5,141.5,7000,0.0,0.0
2025-06-16 04:35:00+00:00,142.0,142.0,142.0,142.0,2000,0.0,0.0
2025-06-16 04:40:00+00:00,141.5,141.5,141.5,141.5,1068,0.0,0.0
2025-06-16 05:00:00+00:00,141.5,141.5,141.0,141.0,2000,0.0,0.0
2025-06-16 05:05:00+00:00,141.0,141.0,141.0,141.0,4389,0.0,0.0
2025-06-16 05:10:00+00:00,141.0,141.0,141.0,141.0,1000,0.0,0.0
2025-06-16 05:15:00+00:00,141.0,141.0,141.0,141.0,2010,0.0,0.0
2025-06-16 05:20:00+00:00,141.0,141.0,141.0,141.0,3610,0.0,0.0
2025-06-17 01:00:00+00:00,145.0,145.5,145.0,145.5,0,0.0,0.0
2025-06-17 01:05:00+00:00,144.0,144.0,144.0,144.0,1034,0.0,0.0
2025-06-17 01:30:00+00:00,143.5,144.0,143.5,144.0,2000,0.0,0.0
2025-06-17 01:40:00+00:00,144.0,144.0,144.0,144.0,1000,0.0,0.0
2025-06-17 01:45:00+00:00,143.5,143.5,143.5,143.5,1000,0.0,0.0
2025-06-17 01:50:00+00:00,143.5,143.5,143.5,143.5,1000,0.0,0.0
2025-06-17 02:00:00+00:00,143.5,143.5,143.5,143.5,1000,0.0,0.0
2025-06-17 02:40:00+00:00,143.5,143.5,143.5,143.5,1000,0.0,0.0
2025-06-17 02:50:00+00:00,144.5,144.5,144.5,144.5,1000,0.0,0.0
2025-06-17 03:05:00+00:00,144.5,144.5,144.5,144.5,1000,0.0,0.0
2025-06-17 03:20:00+00:00,144.0,144.0,144.0,144.0,1000,0.0,0.0
2025-06-17 03:30:00+00:00,144.0,144.0,143.5,143.5,2130,0.0,0.0
2025-06-17 05:10:00+00:00,144.0,144.0,144.0,144.0,1000,0.0,0.0
2025-06-17 05:20:00+00:00,143.5,143.5,143.5,143.5,1000,0.0,0.0
2025-06-18 01:00:00+00:00,143.5,146.5,143.5,146.5,3276,0.0,0.0
2025-06-18 01:25:00+00:00,144.0,144.0,144.0,144.0,1000,0.0,0.0
2025-06-18 01:30:00+00:00,143.5,144.5,143.5,144.5,2000,0.0,0.0
2025-06-18 02:05:00+00:00,144.5,145.0,143.0,145.0,6000,0.0,0.0
2025-06-18 02:40:00+00:00,143.5,143.5,143.5,143.5,1050,0.0,0.0
2025-06-18 03:10:00+00:00,143.5,143.5,143.5,143.5,1000,0.0,0.0
2025-06-18 03:15:00+00:00,143.5,143.5,143.5,143.5,1000,0.0,0.0
2025-06-18 03:25:00+00:00,144.5,144.5,143.5,143.5,3000,0.0,0.0
2025-06-18 03:30:00+00:00,144.5,144.5,144.5,144.5,1000,0.0,0.0
2025-06-18 03:45:00+00:00,144.5,144.5,144.5,144.5,1005,0.0,0.0
2025-06-18 04:00:00+00:00,144.5,146.0,144.5,146.0,15000,0.0,0.0
2025-06-18 04:05:00+00:00,145.0,146.5,145.0,146.5,2045,0.0,0.0
2025-06-18 04:10:00+00:00,146.5,146.5,145.0,145.0,2000,0.0,0.0
2025-06-18 04:15:00+00:00,145.0,145.0,145.0,145.0,3101,0.0,0.0
2025-06-18 04:55:00+00:00,145.0,145.0,145.0,145.0,3019,0.0,0.0
2025-06-18 05:00:00+00:00,144.5,144.5,143.5,143.5,8110,0.0,0.0
2025-06-18 05:05:00+00:00,143.0,144.5,142.5,144.5,9130,0.0,0.0
2025-06-18 05:10:00+00:00,144.0,144.0,144.0,144.0,1000,0.0,0.0
2025-06-18 05:20:00+00:00,144.0,144.0,144.0,144.0,1000,0.0,0.0
2025-06-19 01:00:00+00:00,142.0,144.0,142.0,144.0,0,0.0,0.0
2025-06-19 01:05:00+00:00,142.0,143.0,142.0,143.0,2000,0.0,0.0
2025-06-19 01:15:00+00:00,143.5,143.5,143.5,143.5,1010,0.0,0.0
2025-06-19 01:25:00+00:00,143.5,143.5,143.5,143.5,5000,0.0,0.0
2025-06-19 01:35:00+00:00,142.5,142.5,142.0,142.0,2000,0.0,0.0
2025-06-19 01:40:00+00:00,142.0,142.0,142.0,142.0,1000,0.0,0.0
2025-06-19 01:45:00+00:00,142.0,142.0,142.0,142.0,1000,0.0,0.0
2025-06-19 02:05:00+00:00,143.0,143.0,141.5,143.0,3120,0.0,0.0
2025-06-19 02:55:00+00:00,142.0,142.0,142.0,142.0,1176,0.0,0.0
2025-06-19 03:55:00+00:00,142.0,142.0,142.0,142.0,1000,0.0,0.0
2025-06-19 04:10:00+00:00,142.5,142.5,141.5,141.5,4000,0.0,0.0
2025-06-19 04:30:00+00:00,141.5,141.5,141.5,141.5,1000,0.0,0.0
2025-06-19 04:35:00+00:00,142.5,142.5,142.5,142.5,2000,0.0,0.0
2025-06-19 04:55:00+00:00,142.5,142.5,142.5,142.5,1100,0.0,0.0
2025-06-19 05:10:00+00:00,142.0,142.0,142.0,142.0,1020,0.0,0.0
2025-06-19 05:20:00+00:00,141.5,141.5,141.5,141.5,1000,0.0,0.0
2025-06-20 01:10:00+00:00,143.0,143.0,143.0,143.0,0,0.0,0.0
2025-06-20 01:35:00+00:00,141.5,141.5,140.0,140.0,7010,0.0,0.0
2025-06-20 01:40:00+00:00,140.5,140.5,140.0,140.0,2012,0.0,0.0
2025-06-20 01:45:00+00:00,140.0,140.0,140.0,140.0,2000,0.0,0.0
2025-06-20 01:50:00+00:00,139.5,139.5,138.5,138.5,3111,0.0,0.0
2025-06-20 01:55:00+00:00,139.5,139.5,139.5,139.5,3100,0.0,0.0
2025-06-20 02:05:00+00:00,139.0,139.0,139.0,139.0,1000,0.0,0.0
2025-06-20 02:10:00+00:00,139.0,139.0,139.0,139.0,5039,0.0,0.0
2025-06-20 02:15:00+00:00,139.0,139.0,139.0,139.0,1000,0.0,0.0
2025-06-20 02:20:00+00:00,139.5,141.0,139.5,141.0,6000,0.0,0.0
2025-06-20 02:25:00+00:00,139.5,139.5,139.5,139.5,1000,0.0,0.0
2025-06-20 02:35:00+00:00,141.0,141.5,141.0,141.5,4000,0.0,0.0
2025-06-20 03:30:00+00:00,141.5,141.5,141.5,141.5,1100,0.0,0.0
2025-06-20 03:50:00+00:00,141.5,141.5,141.5,141.5,2000,0.0,0.0
2025-06-20 04:30:00+00:00,141.0,141.0,141.0,141.0,1000,0.0,0.0
2025-06-20 04:40:00+00:00,141.0,141.0,141.0,141.0,1000,0.0,0.0
2025-06-20 05:05:00+00:00,141.5,141.5,141.5,141.5,1000,0.0,0.0
2025-06-20 05:10:00+00:00,142.0,142.0,142.0,142.0,2000,0.0,0.0
2025-06-20 05:20:00+00:00,141.5,141.5,141.5,141.5,1000,0.0,0.0
2025-06-23 01:05:00+00:00,142.5,143.0,142.5,143.0,0,0.0,0.0
2025-06-23 01:15:00+00:00,144.0,145.0,144.0,145.0,3000,0.0,0.0
2025-06-23 01:25:00+00:00,144.5,144.5,144.5,144.5,2011,0.0,0.0
2025-06-23 04:00:00+00:00,143.5,143.5,143.5,143.5,2001,0.0,0.0
2025-06-23 05:20:00+00:00,144.0,144.0,142.5,142.5,4000,0.0,0.0
2025-06-24 01:00:00+00:00,143.0,145.0,143.0,145.0,0,0.0,0.0
2025-06-24 01:05:00+00:00,145.5,148.0,145.5,147.5,9000,0.0,0.0
2025-06-24 01:10:00+00:00,148.0,148.0,148.0,148.0,4000,0.0,0.0
2025-06-24 01:15:00+00:00,148.5,149.5,148.5,149.5,7119,0.0,0.0
2025-06-24 01:20:00+00:00,152.5,153.5,152.5,153.5,3000,0.0,0.0
2025-06-24 01:25:00+00:00,153.0,153.0,153.0,153.0,1249,0.0,0.0
2025-06-24 01:30:00+00:00,153.5,153.5,153.0,153.0,3274,0.0,0.0
2025-06-24 01:35:00+00:00,154.0,156.0,154.0,156.0,15825,0.0,0.0
2025-06-24 01:40:00+00:00,156.0,156.5,156.0,156.5,30570,0.0,0.0
2025-06-24 01:45:00+00:00,156.5,156.5,156.5,156.5,5601,0.0,0.0
2025-06-24 01:55:00+00:00,156.5,156.5,156.5,156.5,1024,0.0,0.0
2025-06-24 02:00:00+00:00,156.5,156.5,156.5,156.5,2000,0.0,0.0
2025-06-24 02:10:00+00:00,156.5,156.5,156.5,156.5,3140,0.0,0.0
2025-06-24 02:30:00+00:00,156.5,156.5,156.5,156.5,1855,0.0,0.0
2025-06-24 02:35:00+00:00,156.5,156.5,156.5,156.5,6000,0.0,0.0
2025-06-24 02:50:00+00:00,156.5,156.5,156.5,156.5,1000,0.0,0.0
2025-06-24 03:15:00+00:00,156.5,156.5,156.5,156.5,1000,0.0,0.0
2025-06-24 03:40:00+00:00,156.5,156.5,156.5,156.5,1000,0.0,0.0
2025-06-24 04:10:00+00:00,156.5,156.5,156.5,156.5,1000,0.0,0.0
2025-06-24 04:15:00+00:00,156.5,156.5,156.5,156.5,3000,0.0,0.0
2025-06-24 04:35:00+00:00,156.5,156.5,156.5,156.5,1000,0.0,0.0
2025-06-24 05:05:00+00:00,156.5,156.5,156.5,156.5,1001,0.0,0.0
2025-06-24 05:20:00+00:00,156.5,156.5,156.5,156.5,3000,0.0,0.0
2025-06-25 01:00:00+00:00,156.5,156.5,156.5,156.5,0,0.0,0.0
2025-06-25 01:05:00+00:00,153.5,153.5,153.0,153.0,5422,0.0,0.0
2025-06-25 01:15:00+00:00,154.0,155.0,154.0,155.0,3080,0.0,0.0
2025-06-25 01:20:00+00:00,154.5,154.5,154.5,154.5,1020,0.0,0.0
2025-06-25 01:25:00+00:00,154.5,155.0,154.0,155.0,4265,0.0,0.0
2025-06-25 01:30:00+00:00,156.0,156.5,156.0,156.5,2000,0.0,0.0
2025-06-25 01:35:00+00:00,157.0,157.0,157.0,157.0,1000,0.0,0.0
2025-06-25 01:40:00+00:00,157.5,158.0,156.5,156.5,7000,0.0,0.0
2025-06-25 01:45:00+00:00,155.5,155.5,155.5,155.5,1003,0.0,0.0
2025-06-25 01:55:00+00:00,155.5,155.5,154.5,154.5,3048,0.0,0.0
2025-06-25 02:05:00+00:00,154.5,154.5,154.5,154.5,1000,0.0,0.0
2025-06-25 02:10:00+00:00,154.5,154.5,154.5,154.5,1100,0.0,0.0
2025-06-25 02:25:00+00:00,155.0,155.0,154.5,154.5,5100,0.0,0.0
2025-06-25 02:30:00+00:00,155.0,155.0,155.0,155.0,4002,0.0,0.0
2025-06-25 02:35:00+00:00,156.5,157.0,156.5,157.0,2000,0.0,0.0
2025-06-25 02:40:00+00:00,156.5,156.5,156.5,156.5,1000,0.0,0.0
2025-06-25 02:45:00+00:00,156.0,157.5,156.0,157.5,3000,0.0,0.0
2025-06-25 03:00:00+00:00,155.5,155.5,155.5,155.5,1000,0.0,0.0
2025-06-25 03:45:00+00:00,155.0,155.0,154.0,154.0,6050,0.0,0.0
2025-06-25 04:40:00+00:00,154.0,154.0,154.0,154.0,1100,0.0,0.0
2025-06-25 05:05:00+00:00,154.0,154.0,154.0,154.0,1000,0.0,0.0
2025-06-25 05:10:00+00:00,154.0,154.5,153.0,154.5,5100,0.0,0.0
2025-06-25 05:15:00+00:00,154.0,154.0,154.0,154.0,1000,0.0,0.0
2025-06-25 05:20:00+00:00,153.0,153.0,153.0,153.0,2050,0.0,0.0
2025-06-26 01:00:00+00:00,153.0,157.0,153.0,157.0,0,0.0,0.0
2025-06-26 01:20:00+00:00,156.5,156.5,154.5,154.5,2000,0.0,0.0
2025-06-26 01:25:00+00:00,155.5,155.5,155.5,155.5,1065,0.0,0.0
2025-06-26 01:30:00+00:00,155.0,155.0,155.0,155.0,1000,0.0,0.0
2025-06-26 01:35:00+00:00,156.0,158.5,156.0,158.0,24000,0.0,0.0
2025-06-26 01:40:00+00:00,157.0,158.5,155.0,158.5,8000,0.0,0.0
2025-06-26 01:45:00+00:00,159.0,159.0,159.0,159.0,1022,0.0,0.0
2025-06-26 02:05:00+00:00,159.0,159.5,158.5,158.5,8000,0.0,0.0
2025-06-26 02:10:00+00:00,158.5,159.0,158.5,159.0,2000,0.0,0.0
2025-06-26 02:15:00+00:00,159.0,159.0,159.0,159.0,1000,0.0,0.0
2025-06-26 02:35:00+00:00,158.0,158.0,158.0,158.0,0,0.0,0.0
2025-06-26 02:40:00+00:00,158.0,158.0,158.0,158.0,63365,0.0,0.0
2025-06-26 02:45:00+00:00,158.5,158.5,158.0,158.0,4000,0.0,0.0
2025-06-26 02:50:00+00:00,158.0,158.0,158.0,158.0,2000,0.0,0.0
2025-06-26 03:00:00+00:00,158.0,158.5,158.0,158.5,4000,0.0,0.0
2025-06-26 03:05:00+00:00,159.0,160.5,159.0,160.5,11250,0.0,0.0
2025-06-26 03:10:00+00:00,161.0,161.5,161.0,161.5,14174,0.0,0.0
2025-06-26 03:15:00+00:00,161.5,162.0,161.0,161.0,7010,0.0,0.0
2025-06-26 03:20:00+00:00,160.5,160.5,160.5,160.5,1000,0.0,0.0
2025-06-26 03:25:00+00:00,161.0,161.0,161.0,161.0,0,0.0,0.0
2025-06-26 03:30:00+00:00,161.5,162.0,161.5,162.0,110849,0.0,0.0
2025-06-26 03:40:00+00:00,161.5,162.0,161.5,161.5,4003,0.0,0.0
2025-06-26 03:50:00+00:00,162.0,163.0,162.0,163.0,8003,0.0,0.0
2025-06-26 03:55:00+00:00,162.5,162.5,161.5,161.5,6000,0.0,0.0
2025-06-26 04:10:00+00:00,161.5,161.5,161.5,161.5,1000,0.0,0.0
2025-06-26 04:20:00+00:00,161.5,161.5,161.5,161.5,1000,0.0,0.0
2025-06-26 04:25:00+00:00,161.5,161.5,161.5,161.5,1236,0.0,0.0
2025-06-26 04:30:00+00:00,161.0,161.0,161.0,161.0,3000,0.0,0.0
2025-06-26 04:35:00+00:00,160.0,160.0,160.0,160.0,1000,0.0,0.0
2025-06-26 04:40:00+00:00,160.0,160.0,160.0,160.0,1000,0.0,0.0
2025-06-26 04:45:00+00:00,160.0,160.0,160.0,160.0,1172,0.0,0.0
2025-06-26 05:05:00+00:00,159.0,159.0,159.0,159.0,1000,0.0,0.0
2025-06-26 05:15:00+00:00,159.0,159.0,158.0,158.0,4000,0.0,0.0
2025-06-26 05:20:00+00:00,158.0,158.5,157.0,158.5,5010,0.0,0.0
2025-06-27 01:00:00+00:00,173.5,173.5,173.5,173.5,0,0.0,0.0
2025-06-27 01:05:00+00:00,173.5,173.5,173.5,173.5,8000,0.0,0.0
2025-06-27 01:10:00+00:00,173.5,173.5,173.5,173.5,18129,0.0,0.0
2025-06-27 01:20:00+00:00,173.5,173.5,173.5,173.5,3416,0.0,0.0
2025-06-27 01:25:00+00:00,173.5,173.5,173.5,173.5,1040,0.0,0.0
2025-06-27 01:30:00+00:00,173.5,173.5,173.5,173.5,1003,0.0,0.0
2025-06-27 01:35:00+00:00,173.5,173.5,173.5,173.5,2075,0.0,0.0
2025-06-27 01:50:00+00:00,173.5,173.5,173.5,173.5,1000,0.0,0.0
2025-06-27 01:55:00+00:00,173.5,173.5,173.5,173.5,1010,0.0,0.0
2025-06-27 02:00:00+00:00,173.5,173.5,173.5,173.5,1809,0.0,0.0
2025-06-27 02:15:00+00:00,173.5,173.5,173.5,173.5,2000,0.0,0.0
2025-06-27 02:20:00+00:00,173.5,173.5,173.5,173.5,1756,0.0,0.0
2025-06-27 02:45:00+00:00,173.5,173.5,173.5,173.5,1000,0.0,0.0
2025-06-27 02:50:00+00:00,173.5,173.5,173.5,173.5,1000,0.0,0.0
2025-06-27 02:55:00+00:00,173.5,173.5,173.5,173.5,4362,0.0,0.0
2025-06-27 03:20:00+00:00,173.5,173.5,173.5,173.5,1610,0.0,0.0
2025-06-27 04:10:00+00:00,173.5,173.5,173.5,173.5,2006,0.0,0.0
2025-06-27 04:30:00+00:00,173.5,173.5,173.5,173.5,2001,0.0,0.0
2025-06-27 04:45:00+00:00,173.5,173.5,173.5,173.5,1000,0.0,0.0
2025-06-27 04:50:00+00:00,173.5,173.5,173.5,173.5,1000,0.0,0.0
2025-06-27 05:10:00+00:00,173.5,173.5,173.5,173.5,1007,0.0,0.0
2025-06-27 05:20:00+00:00,173.5,173.5,173.5,173.5,1800,0.0,0.0
2025-06-30 01:00:00+00:00,176.0,177.0,170.0,173.5,76976,0.0,0.0
2025-06-30 01:05:00+00:00,172.0,173.0,170.5,171.5,27000,0.0,0.0
2025-06-30 01:10:00+00:00,172.5,174.5,172.0,172.0,47759,0.0,0.0
2025-06-30 01:15:00+00:00,172.0,174.0,172.0,174.0,14410,0.0,0.0
2025-06-30 01:20:00+00:00,174.0,175.5,172.5,172.5,23945,0.0,0.0
2025-06-30 01:25:00+00:00,174.0,175.0,174.0,175.0,10021,0.0,0.0
2025-06-30 01:30:00+00:00,175.0,176.0,174.0,176.0,6109,0.0,0.0
2025-06-30 01:35:00+00:00,176.0,178.0,175.5,177.5,30100,0.0,0.0
2025-06-30 01:40:00+00:00,177.0,177.5,176.5,176.5,13100,0.0,0.0
2025-06-30 01:45:00+00:00,175.5,175.5,175.0,175.0,2104,0.0,0.0
2025-06-30 01:50:00+00:00,174.5,174.5,174.5,174.5,2100,0.0,0.0
2025-06-30 01:55:00+00:00,174.0,177.0,174.0,176.5,26868,0.0,0.0
2025-06-30 02:00:00+00:00,176.5,176.5,176.0,176.0,4003,0.0,0.0
2025-06-30 02:05:00+00:00,177.0,177.0,177.0,177.0,2010,0.0,0.0
2025-06-30 02:10:00+00:00,177.0,178.0,177.0,178.0,7095,0.0,0.0
2025-06-30 02:15:00+00:00,178.0,179.5,177.5,178.0,55425,0.0,0.0
2025-06-30 02:20:00+00:00,177.5,177.5,176.0,176.0,12209,0.0,0.0
2025-06-30 02:25:00+00:00,176.5,176.5,176.5,176.5,1011,0.0,0.0
2025-06-30 02:30:00+00:00,176.0,176.5,176.0,176.5,3055,0.0,0.0
2025-06-30 02:40:00+00:00,176.0,176.0,176.0,176.0,3048,0.0,0.0
2025-06-30 03:05:00+00:00,175.0,175.0,174.0,174.0,8130,0.0,0.0
2025-06-30 03:15:00+00:00,174.5,174.5,174.0,174.0,10120,0.0,0.0
2025-06-30 03:20:00+00:00,175.5,175.5,174.0,174.0,8001,0.0,0.0
2025-06-30 03:25:00+00:00,174.5,174.5,174.5,174.5,1003,0.0,0.0
2025-06-30 03:30:00+00:00,174.5,174.5,174.5,174.5,1000,0.0,0.0
2025-06-30 03:35:00+00:00,174.5,174.5,174.5,174.5,2000,0.0,0.0
2025-06-30 03:40:00+00:00,174.5,174.5,174.5,174.5,2000,0.0,0.0
2025-06-30 03:45:00+00:00,175.0,175.0,175.0,175.0,2019,0.0,0.0
2025-06-30 04:00:00+00:00,174.5,174.5,174.5,174.5,1278,0.0,0.0
2025-06-30 04:05:00+00:00,174.5,174.5,174.5,174.5,2000,0.0,0.0
2025-06-30 04:10:00+00:00,174.5,174.5,174.5,174.5,1005,0.0,0.0
2025-06-30 04:15:00+00:00,174.0,174.0,174.0,174.0,3005,0.0,0.0
2025-06-30 04:20:00+00:00,174.5,174.5,174.5,174.5,3200,0.0,0.0
2025-06-30 04:25:00+00:00,174.0,174.5,174.0,174.5,0,0.0,0.0
2025-06-30 04:35:00+00:00,174.5,174.5,174.5,174.5,1200,0.0,0.0
2025-06-30 04:55:00+00:00,174.5,174.5,174.5,174.5,5700,0.0,0.0
2025-06-30 05:05:00+00:00,175.0,175.0,175.0,175.0,1010,0.0,0.0
2025-06-30 05:10:00+00:00,175.5,175.5,175.0,175.0,4372,0.0,0.0
2025-06-30 05:20:00+00:00,174.0,176.5,173.5,176.5,21040,0.0,0.0
2025-07-01 01:00:00+00:00,176.5,177.0,175.5,176.0,0,0.0,0.0
2025-07-01 01:05:00+00:00,177.0,177.0,177.0,177.0,2894,0.0,0.0
2025-07-01 01:10:00+00:00,177.5,177.5,176.5,177.5,4405,0.0,0.0
2025-07-01 01:15:00+00:00,177.5,177.5,177.0,177.0,6005,0.0,0.0
2025-07-01 01:20:00+00:00,176.5,176.5,174.5,174.5,6075,0.0,0.0
2025-07-01 01:25:00+00:00,174.5,174.5,174.5,174.5,4010,0.0,0.0
2025-07-01 01:30:00+00:00,175.0,175.0,174.0,174.0,4035,0.0,0.0
2025-07-01 01:35:00+00:00,175.0,175.0,173.5,174.5,8000,0.0,0.0
2025-07-01 01:40:00+00:00,175.5,175.5,175.0,175.0,2000,0.0,0.0
2025-07-01 01:45:00+00:00,174.0,174.0,174.0,174.0,7025,0.0,0.0
2025-07-01 01:50:00+00:00,174.5,174.5,174.5,174.5,1000,0.0,0.0
2025-07-01 01:55:00+00:00,174.5,174.5,174.5,174.5,1000,0.0,0.0
2025-07-01 02:00:00+00:00,174.5,174.5,174.5,174.5,2200,0.0,0.0
2025-07-01 02:10:00+00:00,174.0,174.0,172.5,172.5,11220,0.0,0.0
2025-07-01 02:15:00+00:00,172.5,172.5,172.5,172.5,6000,0.0,0.0
2025-07-01 02:25:00+00:00,172.5,174.5,172.5,174.5,8104,0.0,0.0
2025-07-01 02:35:00+00:00,174.0,174.0,173.5,173.5,3000,0.0,0.0
2025-07-01 03:10:00+00:00,174.0,174.0,173.5,173.5,2000,0.0,0.0
2025-07-01 03:25:00+00:00,173.0,173.0,173.0,173.0,1000,0.0,0.0
2025-07-01 03:40:00+00:00,172.5,172.5,172.5,172.5,2227,0.0,0.0
2025-07-01 03:55:00+00:00,172.0,173.5,171.0,173.0,10000,0.0,0.0
2025-07-01 04:00:00+00:00,173.5,175.0,173.5,175.0,6148,0.0,0.0
2025-07-01 04:05:00+00:00,175.0,176.0,175.0,175.0,5000,0.0,0.0
2025-07-01 04:10:00+00:00,175.0,175.0,174.5,175.0,4000,0.0,0.0
2025-07-01 04:20:00+00:00,174.5,174.5,174.5,174.5,1000,0.0,0.0
2025-07-01 04:30:00+00:00,174.5,174.5,174.5,174.5,1152,0.0,0.0
2025-07-01 05:00:00+00:00,174.5,175.0,174.0,174.0,10046,0.0,0.0
2025-07-01 05:10:00+00:00,174.0,174.0,174.0,174.0,1230,0.0,0.0
2025-07-01 05:15:00+00:00,174.0,174.0,174.0,174.0,2010,0.0,0.0
2025-07-01 05:20:00+00:00,173.5,173.5,173.5,173.5,1142,0.0,0.0
2025-07-02 01:00:00+00:00,170.5,174.5,170.5,174.5,0,0.0,0.0
2025-07-02 01:05:00+00:00,173.0,174.5,173.0,174.5,6000,0.0,0.0
2025-07-02 01:15:00+00:00,174.0,174.0,174.0,174.0,1000,0.0,0.0
2025-07-02 01:25:00+00:00,173.5,174.0,173.5,174.0,3020,0.0,0.0
2025-07-02 01:30:00+00:00,174.5,175.0,174.5,175.0,6015,0.0,0.0
2025-07-02 01:35:00+00:00,175.5,176.0,175.5,176.0,13000,0.0,0.0
2025-07-02 01:40:00+00:00,176.5,176.5,176.0,176.5,3000,0.0,0.0
2025-07-02 01:45:00+00:00,176.5,176.5,175.0,175.0,9000,0.0,0.0
2025-07-02 01:50:00+00:00,175.0,175.0,175.0,175.0,1000,0.0,0.0
2025-07-02 01:55:00+00:00,175.5,175.5,175.5,175.5,1009,0.0,0.0
2025-07-02 02:10:00+00:00,175.0,175.0,175.0,175.0,2313,0.0,0.0
2025-07-02 02:20:00+00:00,175.0,175.0,175.0,175.0,2200,0.0,0.0
2025-07-02 02:35:00+00:00,175.5,175.5,175.5,175.5,1000,0.0,0.0
2025-07-02 02:45:00+00:00,175.5,175.5,175.5,175.5,2070,0.0,0.0
2025-07-02 03:05:00+00:00,175.0,175.0,175.0,175.0,2000,0.0,0.0
2025-07-02 03:10:00+00:00,174.5,174.5,174.5,174.5,1009,0.0,0.0
2025-07-02 03:35:00+00:00,174.0,174.0,174.0,174.0,1000,0.0,0.0
2025-07-02 03:40:00+00:00,173.5,173.5,173.0,173.0,3004,0.0,0.0
2025-07-02 03:55:00+00:00,173.0,173.0,173.0,173.0,1000,0.0,0.0
2025-07-02 04:00:00+00:00,173.0,173.0,173.0,173.0,1000,0.0,0.0
2025-07-02 04:15:00+00:00,174.5,174.5,174.5,174.5,2000,0.0,0.0
2025-07-02 04:25:00+00:00,175.0,175.5,175.0,175.5,2225,0.0,0.0
2025-07-02 04:45:00+00:00,175.5,175.5,175.5,175.5,4253,0.0,0.0
2025-07-02 04:55:00+00:00,176.0,176.0,176.0,176.0,1040,0.0,0.0
2025-07-02 05:00:00+00:00,176.0,176.0,176.0,176.0,5043,0.0,0.0
2025-07-02 05:05:00+00:00,176.0,176.0,176.0,176.0,1500,0.0,0.0
2025-07-02 05:10:00+00:00,176.0,176.0,176.0,176.0,3000,0.0,0.0
2025-07-02 05:15:00+00:00,176.0,177.0,176.0,177.0,14931,0.0,0.0
2025-07-02 05:20:00+00:00,177.0,177.5,177.0,177.5,3413,0.0,0.0
2025-07-03 01:00:00+00:00,179.5,182.0,179.5,181.0,0,0.0,0.0
2025-07-03 01:05:00+00:00,181.0,181.5,180.5,180.5,10514,0.0,0.0
2025-07-03 01:10:00+00:00,181.0,181.0,181.0,181.0,2249,0.0,0.0
2025-07-03 01:15:00+00:00,180.5,180.5,180.0,180.0,4011,0.0,0.0
2025-07-03 01:20:00+00:00,179.5,179.5,179.5,179.5,4050,0.0,0.0
2025-07-03 01:25:00+00:00,180.0,180.5,180.0,180.5,2062,0.0,0.0
2025-07-03 01:35:00+00:00,179.0,179.0,179.0,179.0,2010,0.0,0.0
2025-07-03 01:40:00+00:00,178.5,178.5,177.5,177.5,8192,0.0,0.0
2025-07-03 01:55:00+00:00,178.0,178.0,178.0,178.0,3003,0.0,0.0
2025-07-03 02:00:00+00:00,178.5,178.5,177.5,177.5,3000,0.0,0.0
2025-07-03 02:05:00+00:00,177.5,177.5,177.5,177.5,1000,0.0,0.0
2025-07-03 02:10:00+00:00,177.5,177.5,177.5,177.5,1000,0.0,0.0
2025-07-03 02:15:00+00:00,177.0,177.0,176.5,177.0,3013,0.0,0.0
2025-07-03 02:20:00+00:00,177.0,177.0,177.0,177.0,2100,0.0,0.0
2025-07-03 02:25:00+00:00,177.0,178.5,177.0,177.0,4000,0.0,0.0
2025-07-03 02:30:00+00:00,177.0,177.0,177.0,177.0,1000,0.0,0.0
2025-07-03 02:35:00+00:00,177.0,177.0,177.0,177.0,1005,0.0,0.0
2025-07-03 03:00:00+00:00,176.5,176.5,176.5,176.5,2030,0.0,0.0
2025-07-03 03:35:00+00:00,176.0,176.0,176.0,176.0,2100,0.0,0.0
2025-07-03 03:40:00+00:00,176.0,176.0,176.0,176.0,1000,0.0,0.0
2025-07-03 03:50:00+00:00,177.0,179.0,177.0,178.5,9100,0.0,0.0
2025-07-03 03:55:00+00:00,179.0,179.5,179.0,179.5,6011,0.0,0.0
2025-07-03 04:10:00+00:00,179.0,179.0,178.5,178.5,3000,0.0,0.0
2025-07-03 04:30:00+00:00,178.0,178.0,178.0,178.0,3000,0.0,0.0
2025-07-03 04:35:00+00:00,178.5,179.5,178.5,179.5,10000,0.0,0.0
2025-07-03 04:40:00+00:00,179.5,180.0,179.5,180.0,4087,0.0,0.0
2025-07-03 04:45:00+00:00,180.0,180.0,180.0,180.0,1000,0.0,0.0
2025-07-03 04:50:00+00:00,180.0,180.0,180.0,180.0,2805,0.0,0.0
2025-07-03 04:55:00+00:00,180.5,180.5,180.5,180.5,2843,0.0,0.0
2025-07-03 05:00:00+00:00,180.5,180.5,180.5,180.5,4000,0.0,0.0
2025-07-03 05:05:00+00:00,180.5,180.5,180.0,180.0,4014,0.0,0.0
2025-07-03 05:10:00+00:00,180.5,180.5,180.5,180.5,2000,0.0,0.0
2025-07-03 05:15:00+00:00,181.0,181.0,181.0,181.0,2050,0.0,0.0
2025-07-03 05:20:00+00:00,180.5,181.0,180.0,180.0,4051,0.0,0.0
2025-07-04 01:00:00+00:00,181.5,182.5,181.5,182.5,0,0.0,0.0
2025-07-04 01:05:00+00:00,182.0,182.0,179.5,179.5,12564,0.0,0.0
2025-07-04 01:30:00+00:00,179.5,179.5,179.5,179.5,1000,0.0,0.0
2025-07-04 01:35:00+00:00,179.5,180.0,179.5,180.0,3011,0.0,0.0
2025-07-04 01:40:00+00:00,180.5,180.5,180.5,180.5,1000,0.0,0.0
2025-07-04 01:45:00+00:00,179.0,179.0,178.5,178.5,3000,0.0,0.0
2025-07-04 01:50:00+00:00,179.0,179.0,179.0,179.0,1005,0.0,0.0
2025-07-04 01:55:00+00:00,179.0,179.0,179.0,179.0,1000,0.0,0.0
2025-07-04 02:05:00+00:00,178.5,178.5,178.5,178.5,2163,0.0,0.0
2025-07-04 02:20:00+00:00,178.5,178.5,178.5,178.5,4000,0.0,0.0
2025-07-04 02:25:00+00:00,179.0,179.5,179.0,179.5,3060,0.0,0.0
2025-07-04 02:30:00+00:00,179.0,179.0,179.0,179.0,3100,0.0,0.0
2025-07-04 02:35:00+00:00,179.0,179.0,178.0,178.0,4000,0.0,0.0
2025-07-04 02:40:00+00:00,179.5,179.5,179.5,179.5,1220,0.0,0.0
2025-07-04 02:45:00+00:00,180.0,181.0,180.0,181.0,11945,0.0,0.0
2025-07-04 02:55:00+00:00,181.0,181.0,181.0,181.0,1100,0.0,0.0
2025-07-04 03:00:00+00:00,180.5,180.5,180.5,180.5,5000,0.0,0.0
2025-07-04 03:05:00+00:00,181.0,181.0,181.0,181.0,2225,0.0,0.0
2025-07-04 03:50:00+00:00,180.5,181.0,180.5,181.0,3010,0.0,0.0
2025-07-04 03:55:00+00:00,181.0,181.0,180.5,180.5,3070,0.0,0.0
2025-07-04 04:00:00+00:00,180.5,180.5,178.0,180.0,16030,0.0,0.0
2025-07-04 04:05:00+00:00,180.0,180.0,180.0,180.0,1000,0.0,0.0
2025-07-04 04:10:00+00:00,180.0,180.0,180.0,180.0,1035,0.0,0.0
2025-07-04 04:20:00+00:00,180.0,180.5,180.0,180.5,6000,0.0,0.0
2025-07-04 04:25:00+00:00,180.5,180.5,180.5,180.5,1434,0.0,0.0
2025-07-04 04:55:00+00:00,181.0,182.5,181.0,182.5,36372,0.0,0.0
2025-07-04 05:00:00+00:00,182.5,182.5,182.5,182.5,3450,0.0,0.0
2025-07-04 05:05:00+00:00,183.0,183.0,182.0,182.0,3000,0.0,0.0
2025-07-04 05:10:00+00:00,182.0,182.0,182.0,182.0,2027,0.0,0.0
2025-07-04 05:20:00+00:00,182.5,183.0,182.0,183.0,9038,0.0,0.0
2025-05-08 01:00:00+00:00,146.0,147.0,146.0,147.0,0,0.0,0.0
2025-05-08 02:15:00+00:00,147.0,147.5,147.0,147.5,0,0.0,0.0
2025-05-08 02:20:00+00:00,147.5,147.5,147.5,147.5,2000,0.0,0.0
2025-05-08 02:45:00+00:00,146.0,146.0,146.0,146.0,1000,0.0,0.0
2025-05-08 02:55:00+00:00,145.0,145.0,145.0,145.0,1001,0.0,0.0
2025-05-08 03:00:00+00:00,145.5,145.5,145.0,145.0,2000,0.0,0.0
2025-05-08 03:05:00+00:00,145.5,145.5,145.5,145.5,1130,0.0,0.0
2025-05-08 03:20:00+00:00,146.0,146.0,146.0,146.0,1125,0.0,0.0
2025-05-08 04:15:00+00:00,146.0,146.0,146.0,146.0,1007,0.0,0.0
2025-05-08 04:55:00+00:00,146.0,146.0,145.5,145.5,5000,0.0,0.0
2025-05-08 05:00:00+00:00,146.5,146.5,146.5,146.5,6000,0.0,0.0
2025-05-08 05:05:00+00:00,147.0,147.5,147.0,147.5,3000,0.0,0.0
2025-05-08 05:20:00+00:00,147.5,147.5,146.0,146.0,3000,0.0,0.0
2025-05-09 01:00:00+00:00,146.5,149.0,146.5,149.0,0,0.0,0.0
2025-05-09 01:15:00+00:00,148.0,148.0,148.0,148.0,3000,0.0,0.0
2025-05-09 01:20:00+00:00,148.5,149.5,148.5,149.5,16100,0.0,0.0
2025-05-09 01:25:00+00:00,150.0,150.0,150.0,150.0,5000,0.0,0.0
2025-05-09 01:30:00+00:00,151.5,151.5,150.0,150.0,3350,0.0,0.0
2025-05-09 01:35:00+00:00,151.5,152.0,151.5,152.0,2000,0.0,0.0
2025-05-09 01:40:00+00:00,152.0,153.5,152.0,153.5,8220,0.0,0.0
2025-05-09 01:45:00+00:00,153.5,153.5,153.5,153.5,1108,0.0,0.0
2025-05-09 01:55:00+00:00,153.5,153.5,153.5,153.5,1050,0.0,0.0
2025-05-09 02:20:00+00:00,151.0,151.0,150.0,150.0,6218,0.0,0.0
2025-05-09 04:45:00+00:00,149.0,149.0,149.0,149.0,1089,0.0,0.0
2025-05-09 04:50:00+00:00,149.0,149.0,149.0,149.0,4000,0.0,0.0
2025-05-09 05:10:00+00:00,149.0,149.0,149.0,149.0,2000,0.0,0.0
2025-05-09 05:20:00+00:00,151.0,151.0,151.0,151.0,1000,0.0,0.0
2025-05-12 01:05:00+00:00,156.0,156.0,156.0,156.0,0,0.0,0.0
2025-05-12 01:30:00+00:00,154.5,155.5,154.5,155.5,4000,0.0,0.0
2025-05-12 01:50:00+00:00,154.5,154.5,154.5,154.5,1080,0.0,0.0
2025-05-12 02:25:00+00:00,152.0,152.0,152.0,152.0,2069,0.0,0.0
2025-05-12 03:10:00+00:00,152.0,153.5,152.0,153.5,3000,0.0,0.0
2025-05-12 03:30:00+00:00,153.5,153.5,153.5,153.5,2000,0.0,0.0
2025-05-12 04:05:00+00:00,153.5,154.0,153.5,154.0,2314,0.0,0.0
2025-05-13 01:00:00+00:00,154.0,156.5,154.0,156.5,5100,0.0,0.0
2025-05-13 01:10:00+00:00,154.0,154.0,154.0,154.0,1000,0.0,0.0
2025-05-13 01:20:00+00:00,152.5,152.5,152.5,152.5,2190,0.0,0.0
2025-05-13 01:50:00+00:00,152.0,152.0,152.0,152.0,2001,0.0,0.0
2025-05-13 02:00:00+00:00,152.0,152.0,152.0,152.0,1000,0.0,0.0
2025-05-13 02:05:00+00:00,152.0,152.0,152.0,152.0,1000,0.0,0.0
2025-05-13 02:30:00+00:00,152.0,153.0,151.5,151.5,5070,0.0,0.0
2025-05-13 02:35:00+00:00,151.5,151.5,150.5,150.5,5142,0.0,0.0
2025-05-13 02:40:00+00:00,151.0,151.0,151.0,151.0,3000,0.0,0.0
2025-05-13 02:55:00+00:00,151.0,151.0,151.0,151.0,2000,0.0,0.0
2025-05-13 03:00:00+00:00,150.5,150.5,150.5,150.5,2123,0.0,0.0
2025-05-13 03:10:00+00:00,150.0,150.0,150.0,150.0,3017,0.0,0.0
2025-05-13 03:35:00+00:00,150.5,150.5,150.5,150.5,1000,0.0,0.0
2025-05-13 03:40:00+00:00,150.5,150.5,150.5,150.5,1000,0.0,0.0
2025-05-13 03:45:00+00:00,151.0,151.0,151.0,151.0,2743,0.0,0.0
2025-05-13 04:00:00+00:00,150.5,150.5,150.5,150.5,1000,0.0,0.0
2025-05-13 04:40:00+00:00,150.0,150.0,149.5,149.5,3036,0.0,0.0
2025-05-13 04:50:00+00:00,149.0,149.0,149.0,149.0,1000,0.0,0.0
2025-05-13 05:00:00+00:00,149.0,149.0,149.0,149.0,1000,0.0,0.0
2025-05-13 05:05:00+00:00,149.0,149.0,149.0,149.0,1000,0.0,0.0
2025-05-13 05:20:00+00:00,149.5,152.5,149.5,152.5,9104,0.0,0.0
2025-05-14 01:00:00+00:00,147.5,148.0,147.5,148.0,5000,0.0,0.0
2025-05-14 01:05:00+00:00,150.0,151.5,150.0,151.5,2000,0.0,0.0
2025-05-14 01:10:00+00:00,149.0,149.0,149.0,149.0,1000,0.0,0.0
2025-05-14 01:15:00+00:00,150.0,151.0,150.0,151.0,2000,0.0,0.0
2025-05-14 01:25:00+00:00,150.0,150.0,149.0,149.0,3000,0.0,0.0
2025-05-14 01:45:00+00:00,149.0,149.0,149.0,149.0,1000,0.0,0.0
2025-05-14 01:50:00+00:00,148.5,150.5,148.5,150.5,3093,0.0,0.0
2025-05-14 02:10:00+00:00,148.5,148.5,148.5,148.5,2000,0.0,0.0
2025-05-14 02:15:00+00:00,148.0,148.0,147.0,148.0,19000,0.0,0.0
2025-05-14 02:20:00+00:00,148.0,148.0,148.0,148.0,4000,0.0,0.0
2025-05-14 02:35:00+00:00,148.5,148.5,148.5,148.5,2140,0.0,0.0
2025-05-14 02:50:00+00:00,149.0,149.0,149.0,149.0,1000,0.0,0.0
2025-05-14 02:55:00+00:00,149.0,149.0,149.0,149.0,1000,0.0,0.0
2025-05-14 03:05:00+00:00,149.5,149.5,149.5,149.5,1000,0.0,0.0
2025-05-14 03:40:00+00:00,149.5,149.5,149.5,149.5,2000,0.0,0.0
2025-05-14 03:45:00+00:00,149.5,149.5,149.5,149.5,2000,0.0,0.0
2025-05-14 04:10:00+00:00,149.5,149.5,149.5,149.5,2404,0.0,0.0
2025-05-14 04:25:00+00:00,149.5,149.5,149.5,149.5,2006,0.0,0.0
2025-05-14 04:30:00+00:00,149.5,149.5,149.5,149.5,1018,0.0,0.0
2025-05-14 04:40:00+00:00,150.0,150.0,150.0,150.0,3018,0.0,0.0
2025-05-14 04:50:00+00:00,150.0,150.0,150.0,150.0,1006,0.0,0.0
2025-05-14 04:55:00+00:00,150.5,150.5,150.5,150.5,1011,0.0,0.0
2025-05-14 05:00:00+00:00,150.5,151.0,150.5,151.0,10285,0.0,0.0
2025-05-14 05:10:00+00:00,151.5,151.5,151.5,151.5,3061,0.0,0.0
2025-05-15 01:00:00+00:00,150.5,150.5,150.0,150.0,0,0.0,0.0
2025-05-15 01:10:00+00:00,152.0,152.5,150.0,150.0,3010,0.0,0.0
2025-05-15 01:15:00+00:00,149.5,149.5,149.0,149.0,4000,0.0,0.0
2025-05-15 01:20:00+00:00,149.0,149.0,149.0,149.0,2000,0.0,0.0
2025-05-15 01:35:00+00:00,149.0,149.0,148.5,148.5,3000,0.0,0.0
2025-05-15 01:40:00+00:00,148.5,148.5,148.5,148.5,1068,0.0,0.0
2025-05-15 01:55:00+00:00,148.5,148.5,148.0,148.0,6047,0.0,0.0
2025-05-15 02:10:00+00:00,149.5,149.5,149.5,149.5,1093,0.0,0.0
2025-05-15 03:05:00+00:00,149.5,149.5,149.5,149.5,2000,0.0,0.0
2025-05-15 03:10:00+00:00,149.5,149.5,149.5,149.5,1000,0.0,0.0
2025-05-15 04:15:00+00:00,149.5,149.5,149.5,149.5,1000,0.0,0.0
2025-05-15 04:30:00+00:00,150.0,150.0,150.0,150.0,1000,0.0,0.0
2025-05-15 04:35:00+00:00,150.0,150.5,150.0,150.5,3058,0.0,0.0
2025-05-15 04:50:00+00:00,150.0,150.0,150.0,150.0,3020,0.0,0.0
2025-05-15 05:10:00+00:00,149.5,149.5,149.0,149.0,7000,0.0,0.0
2025-05-15 05:15:00+00:00,149.0,149.0,149.0,149.0,4000,0.0,0.0
2025-05-15 05:20:00+00:00,149.0,149.0,148.5,148.5,3000,0.0,0.0
2025-05-16 01:00:00+00:00,148.0,148.0,147.0,147.0,0,0.0,0.0
2025-05-16 01:05:00+00:00,147.0,147.0,146.5,146.5,7016,0.0,0.0
2025-05-16 01:10:00+00:00,148.0,148.5,147.5,147.5,3000,0.0,0.0
2025-05-16 01:15:00+00:00,147.5,148.0,147.5,148.0,3000,0.0,0.0
2025-05-16 01:20:00+00:00,147.5,147.5,147.5,147.5,1000,0.0,0.0
2025-05-16 01:25:00+00:00,147.5,147.5,147.5,147.5,1000,0.0,0.0
2025-05-16 01:30:00+00:00,147.5,147.5,147.5,147.5,2000,0.0,0.0
2025-05-16 01:35:00+00:00,147.0,147.0,147.0,147.0,1424,0.0,0.0
2025-05-16 01:40:00+00:00,147.0,148.0,147.0,148.0,7000,0.0,0.0
2025-05-16 01:45:00+00:00,147.5,147.5,147.5,147.5,2000,0.0,0.0
2025-05-16 01:50:00+00:00,147.5,147.5,147.5,147.5,1000,0.0,0.0
2025-05-16 01:55:00+00:00,147.5,147.5,147.5,147.5,1000,0.0,0.0
2025-05-16 02:00:00+00:00,148.5,148.5,148.0,148.0,3000,0.0,0.0
2025-05-16 02:05:00+00:00,148.5,148.5,148.5,148.5,7000,0.0,0.0
2025-05-16 02:10:00+00:00,148.5,148.5,148.0,148.0,2000,0.0,0.0
2025-05-16 02:15:00+00:00,148.0,148.0,148.0,148.0,1000,0.0,0.0
2025-05-16 02:20:00+00:00,148.0,148.0,148.0,148.0,1000,0.0,0.0
2025-05-16 02:25:00+00:00,148.0,148.0,148.0,148.0,1000,0.0,0.0
2025-05-16 02:30:00+00:00,148.0,148.0,148.0,148.0,2000,0.0,0.0
2025-05-16 02:35:00+00:00,147.5,147.5,147.5,147.5,2000,0.0,0.0
2025-05-16 02:40:00+00:00,148.0,148.5,148.0,148.5,6000,0.0,0.0
2025-05-16 02:45:00+00:00,148.0,148.5,148.0,148.5,2000,0.0,0.0
2025-05-16 02:50:00+00:00,148.0,148.5,148.0,148.5,2000,0.0,0.0
2025-05-16 02:55:00+00:00,149.0,149.5,148.5,149.5,4089,0.0,0.0
2025-05-16 03:00:00+00:00,149.0,149.5,149.0,149.5,3238,0.0,0.0
2025-05-16 03:05:00+00:00,149.5,150.0,149.0,150.0,5000,0.0,0.0
2025-05-16 03:10:00+00:00,149.5,149.5,149.5,149.5,1000,0.0,0.0
2025-05-16 03:15:00+00:00,149.0,150.0,149.0,150.0,5000,0.0,0.0
2025-05-16 03:20:00+00:00,149.5,149.5,149.5,149.5,2000,0.0,0.0
2025-05-16 03:25:00+00:00,149.5,150.0,149.5,150.0,2000,0.0,0.0
2025-05-16 03:30:00+00:00,149.5,149.5,149.5,149.5,1000,0.0,0.0
2025-05-16 03:35:00+00:00,149.5,150.0,149.5,150.0,2000,0.0,0.0
2025-05-16 03:40:00+00:00,149.5,150.0,149.5,150.0,2000,0.0,0.0
2025-05-16 03:45:00+00:00,149.5,149.5,149.5,149.5,1000,0.0,0.0
2025-05-16 03:50:00+00:00,149.0,149.0,149.0,149.0,1000,0.0,0.0
2025-05-16 03:55:00+00:00,149.5,150.5,149.0,150.5,11000,0.0,0.0
2025-05-16 04:00:00+00:00,150.0,150.0,150.0,150.0,1000,0.0,0.0
2025-05-16 04:05:00+00:00,151.0,151.0,150.5,150.5,8179,0.0,0.0
2025-05-16 04:10:00+00:00,150.0,150.0,150.0,150.0,1001,0.0,0.0
2025-05-16 04:15:00+00:00,150.0,150.0,150.0,150.0,1000,0.0,0.0
2025-05-16 04:20:00+00:00,149.5,149.5,149.5,149.5,1000,0.0,0.0
2025-05-16 04:25:00+00:00,149.5,149.5,149.5,149.5,1000,0.0,0.0
2025-05-16 04:30:00+00:00,150.5,150.5,150.0,150.0,2000,0.0,0.0
2025-05-16 04:35:00+00:00,150.5,150.5,150.0,150.0,2000,0.0,0.0
2025-05-16 04:40:00+00:00,149.5,149.5,149.5,149.5,1000,0.0,0.0
2025-05-16 04:45:00+00:00,149.5,150.5,149.5,150.5,2100,0.0,0.0
2025-05-16 04:50:00+00:00,150.0,150.0,150.0,150.0,1000,0.0,0.0
2025-05-16 04:55:00+00:00,149.5,150.5,149.5,150.5,2099,0.0,0.0
2025-05-16 05:05:00+00:00,150.5,150.5,150.5,150.5,1200,0.0,0.0
2025-05-19 01:40:00+00:00,151.0,151.0,151.0,151.0,0,0.0,0.0
2025-05-19 01:50:00+00:00,149.5,149.5,149.5,149.5,1000,0.0,0.0
2025-05-19 02:35:00+00:00,149.0,149.0,149.0,149.0,1000,0.0,0.0
2025-05-19 04:25:00+00:00,150.5,151.0,150.5,151.0,2001,0.0,0.0
2025-05-19 05:00:00+00:00,150.5,150.5,150.5,150.5,1000,0.0,0.0
2025-05-19 05:20:00+00:00,150.5,150.5,150.5,150.5,1000,0.0,0.0
2025-05-20 01:10:00+00:00,150.5,151.5,150.5,151.5,2004,0.0,0.0
2025-05-20 01:15:00+00:00,151.0,151.0,151.0,151.0,1000,0.0,0.0
2025-05-20 01:20:00+00:00,151.0,151.0,151.0,151.0,1000,0.0,0.0
2025-05-20 01:35:00+00:00,151.0,151.0,151.0,151.0,1030,0.0,0.0
2025-05-20 02:20:00+00:00,150.0,150.0,150.0,150.0,1329,0.0,0.0
2025-05-20 04:15:00+00:00,150.0,150.0,150.0,150.0,1000,0.0,0.0
2025-05-20 04:55:00+00:00,150.0,150.0,150.0,150.0,2000,0.0,0.0
2025-05-20 05:20:00+00:00,150.5,150.5,150.5,150.5,2000,0.0,0.0
2025-05-21 01:10:00+00:00,150.0,150.0,150.0,150.0,1000,0.0,0.0
2025-05-21 02:05:00+00:00,150.0,150.0,150.0,150.0,1000,0.0,0.0
2025-05-21 02:10:00+00:00,150.5,150.5,150.5,150.5,1040,0.0,0.0
2025-05-21 04:30:00+00:00,150.5,150.5,150.5,150.5,2150,0.0,0.0
2025-05-21 04:40:00+00:00,151.0,151.0,151.0,151.0,1000,0.0,0.0
2025-05-21 05:00:00+00:00,151.0,151.0,149.0,149.0,4177,0.0,0.0
2025-05-21 05:20:00+00:00,149.5,149.5,149.5,149.5,1025,0.0,0.0
2025-05-22 01:00:00+00:00,147.5,147.5,147.5,147.5,0,0.0,0.0
2025-05-22 01:05:00+00:00,148.5,148.5,148.5,148.5,2400,0.0,0.0
2025-05-22 01:20:00+00:00,148.5,149.5,148.5,149.5,2000,0.0,0.0
2025-05-22 01:25:00+00:00,149.5,149.5,149.5,149.5,1000,0.0,0.0
2025-05-22 01:35:00+00:00,150.0,150.0,150.0,150.0,1000,0.0,0.0
2025-05-22 01:55:00+00:00,150.0,150.5,150.0,150.5,5000,0.0,0.0
2025-05-22 02:00:00+00:00,150.5,151.0,150.5,151.0,5050,0.0,0.0
2025-05-22 02:15:00+00:00,151.0,152.0,151.0,152.0,6010,0.0,0.0
2025-05-22 02:45:00+00:00,152.0,156.0,152.0,156.0,15100,0.0,0.0
2025-05-22 02:50:00+00:00,156.0,156.0,156.0,156.0,1019,0.0,0.0
2025-05-22 03:05:00+00:00,154.0,155.5,154.0,155.5,3050,0.0,0.0
2025-05-22 03:25:00+00:00,154.5,154.5,153.5,153.5,2000,0.0,0.0
2025-05-22 03:30:00+00:00,153.0,153.0,153.0,153.0,1000,0.0,0.0
2025-05-22 03:45:00+00:00,154.5,155.5,154.5,155.5,4105,0.0,0.0
2025-05-22 04:10:00+00:00,155.0,155.0,155.0,155.0,1008,0.0,0.0
2025-05-22 04:25:00+00:00,155.0,155.0,155.0,155.0,2000,0.0,0.0
2025-05-22 04:40:00+00:00,155.5,155.5,155.5,155.5,2062,0.0,0.0
2025-05-22 04:45:00+00:00,155.5,155.5,155.5,155.5,2149,0.0,0.0
2025-05-22 05:05:00+00:00,155.5,155.5,155.5,155.5,3125,0.0,0.0
2025-05-22 05:20:00+00:00,155.5,155.5,153.5,153.5,4100,0.0,0.0
2025-05-23 01:00:00+00:00,155.0,156.0,154.5,156.0,0,0.0,0.0
2025-05-23 01:05:00+00:00,157.0,158.5,157.0,158.5,6113,0.0,0.0
2025-05-23 01:10:00+00:00,158.5,161.5,158.5,161.0,19170,0.0,0.0
2025-05-23 01:15:00+00:00,160.0,160.0,158.5,158.5,5020,0.0,0.0
2025-05-23 01:20:00+00:00,158.5,158.5,158.5,158.5,1000,0.0,0.0
2025-05-23 01:35:00+00:00,159.5,159.5,159.5,159.5,1050,0.0,0.0
2025-05-23 01:40:00+00:00,159.0,159.0,159.0,159.0,1005,0.0,0.0
2025-05-23 01:55:00+00:00,158.5,158.5,158.0,158.0,2005,0.0,0.0
2025-05-23 02:00:00+00:00,157.5,157.5,157.5,157.5,2000,0.0,0.0
2025-05-23 02:05:00+00:00,157.5,157.5,157.5,157.5,1000,0.0,0.0
2025-05-23 02:10:00+00:00,157.0,157.5,157.0,157.0,6050,0.0,0.0
2025-05-23 02:15:00+00:00,158.0,158.5,158.0,158.5,2016,0.0,0.0
2025-05-23 02:20:00+00:00,157.0,157.0,156.5,156.5,2000,0.0,0.0
2025-05-23 02:30:00+00:00,156.5,156.5,156.5,156.5,1000,0.0,0.0
2025-05-23 02:40:00+00:00,157.0,157.0,157.0,157.0,2000,0.0,0.0
2025-05-23 02:45:00+00:00,157.5,158.5,157.5,158.5,2000,0.0,0.0
2025-05-23 02:50:00+00:00,158.0,158.0,158.0,158.0,1050,0.0,0.0
2025-05-23 04:00:00+00:00,158.0,158.0,158.0,158.0,1000,0.0,0.0
2025-05-23 04:05:00+00:00,157.0,157.0,156.5,156.5,4146,0.0,0.0
2025-05-23 04:40:00+00:00,154.0,154.0,154.0,154.0,6133,0.0,0.0
2025-05-23 04:45:00+00:00,153.5,154.0,153.5,154.0,7000,0.0,0.0
2025-05-23 04:50:00+00:00,156.0,156.0,156.0,156.0,1000,0.0,0.0
2025-05-23 05:05:00+00:00,155.5,155.5,155.5,155.5,2000,0.0,0.0
2025-05-23 05:20:00+00:00,154.0,155.5,154.0,155.5,3000,0.0,0.0
2025-05-26 01:00:00+00:00,153.5,156.0,153.5,155.0,0,0.0,0.0
2025-05-26 01:10:00+00:00,156.0,156.5,156.0,156.5,3003,0.0,0.0
2025-05-26 01:35:00+00:00,154.5,154.5,154.5,154.5,1000,0.0,0.0
2025-05-26 01:40:00+00:00,153.5,153.5,153.5,153.5,1000,0.0,0.0
2025-05-26 01:45:00+00:00,153.5,153.5,153.5,153.5,1178,0.0,0.0
2025-05-26 02:00:00+00:00,153.5,153.5,153.5,153.5,1000,0.0,0.0
2025-05-26 02:25:00+00:00,154.5,154.5,154.5,154.5,1000,0.0,0.0
2025-05-26 02:55:00+00:00,154.5,154.5,154.5,154.5,1000,0.0,0.0
2025-05-26 03:05:00+00:00,155.0,155.0,155.0,155.0,1000,0.0,0.0
2025-05-26 03:10:00+00:00,155.0,155.5,155.0,155.5,2076,0.0,0.0
2025-05-26 04:20:00+00:00,154.0,154.0,154.0,154.0,2000,0.0,0.0
2025-05-26 04:35:00+00:00,154.0,154.0,154.0,154.0,1500,0.0,0.0
2025-05-26 05:20:00+00:00,154.0,155.5,154.0,155.5,5000,0.0,0.0
2025-05-27 01:05:00+00:00,155.5,156.0,155.5,156.0,0,0.0,0.0
2025-05-27 01:45:00+00:00,153.5,153.5,153.5,153.5,1000,0.0,0.0
2025-05-27 01:50:00+00:00,153.5,153.5,153.5,153.5,1000,0.0,0.0
2025-05-27 02:20:00+00:00,153.5,153.5,153.5,153.5,1000,0.0,0.0
2025-05-27 02:30:00+00:00,153.0,153.0,153.0,153.0,1000,0.0,0.0
2025-05-27 02:40:00+00:00,152.5,152.5,152.5,152.5,1000,0.0,0.0
2025-05-27 02:45:00+00:00,152.0,152.0,152.0,152.0,1000,0.0,0.0
2025-05-27 03:15:00+00:00,152.5,152.5,152.5,152.5,1020,0.0,0.0
2025-05-27 03:30:00+00:00,152.0,152.0,152.0,152.0,4183,0.0,0.0
2025-05-27 04:15:00+00:00,151.0,151.0,151.0,151.0,2165,0.0,0.0
2025-05-27 04:30:00+00:00,150.5,150.5,150.5,150.5,1000,0.0,0.0
2025-05-27 04:40:00+00:00,149.5,149.5,149.5,149.5,3009,0.0,0.0
2025-05-27 04:55:00+00:00,151.0,151.0,150.0,150.0,8000,0.0,0.0
2025-05-27 05:10:00+00:00,150.0,150.0,150.0,150.0,1220,0.0,0.0
2025-05-27 05:15:00+00:00,150.5,150.5,150.5,150.5,2640,0.0,0.0
2025-05-28 01:00:00+00:00,154.0,154.5,154.0,154.5,0,0.0,0.0
2025-05-28 01:20:00+00:00,152.0,152.0,152.0,152.0,1000,0.0,0.0
2025-05-28 01:25:00+00:00,151.0,151.0,151.0,151.0,1000,0.0,0.0
2025-05-28 01:30:00+00:00,152.5,153.0,152.5,153.0,2155,0.0,0.0
2025-05-28 02:10:00+00:00,151.0,151.0,150.5,150.5,2144,0.0,0.0
2025-05-28 03:15:00+00:00,151.5,151.5,151.5,151.5,1006,0.0,0.0
2025-05-28 03:20:00+00:00,152.5,153.0,152.5,153.0,2026,0.0,0.0
2025-05-28 04:35:00+00:00,151.0,151.0,150.5,150.5,3000,0.0,0.0
2025-05-28 05:00:00+00:00,150.5,150.5,150.5,150.5,2000,0.0,0.0
2025-05-29 01:00:00+00:00,152.0,152.0,152.0,152.0,0,0.0,0.0
2025-05-29 01:15:00+00:00,150.0,150.0,149.5,149.5,2000,0.0,0.0
2025-05-29 01:30:00+00:00,148.5,148.5,148.5,148.5,3000,0.0,0.0
2025-05-29 01:35:00+00:00,148.5,148.5,148.5,148.5,1110,0.0,0.0
2025-05-29 01:50:00+00:00,148.5,148.5,148.5,148.5,3000,0.0,0.0
2025-05-29 01:55:00+00:00,149.0,149.0,149.0,149.0,1016,0.0,0.0
2025-05-29 02:00:00+00:00,148.5,148.5,148.5,148.5,1000,0.0,0.0
2025-05-29 02:40:00+00:00,148.5,148.5,148.5,148.5,1462,0.0,0.0
2025-05-29 03:25:00+00:00,149.0,149.0,149.0,149.0,1000,0.0,0.0
2025-05-29 03:35:00+00:00,150.0,150.0,150.0,150.0,4010,0.0,0.0
2025-05-29 04:05:00+00:00,150.0,150.0,150.0,150.0,2020,0.0,0.0
2025-05-29 05:00:00+00:00,150.0,150.0,150.0,150.0,5140,0.0,0.0
2025-05-29 05:15:00+00:00,151.0,151.0,151.0,151.0,1000,0.0,0.0
2025-06-02 01:15:00+00:00,152.0,152.5,152.0,152.5,0,0.0,0.0
2025-06-02 01:35:00+00:00,152.0,152.0,152.0,152.0,1000,0.0,0.0
2025-06-02 01:40:00+00:00,152.0,152.0,152.0,152.0,1000,0.0,0.0
2025-06-02 01:50:00+00:00,151.0,151.0,151.0,151.0,1000,0.0,0.0
2025-06-02 01:55:00+00:00,150.5,150.5,150.5,150.5,2000,0.0,0.0
2025-06-02 02:05:00+00:00,151.5,151.5,151.5,151.5,1000,0.0,0.0
2025-06-02 02:10:00+00:00,151.0,151.0,151.0,151.0,1000,0.0,0.0
2025-06-02 03:30:00+00:00,150.0,150.0,150.0,150.0,1000,0.0,0.0
2025-06-02 04:00:00+00:00,150.0,150.0,150.0,150.0,1010,0.0,0.0
2025-06-02 05:20:00+00:00,150.0,150.0,150.0,150.0,3000,0.0,0.0
2025-06-03 01:00:00+00:00,150.0,151.5,149.5,149.5,0,0.0,0.0
2025-06-03 01:25:00+00:00,151.5,153.5,151.5,153.5,6061,0.0,0.0
2025-06-03 01:30:00+00:00,153.0,153.0,153.0,153.0,3170,0.0,0.0
2025-06-03 02:40:00+00:00,150.5,150.5,150.5,150.5,1094,0.0,0.0
2025-06-03 04:40:00+00:00,150.0,150.0,150.0,150.0,3050,0.0,0.0
2025-06-03 05:20:00+00:00,150.0,150.0,149.5,149.5,6000,0.0,0.0
2025-06-04 01:00:00+00:00,152.5,152.5,152.5,152.5,1000,0.0,0.0
2025-06-04 01:30:00+00:00,151.0,151.0,151.0,151.0,1000,0.0,0.0
2025-06-04 01:40:00+00:00,152.0,152.0,152.0,152.0,1000,0.0,0.0
2025-06-04 01:45:00+00:00,152.0,152.5,152.0,152.5,6100,0.0,0.0
2025-06-04 02:10:00+00:00,152.0,152.0,152.0,152.0,2000,0.0,0.0
2025-06-04 04:10:00+00:00,151.0,151.0,150.5,150.5,4023,0.0,0.0
2025-06-04 05:20:00+00:00,150.5,151.5,150.5,151.5,2000,0.0,0.0
2025-06-05 01:00:00+00:00,150.0,150.0,150.0,150.0,2000,0.0,0.0
2025-06-05 01:05:00+00:00,150.0,150.0,150.0,150.0,3000,0.0,0.0
2025-06-05 01:10:00+00:00,153.0,153.0,153.0,153.0,1010,0.0,0.0
2025-06-05 01:25:00+00:00,150.0,150.0,150.0,150.0,1000,0.0,0.0
2025-06-05 01:50:00+00:00,151.5,151.5,151.5,151.5,3000,0.0,0.0
2025-06-05 02:15:00+00:00,151.5,151.5,151.5,151.5,1000,0.0,0.0
2025-06-05 03:40:00+00:00,152.0,152.0,152.0,152.0,4000,0.0,0.0
2025-06-05 03:45:00+00:00,152.0,153.5,152.0,153.5,21095,0.0,0.0
2025-06-05 04:25:00+00:00,153.5,153.5,153.5,153.5,1011,0.0,0.0
2025-06-05 05:10:00+00:00,152.5,152.5,152.0,152.0,13000,0.0,0.0
2025-06-05 05:20:00+00:00,151.5,152.5,151.0,152.5,7385,0.0,0.0
2025-06-06 01:00:00+00:00,151.5,153.0,151.5,151.5,3000,0.0,0.0
2025-06-06 01:05:00+00:00,151.0,151.0,151.0,151.0,2000,0.0,0.0
2025-06-06 01:15:00+00:00,151.0,153.0,151.0,151.5,4000,0.0,0.0
2025-06-06 01:25:00+00:00,151.5,151.5,151.5,151.5,1100,0.0,0.0
2025-06-06 02:15:00+00:00,152.5,152.5,152.5,152.5,2202,0.0,0.0
2025-06-06 05:20:00+00:00,152.0,152.0,152.0,152.0,2000,0.0,0.0
2025-06-09 01:00:00+00:00,153.0,153.0,153.0,153.0,0,0.0,0.0
2025-06-09 01:20:00+00:00,151.5,151.5,151.5,151.5,3000,0.0,0.0
2025-06-09 02:35:00+00:00,152.5,152.5,152.5,152.5,1000,0.0,0.0
2025-06-09 02:40:00+00:00,152.5,153.0,152.5,153.0,2000,0.0,0.0
2025-06-09 02:45:00+00:00,153.0,153.0,153.0,153.0,2000,0.0,0.0
2025-06-09 03:00:00+00:00,152.0,152.0,152.0,152.0,2000,0.0,0.0
2025-06-09 04:25:00+00:00,153.0,153.5,153.0,153.5,9000,0.0,0.0
2025-06-09 04:40:00+00:00,153.5,153.5,153.5,153.5,2022,0.0,0.0
2025-06-09 05:05:00+00:00,153.5,154.5,153.0,153.0,11000,0.0,0.0
2025-06-09 05:10:00+00:00,154.5,154.5,154.5,154.5,2078,0.0,0.0
2025-06-09 05:20:00+00:00,155.0,155.0,155.0,155.0,3337,0.0,0.0
2025-06-10 01:05:00+00:00,153.0,153.0,153.0,153.0,1000,0.0,0.0
2025-06-10 01:30:00+00:00,153.0,153.0,153.0,153.0,1012,0.0,0.0
2025-06-10 01:55:00+00:00,153.0,153.0,153.0,153.0,2082,0.0,0.0
2025-06-10 02:20:00+00:00,153.0,153.0,153.0,153.0,1000,0.0,0.0
2025-06-10 02:40:00+00:00,154.0,154.0,154.0,154.0,1000,0.0,0.0
2025-06-10 02:55:00+00:00,153.5,153.5,153.5,153.5,1000,0.0,0.0
2025-06-10 03:20:00+00:00,153.0,153.0,153.0,153.0,2000,0.0,0.0
2025-06-10 03:50:00+00:00,153.5,153.5,153.5,153.5,1130,0.0,0.0
2025-06-10 04:30:00+00:00,153.0,153.0,152.5,152.5,7030,0.0,0.0
2025-06-11 01:00:00+00:00,156.0,156.0,155.0,155.5,4044,0.0,0.0
2025-06-11 02:30:00+00:00,152.0,152.0,152.0,152.0,2000,0.0,0.0
2025-06-11 03:45:00+00:00,152.0,152.0,152.0,152.0,2000,0.0,0.0
2025-06-11 04:00:00+00:00,152.0,152.0,152.0,152.0,1117,0.0,0.0
2025-06-12 01:00:00+00:00,152.5,152.5,152.5,152.5,1010,0.0,0.0
2025-06-12 03:50:00+00:00,151.0,151.0,151.0,151.0,4018,0.0,0.0
2025-06-12 03:55:00+00:00,150.5,150.5,150.5,150.5,1000,0.0,0.0
2025-06-12 04:05:00+00:00,150.5,150.5,150.5,150.5,2000,0.0,0.0
2025-06-12 05:05:00+00:00,150.5,150.5,150.0,150.0,17071,0.0,0.0
2025-06-12 05:10:00+00:00,149.5,149.5,149.5,149.5,2000,0.0,0.0
2025-06-12 05:15:00+00:00,149.0,149.0,149.0,149.0,5000,0.0,0.0
2025-06-12 05:20:00+00:00,149.5,149.5,149.0,149.0,6009,0.0,0.0
2025-06-13 01:00:00+00:00,147.5,147.5,147.0,147.0,3138,0.0,0.0
2025-06-13 01:20:00+00:00,146.0,146.0,145.5,145.5,5000,0.0,0.0
2025-06-13 01:25:00+00:00,146.0,146.0,146.0,146.0,1000,0.0,0.0
2025-06-13 01:30:00+00:00,146.0,147.0,146.0,147.0,2100,0.0,0.0
2025-06-13 02:10:00+00:00,147.0,147.0,147.0,147.0,3000,0.0,0.0
2025-06-13 02:20:00+00:00,147.5,149.5,147.5,149.5,4000,0.0,0.0
2025-06-13 02:30:00+00:00,147.0,147.0,147.0,147.0,2000,0.0,0.0
2025-06-13 02:35:00+00:00,149.0,149.0,149.0,149.0,1000,0.0,0.0
2025-06-13 02:40:00+00:00,147.0,147.0,147.0,147.0,2003,0.0,0.0
2025-06-13 03:00:00+00:00,147.0,147.0,147.0,147.0,2000,0.0,0.0
2025-06-13 03:05:00+00:00,147.0,147.0,147.0,147.0,1000,0.0,0.0
2025-06-13 03:15:00+00:00,146.0,146.0,146.0,146.0,2000,0.0,0.0
2025-06-13 03:20:00+00:00,146.0,146.0,146.0,146.0,3165,0.0,0.0
2025-06-13 03:25:00+00:00,145.5,145.5,145.0,145.0,3609,0.0,0.0
2025-06-13 03:40:00+00:00,142.5,143.5,142.5,143.5,4000,0.0,0.0
2025-06-13 03:45:00+00:00,143.5,144.0,143.0,144.0,3000,0.0,0.0
2025-06-13 03:50:00+00:00,144.5,145.0,144.5,145.0,3100,0.0,0.0
2025-06-13 04:20:00+00:00,143.5,143.5,143.5,143.5,3000,0.0,0.0
2025-06-13 04:25:00+00:00,143.0,143.0,143.0,143.0,2000,0.0,0.0
2025-06-13 04:35:00+00:00,143.0,143.0,143.0,143.0,2000,0.0,0.0
2025-06-13 04:40:00+00:00,143.0,143.0,143.0,143.0,1000,0.0,0.0
2025-06-13 04:50:00+00:00,143.0,143.0,143.0,143.0,3000,0.0,0.0
2025-06-13 04:55:00+00:00,143.0,143.0,143.0,143.0,3000,0.0,0.0
2025-06-13 05:00:00+00:00,143.0,143.0,143.0,143.0,2010,0.0,0.0
2025-06-13 05:10:00+00:00,143.5,143.5,143.5,143.5,2000,0.0,0.0
2025-06-13 05:20:00+00:00,143.5,145.0,143.5,145.0,8005,0.0,0.0
2025-06-16 01:00:00+00:00,145.0,145.0,145.0,145.0,1000,0.0,0.0
2025-06-16 01:10:00+00:00,144.0,146.5,144.0,146.5,3000,0.0,0.0
2025-06-16 01:30:00+00:00,145.0,146.0,144.5,146.0,3000,0.0,0.0
2025-06-16 01:50:00+00:00,146.0,146.0,144.5,144.5,2000,0.0,0.0
2025-06-16 02:00:00+00:00,145.5,145.5,145.5,145.5,2000,0.0,0.0
2025-06-16 02:20:00+00:00,144.5,144.5,143.5,143.5,8000,0.0,0.0
2025-06-16 02:25:00+00:00,143.5,143.5,143.5,143.5,3100,0.0,0.0
2025-06-16 02:30:00+00:00,143.5,143.5,143.5,143.5,1000,0.0,0.0
2025-06-16 02:40:00+00:00,143.5,143.5,143.0,143.0,5010,0.0,0.0
2025-06-16 02:45:00+00:00,143.0,143.0,142.5,142.5,3228,0.0,0.0
2025-06-16 03:00:00+00:00,143.0,143.0,143.0,143.0,3000,0.0,0.0
2025-06-16 03:05:00+00:00,142.5,142.5,142.5,142.5,1000,0.0,0.0
2025-06-16 03:10:00+00:00,142.5,142.5,142.5,142.5,1019,0.0,0.0
2025-06-16 03:30:00+00:00,142.0,142.0,142.0,142.0,1937,0.0,0.0
2025-06-16 04:05:00+00:00,142.5,142.5,141.5,141.5,7000,0.0,0.0
2025-06-16 04:35:00+00:00,142.0,142.0,142.0,142.0,2000,0.0,0.0
2025-06-16 04:40:00+00:00,141.5,141.5,141.5,141.5,1068,0.0,0.0
2025-06-16 05:00:00+00:00,141.5,141.5,141.0,141.0,2000,0.0,0.0
2025-06-16 05:05:00+00:00,141.0,141.0,141.0,141.0,4389,0.0,0.0
2025-06-16 05:10:00+00:00,141.0,141.0,141.0,141.0,1000,0.0,0.0
2025-06-16 05:15:00+00:00,141.0,141.0,141.0,141.0,2010,0.0,0.0
2025-06-16 05:20:00+00:00,141.0,141.0,141.0,141.0,3610,0.0,0.0
2025-06-17 01:00:00+00:00,145.0,145.5,145.0,145.5,2000,0.0,0.0
2025-06-17 01:05:00+00:00,144.0,144.0,144.0,144.0,1034,0.0,0.0
2025-06-17 01:30:00+00:00,143.5,144.0,143.5,144.0,2000,0.0,0.0
2025-06-17 01:40:00+00:00,144.0,144.0,144.0,144.0,1000,0.0,0.0
2025-06-17 01:45:00+00:00,143.5,143.5,143.5,143.5,1000,0.0,0.0
2025-06-17 01:50:00+00:00,143.5,143.5,143.5,143.5,1000,0.0,0.0
2025-06-17 02:00:00+00:00,143.5,143.5,143.5,143.5,1000,0.0,0.0
2025-06-17 02:40:00+00:00,143.5,143.5,143.5,143.5,1000,0.0,0.0
2025-06-17 02:50:00+00:00,144.5,144.5,144.5,144.5,1000,0.0,0.0
2025-06-17 03:05:00+00:00,144.5,144.5,144.5,144.5,1000,0.0,0.0
2025-06-17 03:20:00+00:00,144.0,144.0,144.0,144.0,1000,0.0,0.0
2025-06-17 03:30:00+00:00,144.0,144.0,143.5,143.5,2130,0.0,0.0
2025-06-17 05:10:00+00:00,144.0,144.0,144.0,144.0,1000,0.0,0.0
2025-06-17 05:20:00+00:00,143.5,143.5,143.5,143.5,1000,0.0,0.0
2025-06-18 01:00:00+00:00,143.5,146.5,143.5,146.5,3276,0.0,0.0
2025-06-18 01:25:00+00:00,144.0,144.0,144.0,144.0,1000,0.0,0.0
2025-06-18 01:30:00+00:00,143.5,144.5,143.5,144.5,2000,0.0,0.0
2025-06-18 02:05:00+00:00,144.5,145.0,143.0,145.0,6000,0.0,0.0
2025-06-18 02:40:00+00:00,143.5,143.5,143.5,143.5,1050,0.0,0.0
2025-06-18 03:10:00+00:00,143.5,143.5,143.5,143.5,1000,0.0,0.0
2025-06-18 03:15:00+00:00,143.5,143.5,143.5,143.5,1000,0.0,0.0
2025-06-18 03:25:00+00:00,144.5,144.5,143.5,143.5,3000,0.0,0.0
2025-06-18 03:30:00+00:00,144.5,144.5,144.5,144.5,1000,0.0,0.0
2025-06-18 03:45:00+00:00,144.5,144.5,144.5,144.5,1005,0.0,0.0
2025-06-18 04:00:00+00:00,144.5,146.0,144.5,146.0,15000,0.0,0.0
2025-06-18 04:05:00+00:00,145.0,146.5,145.0,146.5,2045,0.0,0.0
2025-06-18 04:10:00+00:00,146.5,146.5,145.0,145.0,2000,0.0,0.0
2025-06-18 04:15:00+00:00,145.0,145.0,145.0,145.0,3101,0.0,0.0
2025-06-18 04:55:00+00:00,145.0,145.0,145.0,145.0,3019,0.0,0.0
2025-06-18 05:00:00+00:00,144.5,144.5,143.5,143.5,8110,0.0,0.0
2025-06-18 05:05:00+00:00,143.0,144.5,142.5,144.5,9130,0.0,0.0
2025-06-18 05:10:00+00:00,144.0,144.0,144.0,144.0,1000,0.0,0.0
2025-06-18 05:20:00+00:00,144.0,144.0,144.0,144.0,1000,0.0,0.0
2025-06-19 01:00:00+00:00,142.0,144.0,142.0,144.0,0,0.0,0.0
2025-06-19 01:05:00+00:00,142.0,143.0,142.0,143.0,2000,0.0,0.0
2025-06-19 01:15:00+00:00,143.5,143.5,143.5,143.5,1010,0.0,0.0
2025-06-19 01:25:00+00:00,143.5,143.5,143.5,143.5,5000,0.0,0.0
2025-06-19 01:35:00+00:00,142.5,142.5,142.0,142.0,2000,0.0,0.0
2025-06-19 01:40:00+00:00,142.0,142.0,142.0,142.0,1000,0.0,0.0
2025-06-19 01:45:00+00:00,142.0,142.0,142.0,142.0,1000,0.0,0.0
2025-06-19 02:05:00+00:00,143.0,143.0,141.5,143.0,3120,0.0,0.0
2025-06-19 02:55:00+00:00,142.0,142.0,142.0,142.0,1176,0.0,0.0
2025-06-19 03:55:00+00:00,142.0,142.0,142.0,142.0,1000,0.0,0.0
2025-06-19 04:10:00+00:00,142.5,142.5,141.5,141.5,4000,0.0,0.0
2025-06-19 04:30:00+00:00,141.5,141.5,141.5,141.5,1000,0.0,0.0
2025-06-19 04:35:00+00:00,142.5,142.5,142.5,142.5,2000,0.0,0.0
2025-06-19 04:55:00+00:00,142.5,142.5,142.5,142.5,1100,0.0,0.0
2025-06-19 05:10:00+00:00,142.0,142.0,142.0,142.0,1020,0.0,0.0
2025-06-19 05:20:00+00:00,141.5,141.5,141.5,141.5,1000,0.0,0.0
2025-06-20 01:10:00+00:00,143.0,143.0,143.0,143.0,1018,0.0,0.0
2025-06-20 01:35:00+00:00,141.5,141.5,140.0,140.0,7010,0.0,0.0
2025-06-20 01:40:00+00:00,140.5,140.5,140.0,140.0,2012,0.0,0.0
2025-06-20 01:45:00+00:00,140.0,140.0,140.0,140.0,2000,0.0,0.0
2025-06-20 01:50:00+00:00,139.5,139.5,138.5,138.5,3111,0.0,0.0
2025-06-20 01:55:00+00:00,139.5,139.5,139.5,139.5,3100,0.0,0.0
2025-06-20 02:05:00+00:00,139.0,139.0,139.0,139.0,1000,0.0,0.0
2025-06-20 02:10:00+00:00,139.0,139.0,139.0,139.0,5039,0.0,0.0
2025-06-20 02:15:00+00:00,139.0,139.0,139.0,139.0,1000,0.0,0.0
2025-06-20 02:20:00+00:00,139.5,141.0,139.5,141.0,6000,0.0,0.0
2025-06-20 02:25:00+00:00,139.5,139.5,139.5,139.5,1000,0.0,0.0
2025-06-20 02:35:00+00:00,141.0,141.5,141.0,141.5,4000,0.0,0.0
2025-06-20 03:30:00+00:00,141.5,141.5,141.5,141.5,1100,0.0,0.0
2025-06-20 03:50:00+00:00,141.5,141.5,141.5,141.5,2000,0.0,0.0
2025-06-20 04:30:00+00:00,141.0,141.0,141.0,141.0,1000,0.0,0.0
2025-06-20 04:40:00+00:00,141.0,141.0,141.0,141.0,1000,0.0,0.0
2025-06-20 05:05:00+00:00,141.5,141.5,141.5,141.5,1000,0.0,0.0
2025-06-20 05:10:00+00:00,142.0,142.0,142.0,142.0,2000,0.0,0.0
2025-06-20 05:20:00+00:00,141.5,141.5,141.5,141.5,1000,0.0,0.0
2025-06-23 01:05:00+00:00,142.5,143.0,142.5,143.0,2000,0.0,0.0
2025-06-23 01:15:00+00:00,144.0,145.0,144.0,145.0,3000,0.0,0.0
2025-06-23 01:25:00+00:00,144.5,144.5,144.5,144.5,2011,0.0,0.0
2025-06-23 04:00:00+00:00,143.5,143.5,143.5,143.5,2001,0.0,0.0
2025-06-23 05:20:00+00:00,144.0,144.0,142.5,142.5,4000,0.0,0.0
2025-06-24 01:00:00+00:00,143.0,145.0,143.0,145.0,4000,0.0,0.0
2025-06-24 01:05:00+00:00,145.5,148.0,145.5,147.5,9000,0.0,0.0
2025-06-24 01:10:00+00:00,148.0,148.0,148.0,148.0,4000,0.0,0.0
2025-06-24 01:15:00+00:00,148.5,149.5,148.5,149.5,7119,0.0,0.0
2025-06-24 01:20:00+00:00,152.5,153.5,152.5,153.5,3000,0.0,0.0
2025-06-24 01:25:00+00:00,153.0,153.0,153.0,153.0,1249,0.0,0.0
2025-06-24 01:30:00+00:00,153.5,153.5,153.0,153.0,3274,0.0,0.0
2025-06-24 01:35:00+00:00,154.0,156.0,154.0,156.0,15825,0.0,0.0
2025-06-24 01:40:00+00:00,156.0,156.5,156.0,156.5,30570,0.0,0.0
2025-06-24 01:45:00+00:00,156.5,156.5,156.5,156.5,5601,0.0,0.0
2025-06-24 01:55:00+00:00,156.5,156.5,156.5,156.5,1024,0.0,0.0
2025-06-24 02:00:00+00:00,156.5,156.5,156.5,156.5,2000,0.0,0.0
2025-06-24 02:10:00+00:00,156.5,156.5,156.5,156.5,3140,0.0,0.0
2025-06-24 02:30:00+00:00,156.5,156.5,156.5,156.5,1855,0.0,0.0
2025-06-24 02:35:00+00:00,156.5,156.5,156.5,156.5,6000,0.0,0.0
2025-06-24 02:50:00+00:00,156.5,156.5,156.5,156.5,1000,0.0,0.0
2025-06-24 03:15:00+00:00,156.5,156.5,156.5,156.5,1000,0.0,0.0
2025-06-24 03:40:00+00:00,156.5,156.5,156.5,156.5,1000,0.0,0.0
2025-06-24 04:10:00+00:00,156.5,156.5,156.5,156.5,1000,0.0,0.0
2025-06-24 04:15:00+00:00,156.5,156.5,156.5,156.5,3000,0.0,0.0
2025-06-24 04:35:00+00:00,156.5,156.5,156.5,156.5,1000,0.0,0.0
2025-06-24 05:05:00+00:00,156.5,156.5,156.5,156.5,1001,0.0,0.0
2025-06-24 05:20:00+00:00,156.5,156.5,156.5,156.5,0,0.0,0.0
2025-06-25 01:00:00+00:00,156.5,156.5,156.5,156.5,9000,0.0,0.0
2025-06-25 01:05:00+00:00,153.5,153.5,153.0,153.0,5422,0.0,0.0
2025-06-25 01:15:00+00:00,154.0,155.0,154.0,155.0,3080,0.0,0.0
2025-06-25 01:20:00+00:00,154.5,154.5,154.5,154.5,1020,0.0,0.0
2025-06-25 01:25:00+00:00,154.5,155.0,154.0,155.0,4265,0.0,0.0
2025-06-25 01:30:00+00:00,156.0,156.5,156.0,156.5,2000,0.0,0.0
2025-06-25 01:35:00+00:00,157.0,157.0,157.0,157.0,1000,0.0,0.0
2025-06-25 01:40:00+00:00,157.5,158.0,156.5,156.5,7000,0.0,0.0
2025-06-25 01:45:00+00:00,155.5,155.5,155.5,155.5,1003,0.0,0.0
2025-06-25 01:55:00+00:00,155.5,155.5,154.5,154.5,3048,0.0,0.0
2025-06-25 02:05:00+00:00,154.5,154.5,154.5,154.5,1000,0.0,0.0
2025-06-25 02:10:00+00:00,154.5,154.5,154.5,154.5,1100,0.0,0.0
2025-06-25 02:25:00+00:00,155.0,155.0,154.5,154.5,5100,0.0,0.0
2025-06-25 02:30:00+00:00,155.0,155.0,155.0,155.0,4002,0.0,0.0
2025-06-25 02:35:00+00:00,156.5,157.0,156.5,157.0,2000,0.0,0.0
2025-06-25 02:40:00+00:00,156.5,156.5,156.5,156.5,1000,0.0,0.0
2025-06-25 02:45:00+00:00,156.0,157.5,156.0,157.5,3000,0.0,0.0
2025-06-25 03:00:00+00:00,155.5,155.5,155.5,155.5,1000,0.0,0.0
2025-06-25 03:45:00+00:00,155.0,155.0,154.0,154.0,6050,0.0,0.0
2025-06-25 04:40:00+00:00,154.0,154.0,154.0,154.0,1100,0.0,0.0
2025-06-25 05:05:00+00:00,154.0,154.0,154.0,154.0,1000,0.0,0.0
2025-06-25 05:10:00+00:00,154.0,154.5,153.0,154.5,5100,0.0,0.0
2025-06-25 05:15:00+00:00,154.0,154.0,154.0,154.0,1000,0.0,0.0
2025-06-25 05:20:00+00:00,153.0,153.0,153.0,153.0,2050,0.0,0.0
2025-06-26 01:00:00+00:00,153.0,157.0,153.0,157.0,10278,0.0,0.0
2025-06-26 01:20:00+00:00,156.5,156.5,154.5,154.5,2000,0.0,0.0
2025-06-26 01:25:00+00:00,155.5,155.5,155.5,155.5,1065,0.0,0.0
2025-06-26 01:30:00+00:00,155.0,155.0,155.0,155.0,1000,0.0,0.0
2025-06-26 01:35:00+00:00,156.0,158.5,156.0,158.0,24000,0.0,0.0
2025-06-26 01:40:00+00:00,157.0,158.5,155.0,158.5,8000,0.0,0.0
2025-06-26 01:45:00+00:00,159.0,159.0,159.0,159.0,1022,0.0,0.0
2025-06-26 02:05:00+00:00,159.0,159.5,158.5,158.5,8000,0.0,0.0
2025-06-26 02:10:00+00:00,158.5,159.0,158.5,159.0,2000,0.0,0.0
2025-06-26 02:15:00+00:00,159.0,159.0,159.0,159.0,1000,0.0,0.0
2025-06-26 02:35:00+00:00,158.0,158.0,158.0,158.0,0,0.0,0.0
2025-06-26 02:40:00+00:00,158.0,158.0,158.0,158.0,63365,0.0,0.0
2025-06-26 02:45:00+00:00,158.5,158.5,158.0,158.0,4000,0.0,0.0
2025-06-26 02:50:00+00:00,158.0,158.0,158.0,158.0,2000,0.0,0.0
2025-06-26 03:00:00+00:00,158.0,158.5,158.0,158.5,4000,0.0,0.0
2025-06-26 03:05:00+00:00,159.0,160.5,159.0,160.5,11250,0.0,0.0
2025-06-26 03:10:00+00:00,161.0,161.5,161.0,161.5,14174,0.0,0.0
2025-06-26 03:15:00+00:00,161.5,162.0,161.0,161.0,7010,0.0,0.0
2025-06-26 03:20:00+00:00,160.5,160.5,160.5,160.5,1000,0.0,0.0
2025-06-26 03:25:00+00:00,161.0,161.0,161.0,161.0,0,0.0,0.0
2025-06-26 03:30:00+00:00,161.5,162.0,161.5,162.0,110849,0.0,0.0
2025-06-26 03:40:00+00:00,161.5,162.0,161.5,161.5,4003,0.0,0.0
2025-06-26 03:50:00+00:00,162.0,163.0,162.0,163.0,8003,0.0,0.0
2025-06-26 03:55:00+00:00,162.5,162.5,161.5,161.5,6000,0.0,0.0
2025-06-26 04:10:00+00:00,161.5,161.5,161.5,161.5,1000,0.0,0.0
2025-06-26 04:20:00+00:00,161.5,161.5,161.5,161.5,1000,0.0,0.0
2025-06-26 04:25:00+00:00,161.5,161.5,161.5,161.5,1236,0.0,0.0
2025-06-26 04:30:00+00:00,161.0,161.0,161.0,161.0,3000,0.0,0.0
2025-06-26 04:35:00+00:00,160.0,160.0,160.0,160.0,1000,0.0,0.0
2025-06-26 04:40:00+00:00,160.0,160.0,160.0,160.0,1000,0.0,0.0
2025-06-26 04:45:00+00:00,160.0,160.0,160.0,160.0,1172,0.0,0.0
2025-06-26 05:05:00+00:00,159.0,159.0,159.0,159.0,1000,0.0,0.0
2025-06-26 05:15:00+00:00,159.0,159.0,158.0,158.0,4000,0.0,0.0
2025-06-26 05:20:00+00:00,158.0,158.5,157.0,158.5,5010,0.0,0.0
2025-06-27 01:00:00+00:00,173.5,173.5,173.5,173.5,64000,0.0,0.0
2025-06-27 01:05:00+00:00,173.5,173.5,173.5,173.5,8000,0.0,0.0
2025-06-27 01:10:00+00:00,173.5,173.5,173.5,173.5,18129,0.0,0.0
2025-06-27 01:20:00+00:00,173.5,173.5,173.5,173.5,3416,0.0,0.0
2025-06-27 01:25:00+00:00,173.5,173.5,173.5,173.5,1040,0.0,0.0
2025-06-27 01:30:00+00:00,173.5,173.5,173.5,173.5,1003,0.0,0.0
2025-06-27 01:35:00+00:00,173.5,173.5,173.5,173.5,2075,0.0,0.0
2025-06-27 01:50:00+00:00,173.5,173.5,173.5,173.5,1000,0.0,0.0
2025-06-27 01:55:00+00:00,173.5,173.5,173.5,173.5,1010,0.0,0.0
2025-06-27 02:00:00+00:00,173.5,173.5,173.5,173.5,1809,0.0,0.0
2025-06-27 02:15:00+00:00,173.5,173.5,173.5,173.5,2000,0.0,0.0
2025-06-27 02:20:00+00:00,173.5,173.5,173.5,173.5,1756,0.0,0.0
2025-06-27 02:45:00+00:00,173.5,173.5,173.5,173.5,1000,0.0,0.0
2025-06-27 02:50:00+00:00,173.5,173.5,173.5,173.5,1000,0.0,0.0
2025-06-27 02:55:00+00:00,173.5,173.5,173.5,173.5,4362,0.0,0.0
2025-06-27 03:20:00+00:00,173.5,173.5,173.5,173.5,1610,0.0,0.0
2025-06-27 04:10:00+00:00,173.5,173.5,173.5,173.5,2006,0.0,0.0
2025-06-27 04:30:00+00:00,173.5,173.5,173.5,173.5,2001,0.0,0.0
2025-06-27 04:45:00+00:00,173.5,173.5,173.5,173.5,1000,0.0,0.0
2025-06-27 04:50:00+00:00,173.5,173.5,173.5,173.5,1000,0.0,0.0
2025-06-27 05:10:00+00:00,173.5,173.5,173.5,173.5,1007,0.0,0.0
2025-06-27 05:20:00+00:00,173.5,173.5,173.5,173.5,1800,0.0,0.0
2025-06-30 01:00:00+00:00,176.0,177.0,170.0,173.5,76976,0.0,0.0
2025-06-30 01:05:00+00:00,172.0,173.0,170.5,171.5,27000,0.0,0.0
2025-06-30 01:10:00+00:00,172.5,174.5,172.0,172.0,47759,0.0,0.0
2025-06-30 01:15:00+00:00,172.0,174.0,172.0,174.0,14410,0.0,0.0
2025-06-30 01:20:00+00:00,174.0,175.5,172.5,172.5,23945,0.0,0.0
2025-06-30 01:25:00+00:00,174.0,175.0,174.0,175.0,10021,0.0,0.0
2025-06-30 01:30:00+00:00,175.0,176.0,174.0,176.0,6109,0.0,0.0
2025-06-30 01:35:00+00:00,176.0,178.0,175.5,177.5,30100,0.0,0.0
2025-06-30 01:40:00+00:00,177.0,177.5,176.5,176.5,13100,0.0,0.0
2025-06-30 01:45:00+00:00,175.5,175.5,175.0,175.0,2104,0.0,0.0
2025-06-30 01:50:00+00:00,174.5,174.5,174.5,174.5,2100,0.0,0.0
2025-06-30 01:55:00+00:00,174.0,177.0,174.0,176.5,26868,0.0,0.0
2025-06-30 02:00:00+00:00,176.5,176.5,176.0,176.0,4003,0.0,0.0
2025-06-30 02:05:00+00:00,177.0,177.0,177.0,177.0,2010,0.0,0.0
2025-06-30 02:10:00+00:00,177.0,178.0,177.0,178.0,7095,0.0,0.0
2025-06-30 02:15:00+00:00,178.0,179.5,177.5,178.0,55425,0.0,0.0
2025-06-30 02:20:00+00:00,177.5,177.5,176.0,176.0,12209,0.0,0.0
2025-06-30 02:25:00+00:00,176.5,176.5,176.5,176.5,1011,0.0,0.0
2025-06-30 02:30:00+00:00,176.0,176.5,176.0,176.5,3055,0.0,0.0
2025-06-30 02:40:00+00:00,176.0,176.0,176.0,176.0,3048,0.0,0.0
2025-06-30 03:05:00+00:00,175.0,175.0,174.0,174.0,8130,0.0,0.0
2025-06-30 03:15:00+00:00,174.5,174.5,174.0,174.0,10120,0.0,0.0
2025-06-30 03:20:00+00:00,175.5,175.5,174.0,174.0,8001,0.0,0.0
2025-06-30 03:25:00+00:00,174.5,174.5,174.5,174.5,1003,0.0,0.0
2025-06-30 03:30:00+00:00,174.5,174.5,174.5,174.5,1000,0.0,0.0
2025-06-30 03:35:00+00:00,174.5,174.5,174.5,174.5,2000,0.0,0.0
2025-06-30 03:40:00+00:00,174.5,174.5,174.5,174.5,2000,0.0,0.0
2025-06-30 03:45:00+00:00,175.0,175.0,175.0,175.0,2019,0.0,0.0
2025-06-30 04:00:00+00:00,174.5,174.5,174.5,174.5,1278,0.0,0.0
2025-06-30 04:05:00+00:00,174.5,174.5,174.5,174.5,2000,0.0,0.0
2025-06-30 04:10:00+00:00,174.5,174.5,174.5,174.5,1005,0.0,0.0
2025-06-30 04:15:00+00:00,174.0,174.0,174.0,174.0,3005,0.0,0.0
2025-06-30 04:20:00+00:00,174.5,174.5,174.5,174.5,3200,0.0,0.0
2025-06-30 04:25:00+00:00,174.0,174.5,174.0,174.5,0,0.0,0.0
2025-06-30 04:35:00+00:00,174.5,174.5,174.5,174.5,1200,0.0,0.0
2025-06-30 04:55:00+00:00,174.5,174.5,174.5,174.5,5700,0.0,0.0
2025-06-30 05:05:00+00:00,175.0,175.0,175.0,175.0,1010,0.0,0.0
2025-06-30 05:10:00+00:00,175.5,175.5,175.0,175.0,4372,0.0,0.0
2025-06-30 05:20:00+00:00,174.0,176.5,173.5,176.5,21040,0.0,0.0
2025-07-01 01:00:00+00:00,176.5,177.0,175.5,176.0,23000,0.0,0.0
2025-07-01 01:05:00+00:00,177.0,177.0,177.0,177.0,2894,0.0,0.0
2025-07-01 01:10:00+00:00,177.5,177.5,176.5,177.5,4405,0.0,0.0
2025-07-01 01:15:00+00:00,177.5,177.5,177.0,177.0,6005,0.0,0.0
2025-07-01 01:20:00+00:00,176.5,176.5,174.5,174.5,6075,0.0,0.0
2025-07-01 01:25:00+00:00,174.5,174.5,174.5,174.5,4010,0.0,0.0
2025-07-01 01:30:00+00:00,175.0,175.0,174.0,174.0,4035,0.0,0.0
2025-07-01 01:35:00+00:00,175.0,175.0,173.5,174.5,8000,0.0,0.0
2025-07-01 01:40:00+00:00,175.5,175.5,175.0,175.0,2000,0.0,0.0
2025-07-01 01:45:00+00:00,174.0,174.0,174.0,174.0,7025,0.0,0.0
2025-07-01 01:50:00+00:00,174.5,174.5,174.5,174.5,1000,0.0,0.0
2025-07-01 01:55:00+00:00,174.5,174.5,174.5,174.5,1000,0.0,0.0
2025-07-01 02:00:00+00:00,174.5,174.5,174.5,174.5,2200,0.0,0.0
2025-07-01 02:10:00+00:00,174.0,174.0,172.5,172.5,11220,0.0,0.0
2025-07-01 02:15:00+00:00,172.5,172.5,172.5,172.5,6000,0.0,0.0
2025-07-01 02:25:00+00:00,172.5,174.5,172.5,174.5,8104,0.0,0.0
2025-07-01 02:35:00+00:00,174.0,174.0,173.5,173.5,3000,0.0,0.0
2025-07-01 03:10:00+00:00,174.0,174.0,173.5,173.5,2000,0.0,0.0
2025-07-01 03:25:00+00:00,173.0,173.0,173.0,173.0,1000,0.0,0.0
2025-07-01 03:40:00+00:00,172.5,172.5,172.5,172.5,2227,0.0,0.0
2025-07-01 03:55:00+00:00,172.0,173.5,171.0,173.0,10000,0.0,0.0
2025-07-01 04:00:00+00:00,173.5,175.0,173.5,175.0,6148,0.0,0.0
2025-07-01 04:05:00+00:00,175.0,176.0,175.0,175.0,5000,0.0,0.0
2025-07-01 04:10:00+00:00,175.0,175.0,174.5,175.0,4000,0.0,0.0
2025-07-01 04:20:00+00:00,174.5,174.5,174.5,174.5,1000,0.0,0.0
2025-07-01 04:30:00+00:00,174.5,174.5,174.5,174.5,1152,0.0,0.0
2025-07-01 05:00:00+00:00,174.5,175.0,174.0,174.0,10046,0.0,0.0
2025-07-01 05:10:00+00:00,174.0,174.0,174.0,174.0,1230,0.0,0.0
2025-07-01 05:15:00+00:00,174.0,174.0,174.0,174.0,2010,0.0,0.0
2025-07-01 05:20:00+00:00,173.5,173.5,173.5,173.5,1142,0.0,0.0
2025-07-02 01:00:00+00:00,170.5,174.5,170.5,174.5,11000,0.0,0.0
2025-07-02 01:05:00+00:00,173.0,174.5,173.0,174.5,6000,0.0,0.0
2025-07-02 01:15:00+00:00,174.0,174.0,174.0,174.0,1000,0.0,0.0
2025-07-02 01:25:00+00:00,173.5,174.0,173.5,174.0,3020,0.0,0.0
2025-07-02 01:30:00+00:00,174.5,175.0,174.5,175.0,6015,0.0,0.0
2025-07-02 01:35:00+00:00,175.5,176.0,175.5,176.0,13000,0.0,0.0
2025-07-02 01:40:00+00:00,176.5,176.5,176.0,176.5,3000,0.0,0.0
2025-07-02 01:45:00+00:00,176.5,176.5,175.0,175.0,9000,0.0,0.0
2025-07-02 01:50:00+00:00,175.0,175.0,175.0,175.0,1000,0.0,0.0
2025-07-02 01:55:00+00:00,175.5,175.5,175.5,175.5,1009,0.0,0.0
2025-07-02 02:10:00+00:00,175.0,175.0,175.0,175.0,2313,0.0,0.0
2025-07-02 02:20:00+00:00,175.0,175.0,175.0,175.0,2200,0.0,0.0
2025-07-02 02:35:00+00:00,175.5,175.5,175.5,175.5,1000,0.0,0.0
2025-07-02 02:45:00+00:00,175.5,175.5,175.5,175.5,2070,0.0,0.0
2025-07-02 03:05:00+00:00,175.0,175.0,175.0,175.0,2000,0.0,0.0
2025-07-02 03:10:00+00:00,174.5,174.5,174.5,174.5,1009,0.0,0.0
2025-07-02 03:35:00+00:00,174.0,174.0,174.0,174.0,1000,0.0,0.0
2025-07-02 03:40:00+00:00,173.5,173.5,173.0,173.0,3004,0.0,0.0
2025-07-02 03:55:00+00:00,173.0,173.0,173.0,173.0,1000,0.0,0.0
2025-07-02 04:00:00+00:00,173.0,173.0,173.0,173.0,1000,0.0,0.0
2025-07-02 04:15:00+00:00,174.5,174.5,174.5,174.5,2000,0.0,0.0
2025-07-02 04:25:00+00:00,175.0,175.5,175.0,175.5,2225,0.0,0.0
2025-07-02 04:45:00+00:00,175.5,175.5,175.5,175.5,4253,0.0,0.0
2025-07-02 04:55:00+00:00,176.0,176.0,176.0,176.0,1040,0.0,0.0
2025-07-02 05:00:00+00:00,176.0,176.0,176.0,176.0,5043,0.0,0.0
2025-07-02 05:05:00+00:00,176.0,176.0,176.0,176.0,1500,0.0,0.0
2025-07-02 05:10:00+00:00,176.0,176.0,176.0,176.0,3000,0.0,0.0
2025-07-02 05:15:00+00:00,176.0,177.0,176.0,177.0,14931,0.0,0.0
2025-07-02 05:20:00+00:00,177.0,177.5,177.0,177.5,3413,0.0,0.0
2025-07-03 01:00:00+00:00,179.5,182.0,179.5,181.0,17000,0.0,0.0
2025-07-03 01:05:00+00:00,181.0,181.5,180.5,180.5,10514,0.0,0.0
2025-07-03 01:10:00+00:00,181.0,181.0,181.0,181.0,2249,0.0,0.0
2025-07-03 01:15:00+00:00,180.5,180.5,180.0,180.0,4011,0.0,0.0
2025-07-03 01:20:00+00:00,179.5,179.5,179.5,179.5,4050,0.0,0.0
2025-07-03 01:25:00+00:00,180.0,180.5,180.0,180.5,2062,0.0,0.0
2025-07-03 01:35:00+00:00,179.0,179.0,179.0,179.0,2010,0.0,0.0
2025-07-03 01:40:00+00:00,178.5,178.5,177.5,177.5,8192,0.0,0.0
2025-07-03 01:55:00+00:00,178.0,178.0,178.0,178.0,3003,0.0,0.0
2025-07-03 02:00:00+00:00,178.5,178.5,177.5,177.5,3000,0.0,0.0
2025-07-03 02:05:00+00:00,177.5,177.5,177.5,177.5,1000,0.0,0.0
2025-07-03 02:10:00+00:00,177.5,177.5,177.5,177.5,1000,0.0,0.0
2025-07-03 02:15:00+00:00,177.0,177.0,176.5,177.0,3013,0.0,0.0
2025-07-03 02:20:00+00:00,177.0,177.0,177.0,177.0,2100,0.0,0.0
2025-07-03 02:25:00+00:00,177.0,178.5,177.0,177.0,4000,0.0,0.0
2025-07-03 02:30:00+00:00,177.0,177.0,177.0,177.0,1000,0.0,0.0
2025-07-03 02:35:00+00:00,177.0,177.0,177.0,177.0,1005,0.0,0.0
2025-07-03 03:00:00+00:00,176.5,176.5,176.5,176.5,2030,0.0,0.0
2025-07-03 03:35:00+00:00,176.0,176.0,176.0,176.0,2100,0.0,0.0
2025-07-03 03:40:00+00:00,176.0,176.0,176.0,176.0,1000,0.0,0.0
2025-07-03 03:50:00+00:00,177.0,179.0,177.0,178.5,9100,0.0,0.0
2025-07-03 03:55:00+00:00,179.0,179.5,179.0,179.5,6011,0.0,0.0
2025-07-03 04:10:00+00:00,179.0,179.0,178.5,178.5,3000,0.0,0.0
2025-07-03 04:30:00+00:00,178.0,178.0,178.0,178.0,3000,0.0,0.0
2025-07-03 04:35:00+00:00,178.5,179.5,178.5,179.5,10000,0.0,0.0
2025-07-03 04:40:00+00:00,179.5,180.0,179.5,180.0,4087,0.0,0.0
2025-07-03 04:45:00+00:00,180.0,180.0,180.0,180.0,1000,0.0,0.0
2025-07-03 04:50:00+00:00,180.0,180.0,180.0,180.0,2805,0.0,0.0
2025-07-03 04:55:00+00:00,180.5,180.5,180.5,180.5,2843,0.0,0.0
2025-07-03 05:00:00+00:00,180.5,180.5,180.5,180.5,4000,0.0,0.0
2025-07-03 05:05:00+00:00,180.5,180.5,180.0,180.0,4014,0.0,0.0
2025-07-03 05:10:00+00:00,180.5,180.5,180.5,180.5,2000,0.0,0.0
2025-07-03 05:15:00+00:00,181.0,181.0,181.0,181.0,2050,0.0,0.0
2025-07-03 05:20:00+00:00,180.5,181.0,180.0,180.0,4051,0.0,0.0
2025-07-04 01:00:00+00:00,181.5,182.5,181.5,182.5,6000,0.0,0.0
2025-07-04 01:05:00+00:00,182.0,182.0,179.5,179.5,12564,0.0,0.0
2025-07-04 01:30:00+00:00,179.5,179.5,179.5,179.5,1000,0.0,0.0
2025-07-04 01:35:00+00:00,179.5,180.0,179.5,180.0,3011,0.0,0.0
2025-07-04 01:40:00+00:00,180.5,180.5,180.5,180.5,1000,0.0,0.0
2025-07-04 01:45:00+00:00,179.0,179.0,178.5,178.5,3000,0.0,0.0
2025-07-04 01:50:00+00:00,179.0,179.0,179.0,179.0,1005,0.0,0.0
2025-07-04 01:55:00+00:00,179.0,179.0,179.0,179.0,1000,0.0,0.0
2025-07-04 02:05:00+00:00,178.5,178.5,178.5,178.5,2163,0.0,0.0
2025-07-04 02:20:00+00:00,178.5,178.5,178.5,178.5,4000,0.0,0.0
2025-07-04 02:25:00+00:00,179.0,179.5,179.0,179.5,3060,0.0,0.0
2025-07-04 02:30:00+00:00,179.0,179.0,179.0,179.0,3100,0.0,0.0
2025-07-04 02:35:00+00:00,179.0,179.0,178.0,178.0,4000,0.0,0.0
2025-07-04 02:40:00+00:00,179.5,179.5,179.5,179.5,1220,0.0,0.0
2025-07-04 02:45:00+00:00,180.0,181.0,180.0,181.0,11945,0.0,0.0
2025-07-04 02:55:00+00:00,181.0,181.0,181.0,181.0,1100,0.0,0.0
2025-07-04 03:00:00+00:00,180.5,180.5,180.5,180.5,5000,0.0,0.0
2025-07-04 03:05:00+00:00,181.0,181.0,181.0,181.0,2225,0.0,0.0
2025-07-04 03:50:00+00:00,180.5,181.0,180.5,181.0,3010,0.0,0.0
2025-07-04 03:55:00+00:00,181.0,181.0,180.5,180.5,3070,0.0,0.0
2025-07-04 04:00:00+00:00,180.5,180.5,178.0,180.0,16030,0.0,0.0
2025-07-04 04:05:00+00:00,180.0,180.0,180.0,180.0,1000,0.0,0.0
2025-07-04 04:10:00+00:00,180.0,180.0,180.0,180.0,1035,0.0,0.0
2025-07-04 04:20:00+00:00,180.0,180.5,180.0,180.5,6000,0.0,0.0
2025-07-04 04:25:00+00:00,180.5,180.5,180.5,180.5,1434,0.0,0.0
2025-07-04 04:55:00+00:00,181.0,182.5,181.0,182.5,36372,0.0,0.0
2025-07-04 05:00:00+00:00,182.5,182.5,182.5,182.5,3450,0.0,0.0
2025-07-04 05:05:00+00:00,183.0,183.0,182.0,182.0,3000,0.0,0.0
2025-07-04 05:10:00+00:00,182.0,182.0,182.0,182.0,2027,0.0,0.0
2025-07-04 05:20:00+00:00,182.5,183.0,182.0,183.0,9038,0.0,0.0
2025-07-07 01:00:00+00:00,187.0,193.5,187.0,193.0,0,0.0,0.0
2025-07-07 01:05:00+00:00,197.0,197.0,191.0,191.0,19517,0.0,0.0
2025-07-07 01:10:00+00:00,191.0,191.5,189.5,189.5,13325,0.0,0.0
2025-07-07 01:15:00+00:00,189.5,191.0,189.0,190.0,9373,0.0,0.0
2025-07-07 01:20:00+00:00,190.0,190.0,189.0,189.0,5135,0.0,0.0
2025-07-07 01:25:00+00:00,188.5,189.0,188.5,189.0,4325,0.0,0.0
2025-07-07 01:30:00+00:00,190.0,190.0,189.0,189.0,3155,0.0,0.0
2025-07-07 01:35:00+00:00,189.0,189.0,186.5,187.5,14748,0.0,0.0
2025-07-07 01:40:00+00:00,188.0,188.5,187.0,188.0,10020,0.0,0.0
2025-07-07 01:45:00+00:00,189.5,190.5,189.0,189.0,7000,0.0,0.0
2025-07-07 01:50:00+00:00,187.5,187.5,185.0,186.0,17150,0.0,0.0
2025-07-07 01:55:00+00:00,186.0,186.0,186.0,186.0,2000,0.0,0.0
2025-07-07 02:00:00+00:00,186.0,186.0,184.0,184.0,15061,0.0,0.0
2025-07-07 02:05:00+00:00,184.0,184.5,184.0,184.5,6077,0.0,0.0
2025-07-07 02:15:00+00:00,185.0,185.0,185.0,185.0,1007,0.0,0.0
2025-07-07 02:20:00+00:00,185.0,185.0,184.0,184.0,6000,0.0,0.0
2025-07-07 02:25:00+00:00,184.0,185.5,184.0,185.5,12200,0.0,0.0
2025-07-07 02:30:00+00:00,185.5,186.0,185.0,185.0,3000,0.0,0.0
2025-07-07 02:45:00+00:00,184.0,184.0,184.0,184.0,5100,0.0,0.0
2025-07-07 02:55:00+00:00,183.5,183.5,183.0,183.0,4193,0.0,0.0
2025-07-07 03:00:00+00:00,183.0,183.0,183.0,183.0,1020,0.0,0.0
2025-07-07 03:15:00+00:00,183.0,183.0,183.0,183.0,1002,0.0,0.0
2025-07-07 03:30:00+00:00,183.5,183.5,183.5,183.5,1000,0.0,0.0
2025-07-07 03:35:00+00:00,184.0,184.0,184.0,184.0,1050,0.0,0.0
2025-07-07 03:45:00+00:00,185.0,185.0,185.0,185.0,2180,0.0,0.0
2025-07-07 03:55:00+00:00,185.0,185.0,185.0,185.0,2011,0.0,0.0
2025-07-07 04:15:00+00:00,185.5,187.0,185.5,187.0,18000,0.0,0.0
2025-07-07 04:20:00+00:00,187.0,188.0,187.0,188.0,12181,0.0,0.0
2025-07-07 04:30:00+00:00,186.5,186.5,186.5,186.5,1009,0.0,0.0
2025-07-07 04:35:00+00:00,186.0,186.5,186.0,186.5,3200,0.0,0.0
2025-07-07 04:45:00+00:00,186.5,186.5,186.0,186.0,2022,0.0,0.0
2025-07-07 04:55:00+00:00,186.0,186.0,186.0,186.0,1000,0.0,0.0
2025-07-07 05:00:00+00:00,186.0,186.0,186.0,186.0,5000,0.0,0.0
2025-07-07 05:05:00+00:00,185.5,185.5,184.5,184.5,3204,0.0,0.0
2025-07-07 05:15:00+00:00,186.0,186.0,186.0,186.0,1000,0.0,0.0
2025-07-07 05:20:00+00:00,186.5,187.0,185.0,185.0,6000,0.0,0.0
2025-07-08 01:00:00+00:00,185.0,185.0,180.0,180.0,0,0.0,0.0
2025-07-08 01:05:00+00:00,180.0,182.5,180.0,182.0,9362,0.0,0.0
2025-07-08 01:10:00+00:00,181.5,182.5,181.5,181.5,8473,0.0,0.0
2025-07-08 01:15:00+00:00,181.5,181.5,181.5,181.5,3097,0.0,0.0
2025-07-08 01:20:00+00:00,181.0,181.0,179.5,179.5,13503,0.0,0.0
2025-07-08 01:25:00+00:00,180.0,180.0,180.0,180.0,2252,0.0,0.0
2025-07-08 01:30:00+00:00,179.5,180.5,179.5,180.5,2000,0.0,0.0
2025-07-08 01:35:00+00:00,181.5,181.5,181.5,181.5,2000,0.0,0.0
2025-07-08 01:40:00+00:00,182.0,185.0,182.0,185.0,10000,0.0,0.0
2025-07-08 01:45:00+00:00,185.0,185.0,185.0,185.0,2000,0.0,0.0
2025-07-08 01:50:00+00:00,185.0,185.0,185.0,185.0,2635,0.0,0.0
2025-07-08 02:25:00+00:00,184.5,184.5,184.5,184.5,1595,0.0,0.0
2025-07-08 02:55:00+00:00,184.0,184.0,184.0,184.0,1050,0.0,0.0
2025-07-08 03:20:00+00:00,182.5,182.5,182.0,182.0,3250,0.0,0.0
2025-07-08 03:35:00+00:00,183.0,183.0,183.0,183.0,1250,0.0,0.0
2025-07-08 03:50:00+00:00,183.0,183.0,183.0,183.0,1004,0.0,0.0
2025-07-08 03:55:00+00:00,182.5,182.5,182.5,182.5,1000,0.0,0.0
2025-07-08 04:00:00+00:00,182.5,182.5,182.5,182.5,1095,0.0,0.0
2025-07-08 04:10:00+00:00,184.0,184.0,184.0,184.0,2030,0.0,0.0
2025-07-08 04:15:00+00:00,184.5,185.5,184.5,185.5,10600,0.0,0.0
2025-07-08 04:30:00+00:00,185.5,185.5,185.5,185.5,1000,0.0,0.0
2025-07-08 04:35:00+00:00,185.5,185.5,185.5,185.5,1000,0.0,0.0
2025-07-08 04:45:00+00:00,185.5,185.5,185.5,185.5,1000,0.0,0.0
2025-07-08 04:50:00+00:00,185.5,186.0,185.5,186.0,3403,0.0,0.0
2025-07-08 05:05:00+00:00,186.0,186.0,186.0,186.0,2897,0.0,0.0
2025-07-08 05:10:00+00:00,187.0,188.0,187.0,187.5,7400,0.0,0.0
2025-07-08 05:15:00+00:00,188.0,188.0,188.0,188.0,1000,0.0,0.0
2025-07-08 05:20:00+00:00,188.5,188.5,188.0,188.0,7970,0.0,0.0
2025-07-09 01:00:00+00:00,206.5,206.5,206.5,206.5,0,0.0,0.0
2025-07-09 01:05:00+00:00,206.5,206.5,206.5,206.5,33357,0.0,0.0
2025-07-09 01:10:00+00:00,206.5,206.5,206.5,206.5,9250,0.0,0.0
2025-07-09 01:15:00+00:00,206.5,206.5,206.5,206.5,8506,0.0,0.0
2025-07-09 01:20:00+00:00,206.5,206.5,206.5,206.5,1300,0.0,0.0
2025-07-09 01:30:00+00:00,206.5,206.5,206.5,206.5,1100,0.0,0.0
2025-07-09 01:35:00+00:00,206.5,206.5,206.5,206.5,3100,0.0,0.0
2025-07-09 01:40:00+00:00,206.5,206.5,206.5,206.5,5748,0.0,0.0
2025-07-09 01:55:00+00:00,206.5,206.5,206.5,206.5,4902,0.0,0.0
2025-07-09 02:05:00+00:00,206.5,206.5,206.5,206.5,5100,0.0,0.0
2025-07-09 02:15:00+00:00,206.5,206.5,206.5,206.5,1810,0.0,0.0
2025-07-09 02:45:00+00:00,206.5,206.5,206.5,206.5,1125,0.0,0.0
2025-07-09 04:10:00+00:00,206.5,206.5,206.5,206.5,2008,0.0,0.0
2025-07-09 05:05:00+00:00,206.5,206.5,206.5,206.5,5200,0.0,0.0
2025-07-10 01:00:00+00:00,227.0,227.0,227.0,227.0,0,0.0,0.0
2025-07-10 01:05:00+00:00,227.0,227.0,227.0,227.0,14572,0.0,0.0
2025-07-10 01:10:00+00:00,227.0,227.0,227.0,227.0,10280,0.0,0.0
2025-07-10 01:15:00+00:00,227.0,227.0,227.0,227.0,1600,0.0,0.0
2025-07-10 01:20:00+00:00,227.0,227.0,227.0,227.0,6025,0.0,0.0
2025-07-10 01:25:00+00:00,227.0,227.0,227.0,227.0,8000,0.0,0.0
2025-07-10 01:30:00+00:00,227.0,227.0,227.0,227.0,2190,0.0,0.0
2025-07-10 01:40:00+00:00,227.0,227.0,227.0,227.0,1050,0.0,0.0
2025-07-10 01:45:00+00:00,227.0,227.0,227.0,227.0,2000,0.0,0.0
2025-07-10 01:55:00+00:00,227.0,227.0,227.0,227.0,2800,0.0,0.0
2025-07-10 02:30:00+00:00,227.0,227.0,227.0,227.0,4361,0.0,0.0
2025-07-10 04:20:00+00:00,227.0,227.0,227.0,227.0,24000,0.0,0.0
2025-07-10 04:25:00+00:00,227.0,227.0,227.0,227.0,1654,0.0,0.0
2025-07-10 05:00:00+00:00,227.0,227.0,227.0,227.0,23803,0.0,0.0
2025-07-11 01:00:00+00:00,233.0,240.5,230.0,240.5,0,8.062188,0.0
2025-07-11 01:05:00+00:00,240.5,240.5,240.5,240.5,14676,0.0,0.0
2025-07-11 01:10:00+00:00,240.5,240.5,240.5,240.5,13925,0.0,0.0
2025-07-11 01:15:00+00:00,240.5,240.5,240.5,240.5,10105,0.0,0.0
2025-07-11 01:20:00+00:00,240.5,240.5,240.5,240.5,13396,0.0,0.0
2025-07-11 01:25:00+00:00,240.5,240.5,240.5,240.5,1900,0.0,0.0
2025-07-11 01:30:00+00:00,240.5,240.5,240.5,240.5,3900,0.0,0.0
2025-07-11 01:40:00+00:00,240.5,240.5,240.5,240.5,6400,0.0,0.0
2025-07-11 01:45:00+00:00,240.5,240.5,240.5,240.5,8300,0.0,0.0
2025-07-11 01:50:00+00:00,240.5,240.5,240.5,240.5,10005,0.0,0.0
2025-07-11 01:55:00+00:00,240.5,240.5,240.5,240.5,2000,0.0,0.0
2025-07-11 02:00:00+00:00,240.5,240.5,240.5,240.5,37300,0.0,0.0
2025-07-11 02:05:00+00:00,240.5,240.5,240.5,240.5,9100,0.0,0.0
2025-07-11 02:10:00+00:00,240.5,240.5,240.5,240.5,3011,0.0,0.0
2025-07-11 02:15:00+00:00,240.5,240.5,240.5,240.5,4002,0.0,0.0
2025-07-11 02:20:00+00:00,240.5,240.5,240.5,240.5,1020,0.0,0.0
2025-07-11 02:30:00+00:00,240.5,240.5,240.5,240.5,3726,0.0,0.0
2025-07-11 02:50:00+00:00,240.5,240.5,240.5,240.5,3800,0.0,0.0
2025-07-11 03:00:00+00:00,240.5,240.5,240.5,240.5,2000,0.0,0.0
2025-07-11 03:15:00+00:00,240.5,240.5,240.5,240.5,57016,0.0,0.0
2025-07-11 03:20:00+00:00,240.5,240.5,240.5,240.5,23100,0.0,0.0
2025-07-11 03:25:00+00:00,240.5,240.5,240.5,240.5,2950,0.0,0.0
2025-07-11 03:35:00+00:00,240.5,240.5,240.5,240.5,1000,0.0,0.0
2025-07-11 03:40:00+00:00,240.5,240.5,240.5,240.5,1000,0.0,0.0
2025-07-11 03:45:00+00:00,240.5,240.5,240.5,240.5,1600,0.0,0.0
2025-07-11 03:50:00+00:00,240.5,240.5,240.5,240.5,2250,0.0,0.0
2025-07-11 04:00:00+00:00,240.5,240.5,240.5,240.5,2408,0.0,0.0
2025-07-11 04:20:00+00:00,240.5,240.5,240.5,240.5,4080,0.0,0.0
2025-07-11 04:25:00+00:00,240.5,240.5,240.5,240.5,3801,0.0,0.0
2025-07-11 04:35:00+00:00,240.5,240.5,240.5,240.5,8140,0.0,0.0
2025-07-11 04:40:00+00:00,240.5,240.5,240.5,240.5,6200,0.0,0.0
2025-07-11 04:50:00+00:00,240.5,240.5,240.5,240.5,1800,0.0,0.0
2025-07-11 05:00:00+00:00,240.5,240.5,240.5,240.5,1356,0.0,0.0
2025-07-11 05:15:00+00:00,240.5,240.5,240.5,240.5,1500,0.0,0.0
2025-07-11 05:20:00+00:00,240.5,240.5,240.5,240.5,1240,0.0,0.0
2025-07-14 01:00:00+00:00,264.5,264.5,252.0,255.0,0,0.0,0.0
2025-07-14 01:05:00+00:00,254.5,261.5,252.5,261.0,152000,0.0,0.0
2025-07-14 01:10:00+00:00,261.0,261.0,258.0,258.5,61030,0.0,0.0
2025-07-14 01:15:00+00:00,258.5,260.0,258.0,258.5,41128,0.0,0.0
2025-07-14 01:20:00+00:00,258.0,259.5,256.0,256.0,28636,0.0,0.0
2025-07-14 01:25:00+00:00,255.0,255.0,251.0,251.0,58354,0.0,0.0
2025-07-14 01:30:00+00:00,251.5,253.0,249.0,250.0,47528,0.0,0.0
2025-07-14 01:35:00+00:00,250.5,255.5,250.5,254.0,33812,0.0,0.0
2025-07-14 01:40:00+00:00,254.5,254.5,247.0,247.0,65358,0.0,0.0
2025-07-14 01:45:00+00:00,247.0,248.5,243.5,248.5,88792,0.0,0.0
2025-07-14 01:50:00+00:00,249.0,249.5,245.5,245.5,24240,0.0,0.0
2025-07-14 01:55:00+00:00,245.0,246.5,245.0,246.0,16043,0.0,0.0
2025-07-14 02:00:00+00:00,246.0,250.0,246.0,250.0,33192,0.0,0.0
2025-07-14 02:05:00+00:00,250.0,250.0,248.0,249.0,15018,0.0,0.0
2025-07-14 02:10:00+00:00,249.0,250.0,249.0,249.5,3062,0.0,0.0
2025-07-14 02:15:00+00:00,249.5,249.5,246.5,247.5,19464,0.0,0.0
2025-07-14 02:20:00+00:00,247.5,248.0,247.0,248.0,7062,0.0,0.0
2025-07-14 02:25:00+00:00,248.0,248.5,248.0,248.5,2060,0.0,0.0
2025-07-14 02:30:00+00:00,249.5,250.5,249.5,249.5,13720,0.0,0.0
2025-07-14 02:35:00+00:00,248.5,249.5,248.0,249.5,8081,0.0,0.0
2025-07-14 02:40:00+00:00,250.0,250.0,248.5,248.5,9049,0.0,0.0
2025-07-14 02:45:00+00:00,248.5,252.0,248.5,252.0,28677,0.0,0.0
2025-07-14 02:50:00+00:00,252.5,255.0,252.5,252.5,45659,0.0,0.0
2025-07-14 02:55:00+00:00,253.0,254.0,253.0,253.5,5258,0.0,0.0
2025-07-14 03:00:00+00:00,252.5,252.5,252.0,252.0,10033,0.0,0.0
2025-07-14 03:05:00+00:00,251.5,252.0,251.5,252.0,11072,0.0,0.0
2025-07-14 03:10:00+00:00,252.0,252.0,252.0,252.0,6043,0.0,0.0
2025-07-14 03:15:00+00:00,251.5,251.5,250.5,250.5,8056,0.0,0.0
2025-07-14 03:20:00+00:00,250.5,250.5,250.5,250.5,4020,0.0,0.0
2025-07-14 03:25:00+00:00,250.0,250.0,249.5,250.0,7131,0.0,0.0
2025-07-14 03:30:00+00:00,249.5,249.5,249.0,249.0,3050,0.0,0.0
2025-07-14 03:35:00+00:00,249.0,249.0,247.5,247.5,14022,0.0,0.0
2025-07-14 03:40:00+00:00,247.5,247.5,247.0,247.0,5025,0.0,0.0
2025-07-14 03:45:00+00:00,247.0,247.0,245.0,246.0,26385,0.0,0.0
2025-07-14 03:50:00+00:00,246.5,246.5,245.0,245.0,7112,0.0,0.0
2025-07-14 03:55:00+00:00,246.5,246.5,245.5,245.5,3259,0.0,0.0
2025-07-14 04:00:00+00:00,245.5,246.0,245.5,246.0,4016,0.0,0.0
2025-07-14 04:05:00+00:00,246.0,248.5,246.0,248.0,30054,0.0,0.0
2025-07-14 04:10:00+00:00,247.5,248.0,247.5,247.5,6239,0.0,0.0
2025-07-14 04:15:00+00:00,247.0,247.0,247.0,247.0,2040,0.0,0.0
2025-07-14 04:20:00+00:00,246.0,246.0,245.5,245.5,6030,0.0,0.0
2025-07-14 04:25:00+00:00,245.0,246.0,245.0,246.0,16028,0.0,0.0
2025-07-14 04:30:00+00:00,246.0,248.0,246.0,248.0,10172,0.0,0.0
2025-07-14 04:35:00+00:00,248.0,248.0,246.5,246.5,10039,0.0,0.0
2025-07-14 04:40:00+00:00,247.0,248.0,247.0,248.0,12594,0.0,0.0
2025-07-14 04:45:00+00:00,248.5,248.5,248.5,248.5,18032,0.0,0.0
2025-07-14 04:50:00+00:00,248.5,250.0,248.5,250.0,15293,0.0,0.0
2025-07-14 04:55:00+00:00,250.5,251.0,248.0,248.5,24580,0.0,0.0
2025-07-14 05:00:00+00:00,248.0,248.5,247.0,247.0,11091,0.0,0.0
2025-07-14 05:05:00+00:00,247.0,250.0,247.0,247.5,10100,0.0,0.0
2025-07-14 05:10:00+00:00,247.5,249.5,247.0,247.0,17438,0.0,0.0
2025-07-14 05:15:00+00:00,246.5,247.0,243.0,243.0,31292,0.0,0.0
2025-07-14 05:20:00+00:00,243.0,245.0,242.5,243.5,52480,0.0,0.0
2025-07-15 01:00:00+00:00,243.0,249.5,243.0,245.0,0,0.0,0.0
2025-07-15 01:05:00+00:00,245.5,252.0,245.5,250.0,148000,0.0,0.0
2025-07-15 01:10:00+00:00,249.0,249.5,247.5,247.5,29562,0.0,0.0
2025-07-15 01:15:00+00:00,247.0,247.0,242.5,247.0,76615,0.0,0.0
2025-07-15 01:20:00+00:00,247.0,247.0,241.0,243.0,39721,0.0,0.0
2025-07-15 01:25:00+00:00,243.0,243.5,243.0,243.5,11326,0.0,0.0
2025-07-15 01:30:00+00:00,244.0,246.0,244.0,245.0,9462,0.0,0.0
2025-07-15 01:35:00+00:00,244.5,246.0,244.5,246.0,17041,0.0,0.0
2025-07-15 01:40:00+00:00,247.0,247.0,246.5,246.5,8465,0.0,0.0
2025-07-15 01:45:00+00:00,246.5,246.5,244.0,246.0,24859,0.0,0.0
2025-07-15 01:50:00+00:00,246.5,248.5,246.0,247.5,43081,0.0,0.0
2025-07-15 01:55:00+00:00,247.5,247.5,247.0,247.0,5044,0.0,0.0
2025-07-15 02:00:00+00:00,246.0,246.0,244.5,244.5,8259,0.0,0.0
2025-07-15 02:05:00+00:00,244.5,248.0,244.5,247.0,20650,0.0,0.0
2025-07-15 02:10:00+00:00,246.5,247.5,246.0,246.0,8100,0.0,0.0
2025-07-15 02:15:00+00:00,247.0,247.0,247.0,247.0,1038,0.0,0.0
2025-07-15 02:20:00+00:00,247.5,249.0,247.5,247.5,25639,0.0,0.0
2025-07-15 02:25:00+00:00,249.0,249.5,248.0,248.0,20230,0.0,0.0
2025-07-15 02:30:00+00:00,248.0,248.0,247.0,247.0,4299,0.0,0.0
2025-07-15 02:35:00+00:00,248.0,248.0,246.5,246.5,8067,0.0,0.0
2025-07-15 02:40:00+00:00,246.0,246.5,244.5,244.5,29370,0.0,0.0
2025-07-15 02:45:00+00:00,245.0,245.0,244.0,245.0,5673,0.0,0.0
2025-07-15 02:50:00+00:00,245.5,245.5,245.5,245.5,4287,0.0,0.0
2025-07-15 02:55:00+00:00,245.0,245.0,244.5,244.5,8000,0.0,0.0
2025-07-15 03:00:00+00:00,245.0,245.0,245.0,245.0,3020,0.0,0.0
2025-07-15 03:05:00+00:00,245.0,245.0,244.5,244.5,2000,0.0,0.0
2025-07-15 03:10:00+00:00,244.0,244.0,244.0,244.0,2050,0.0,0.0
2025-07-15 03:15:00+00:00,244.0,244.0,244.0,244.0,4005,0.0,0.0
2025-07-15 03:20:00+00:00,243.5,243.5,243.5,243.5,7040,0.0,0.0
2025-07-15 03:25:00+00:00,243.5,243.5,243.5,243.5,1251,0.0,0.0
2025-07-15 03:35:00+00:00,244.0,245.0,244.0,245.0,3094,0.0,0.0
2025-07-15 03:40:00+00:00,244.0,244.0,242.5,242.5,12001,0.0,0.0
2025-07-15 03:45:00+00:00,242.5,242.5,241.5,241.5,16251,0.0,0.0
2025-07-15 03:50:00+00:00,241.5,241.5,239.5,240.5,39358,0.0,0.0
2025-07-15 03:55:00+00:00,241.0,241.5,241.0,241.5,4650,0.0,0.0
2025-07-15 04:00:00+00:00,241.5,241.5,241.5,241.5,6010,0.0,0.0
2025-07-15 04:10:00+00:00,241.0,241.0,239.5,239.5,9425,0.0,0.0
2025-07-15 04:15:00+00:00,239.5,240.0,239.0,240.0,6149,0.0,0.0
2025-07-15 04:20:00+00:00,241.5,242.0,241.5,242.0,5200,0.0,0.0
2025-07-15 04:25:00+00:00,242.0,242.0,240.0,240.5,5128,0.0,0.0
2025-07-15 04:30:00+00:00,240.0,244.0,240.0,244.0,22000,0.0,0.0
2025-07-15 04:35:00+00:00,242.0,246.0,242.0,245.5,52253,0.0,0.0
2025-07-15 04:40:00+00:00,245.0,245.0,244.5,244.5,2111,0.0,0.0
2025-07-15 04:45:00+00:00,244.5,244.5,244.5,244.5,1339,0.0,0.0
2025-07-15 04:50:00+00:00,244.0,244.0,242.5,242.5,14100,0.0,0.0
2025-07-15 04:55:00+00:00,242.5,242.5,242.5,242.5,1010,0.0,0.0
2025-07-15 05:00:00+00:00,242.5,244.0,242.5,244.0,5210,0.0,0.0
2025-07-15 05:05:00+00:00,244.0,244.5,244.0,244.5,5487,0.0,0.0
2025-07-15 05:10:00+00:00,244.0,244.0,243.0,243.0,12110,0.0,0.0
2025-07-15 05:15:00+00:00,243.0,243.0,242.5,243.0,6000,0.0,0.0
2025-07-15 05:20:00+00:00,243.5,244.0,243.0,243.0,34176,0.0,0.0
2025-07-16 01:00:00+00:00,248.0,248.0,248.0,248.0,0,0.0,0.0
2025-07-16 01:05:00+00:00,250.0,250.0,250.0,250.0,20805,0.0,0.0
2025-07-16 01:10:00+00:00,250.0,250.0,250.0,250.0,27370,0.0,0.0
2025-07-16 01:15:00+00:00,249.5,249.5,249.5,249.5,33780,0.0,0.0
2025-07-16 01:20:00+00:00,248.0,248.0,248.0,248.0,20150,0.0,0.0
2025-07-16 01:25:00+00:00,247.0,247.0,247.0,247.0,5520,0.0,0.0
2025-07-16 01:30:00+00:00,248.5,248.5,248.5,248.5,3928,0.0,0.0
2025-07-16 01:35:00+00:00,250.5,250.5,250.5,250.5,33871,0.0,0.0
2025-07-16 01:40:00+00:00,254.0,254.0,254.0,254.0,55153,0.0,0.0
2025-07-16 01:45:00+00:00,255.5,255.5,255.5,255.5,41771,0.0,0.0
2025-07-16 01:50:00+00:00,252.5,252.5,252.5,252.5,8143,0.0,0.0
2025-07-16 01:55:00+00:00,252.5,252.5,252.5,252.5,10225,0.0,0.0
2025-07-16 02:00:00+00:00,255.5,255.5,255.5,255.5,21714,0.0,0.0
2025-07-16 02:05:00+00:00,256.0,256.0,256.0,256.0,13170,0.0,0.0
2025-07-16 02:10:00+00:00,255.5,255.5,255.5,255.5,8084,0.0,0.0
2025-07-16 02:15:00+00:00,254.0,254.0,254.0,254.0,8142,0.0,0.0
2025-07-16 02:20:00+00:00,252.0,252.0,252.0,252.0,7549,0.0,0.0
2025-07-16 02:30:00+00:00,252.5,252.5,252.5,252.5,2048,0.0,0.0
2025-07-16 02:40:00+00:00,253.5,253.5,253.5,253.5,1137,0.0,0.0
2025-07-16 02:45:00+00:00,254.0,254.0,254.0,254.0,2100,0.0,0.0
2025-07-16 02:50:00+00:00,254.5,254.5,254.5,254.5,1267,0.0,0.0
2025-07-16 03:05:00+00:00,253.0,253.0,253.0,253.0,7000,0.0,0.0
2025-07-16 03:10:00+00:00,252.5,252.5,252.5,252.5,1000,0.0,0.0
2025-07-16 03:15:00+00:00,252.0,252.0,252.0,252.0,7000,0.0,0.0
2025-07-16 03:20:00+00:00,251.0,251.0,251.0,251.0,11578,0.0,0.0
2025-07-16 03:25:00+00:00,252.0,252.0,252.0,252.0,2032,0.0,0.0
2025-07-16 03:30:00+00:00,252.0,252.0,252.0,252.0,1000,0.0,0.0
2025-07-16 03:35:00+00:00,252.0,252.0,252.0,252.0,1265,0.0,0.0
2025-07-16 03:45:00+00:00,252.0,252.0,252.0,252.0,1070,0.0,0.0
2025-07-16 03:50:00+00:00,252.0,252.0,252.0,252.0,4051,0.0,0.0
2025-07-16 03:55:00+00:00,252.0,252.0,252.0,252.0,3020,0.0,0.0
2025-07-16 04:00:00+00:00,251.5,251.5,251.5,251.5,3170,0.0,0.0
2025-07-16 04:10:00+00:00,252.0,252.0,252.0,252.0,2012,0.0,0.0
2025-07-16 04:15:00+00:00,252.0,252.0,252.0,252.0,6129,0.0,0.0
2025-07-16 04:20:00+00:00,251.5,251.5,251.5,251.5,2174,0.0,0.0
2025-07-16 04:25:00+00:00,251.0,251.0,251.0,251.0,2090,0.0,0.0
2025-07-16 04:30:00+00:00,250.0,250.0,250.0,250.0,8026,0.0,0.0
2025-07-16 04:35:00+00:00,249.0,249.0,249.0,249.0,8000,0.0,0.0
2025-07-16 04:40:00+00:00,249.0,249.0,249.0,249.0,4000,0.0,0.0
2025-07-16 04:45:00+00:00,249.5,249.5,249.5,249.5,2200,0.0,0.0
2025-07-16 04:50:00+00:00,249.5,249.5,249.5,249.5,2217,0.0,0.0
2025-07-16 04:55:00+00:00,250.0,250.0,250.0,250.0,1000,0.0,0.0
2025-07-16 05:00:00+00:00,250.0,250.0,250.0,250.0,4148,0.0,0.0
2025-07-16 05:05:00+00:00,252.0,252.0,252.0,252.0,8253,0.0,0.0
2025-07-16 05:10:00+00:00,254.0,254.0,254.0,254.0,14000,0.0,0.0
2025-07-16 05:15:00+00:00,254.5,254.5,254.5,254.5,15778,0.0,0.0
2025-07-16 05:20:00+00:00,255.0,255.0,255.0,255.0,14697,0.0,0.0
2025-07-17 01:00:00+00:00,263.5,263.5,263.5,263.5,0,0.0,0.0
2025-07-17 01:05:00+00:00,265.0,265.0,265.0,265.0,37000,0.0,0.0
2025-07-17 01:10:00+00:00,268.0,268.0,268.0,268.0,39744,0.0,0.0
2025-07-17 01:15:00+00:00,268.0,268.0,268.0,268.0,32532,0.0,0.0
2025-07-17 01:20:00+00:00,267.5,267.5,267.5,267.5,15407,0.0,0.0
2025-07-17 01:25:00+00:00,267.5,267.5,267.5,267.5,11306,0.0,0.0
2025-07-17 01:30:00+00:00,265.5,265.5,265.5,265.5,15830,0.0,0.0
2025-07-17 01:35:00+00:00,266.0,266.0,266.0,266.0,14274,0.0,0.0
2025-07-17 01:40:00+00:00,265.0,265.0,265.0,265.0,8258,0.0,0.0
2025-07-17 01:45:00+00:00,266.0,266.0,266.0,266.0,7273,0.0,0.0
2025-07-17 01:50:00+00:00,268.0,268.0,268.0,268.0,13721,0.0,0.0
2025-07-17 01:55:00+00:00,272.0,272.0,272.0,272.0,36100,0.0,0.0
2025-07-17 02:00:00+00:00,275.0,275.0,275.0,275.0,27437,0.0,0.0
2025-07-17 02:05:00+00:00,276.0,276.0,276.0,276.0,40673,0.0,0.0
2025-07-17 02:10:00+00:00,272.0,272.0,272.0,272.0,13320,0.0,0.0
2025-07-17 02:15:00+00:00,276.5,276.5,276.5,276.5,14145,0.0,0.0
2025-07-17 02:20:00+00:00,279.5,279.5,279.5,279.5,27943,0.0,0.0
2025-07-17 02:25:00+00:00,280.0,280.0,280.0,280.0,17803,0.0,0.0
2025-07-17 02:30:00+00:00,281.5,281.5,281.5,281.5,19755,0.0,0.0
2025-07-17 02:35:00+00:00,282.5,282.5,282.5,282.5,66052,0.0,0.0
2025-07-17 02:40:00+00:00,282.5,282.5,282.5,282.5,39100,0.0,0.0
2025-07-17 02:45:00+00:00,282.5,282.5,282.5,282.5,11200,0.0,0.0
2025-07-17 02:50:00+00:00,282.5,282.5,282.5,282.5,9354,0.0,0.0
2025-07-17 02:55:00+00:00,282.5,282.5,282.5,282.5,14032,0.0,0.0
2025-07-17 03:00:00+00:00,282.5,282.5,282.5,282.5,1878,0.0,0.0
2025-07-17 03:05:00+00:00,282.5,282.5,282.5,282.5,4470,0.0,0.0
2025-07-17 03:10:00+00:00,282.5,282.5,282.5,282.5,9245,0.0,0.0
2025-07-17 03:15:00+00:00,282.5,282.5,282.5,282.5,3936,0.0,0.0
2025-07-17 03:20:00+00:00,282.5,282.5,282.5,282.5,11451,0.0,0.0
2025-07-17 03:25:00+00:00,282.5,282.5,282.5,282.5,9606,0.0,0.0
2025-07-17 03:30:00+00:00,282.5,282.5,282.5,282.5,5106,0.0,0.0
2025-07-17 03:40:00+00:00,282.5,282.5,282.5,282.5,7452,0.0,0.0
2025-07-17 03:50:00+00:00,282.5,282.5,282.5,282.5,2000,0.0,0.0
2025-07-17 03:55:00+00:00,282.5,282.5,282.5,282.5,2250,0.0,0.0
2025-07-17 04:05:00+00:00,282.5,282.5,282.5,282.5,1925,0.0,0.0
2025-07-17 04:10:00+00:00,282.5,282.5,282.5,282.5,3337,0.0,0.0
2025-07-17 04:15:00+00:00,282.5,282.5,282.5,282.5,13310,0.0,0.0
2025-07-17 04:20:00+00:00,282.5,282.5,282.5,282.5,6100,0.0,0.0
2025-07-17 04:25:00+00:00,282.5,282.5,282.5,282.5,8253,0.0,0.0
2025-07-17 04:30:00+00:00,282.5,282.5,282.5,282.5,8000,0.0,0.0
2025-07-17 04:35:00+00:00,282.5,282.5,282.5,282.5,1051,0.0,0.0
2025-07-17 04:40:00+00:00,282.5,282.5,282.5,282.5,1000,0.0,0.0
2025-07-17 04:45:00+00:00,282.5,282.5,282.5,282.5,1215,0.0,0.0
2025-07-17 05:10:00+00:00,282.5,282.5,282.5,282.5,2000,0.0,0.0
2025-07-17 05:15:00+00:00,282.5,282.5,282.5,282.5,1000,0.0,0.0
2025-07-18 01:00:00+00:00,283.0,283.0,283.0,283.0,0,0.0,0.0
2025-07-18 01:05:00+00:00,286.0,286.0,286.0,286.0,45981,0.0,0.0
2025-07-18 01:10:00+00:00,288.0,288.0,288.0,288.0,35048,0.0,0.0
2025-07-18 01:15:00+00:00,288.0,288.0,288.0,288.0,17218,0.0,0.0
2025-07-18 01:20:00+00:00,284.0,284.0,284.0,284.0,17273,0.0,0.0
2025-07-18 01:25:00+00:00,280.0,280.0,280.0,280.0,16208,0.0,0.0
2025-07-18 01:30:00+00:00,280.5,280.5,280.5,280.5,8542,0.0,0.0
2025-07-18 01:35:00+00:00,285.0,285.0,285.0,285.0,21348,0.0,0.0
2025-07-18 01:40:00+00:00,284.0,284.0,284.0,284.0,5135,0.0,0.0
2025-07-18 01:45:00+00:00,286.0,286.0,286.0,286.0,8636,0.0,0.0
2025-07-18 01:50:00+00:00,287.5,287.5,287.5,287.5,11460,0.0,0.0
2025-07-18 01:55:00+00:00,289.0,289.0,289.0,289.0,17932,0.0,0.0
2025-07-18 02:00:00+00:00,292.0,292.0,292.0,292.0,28480,0.0,0.0
2025-07-18 02:05:00+00:00,292.0,292.0,292.0,292.0,14172,0.0,0.0
2025-07-18 02:10:00+00:00,292.0,292.0,292.0,292.0,17132,0.0,0.0
2025-07-18 02:15:00+00:00,290.5,290.5,290.5,290.5,10098,0.0,0.0
2025-07-18 02:20:00+00:00,291.5,291.5,291.5,291.5,11202,0.0,0.0
2025-07-18 02:25:00+00:00,292.0,292.0,292.0,292.0,15200,0.0,0.0
2025-07-18 02:30:00+00:00,292.0,292.0,292.0,292.0,6099,0.0,0.0
2025-07-18 02:35:00+00:00,292.5,292.5,292.5,292.5,6099,0.0,0.0
2025-07-18 02:40:00+00:00,292.5,292.5,292.5,292.5,4092,0.0,0.0
2025-07-18 02:45:00+00:00,292.5,292.5,292.5,292.5,2317,0.0,0.0
2025-07-18 02:50:00+00:00,292.0,292.0,292.0,292.0,6325,0.0,0.0
2025-07-18 02:55:00+00:00,290.0,290.0,290.0,290.0,19079,0.0,0.0
2025-07-18 03:00:00+00:00,290.0,290.0,290.0,290.0,8080,0.0,0.0
2025-07-18 03:05:00+00:00,290.0,290.0,290.0,290.0,22123,0.0,0.0
2025-07-18 03:10:00+00:00,288.5,288.5,288.5,288.5,18131,0.0,0.0
2025-07-18 03:15:00+00:00,288.5,288.5,288.5,288.5,3110,0.0,0.0
2025-07-18 03:20:00+00:00,289.0,289.0,289.0,289.0,1215,0.0,0.0
2025-07-18 03:25:00+00:00,290.0,290.0,290.0,290.0,1455,0.0,0.0
2025-07-18 03:30:00+00:00,290.0,290.0,290.0,290.0,2144,0.0,0.0
2025-07-18 03:35:00+00:00,290.0,290.0,290.0,290.0,5050,0.0,0.0
2025-07-18 03:40:00+00:00,290.0,290.0,290.0,290.0,3001,0.0,0.0
2025-07-18 03:45:00+00:00,290.0,290.0,290.0,290.0,12060,0.0,0.0
2025-07-18 03:50:00+00:00,290.0,290.0,290.0,290.0,2045,0.0,0.0
2025-07-18 03:55:00+00:00,290.5,290.5,290.5,290.5,2220,0.0,0.0
2025-07-18 04:00:00+00:00,291.0,291.0,291.0,291.0,4360,0.0,0.0
2025-07-18 04:05:00+00:00,291.5,291.5,291.5,291.5,3250,0.0,0.0
2025-07-18 04:10:00+00:00,292.0,292.0,292.0,292.0,7336,0.0,0.0
2025-07-18 04:15:00+00:00,292.5,292.5,292.5,292.5,7830,0.0,0.0
2025-07-18 04:20:00+00:00,293.5,293.5,293.5,293.5,12664,0.0,0.0
2025-07-18 04:25:00+00:00,295.0,295.0,295.0,295.0,16386,0.0,0.0
2025-07-18 04:30:00+00:00,295.0,295.0,295.0,295.0,23323,0.0,0.0
2025-07-18 04:35:00+00:00,294.0,294.0,294.0,294.0,11128,0.0,0.0
2025-07-18 04:40:00+00:00,294.0,294.0,294.0,294.0,11050,0.0,0.0
2025-07-18 04:45:00+00:00,294.5,294.5,294.5,294.5,8060,0.0,0.0
2025-07-18 04:50:00+00:00,293.5,293.5,293.5,293.5,5000,0.0,0.0
2025-07-18 04:55:00+00:00,294.0,294.0,294.0,294.0,4021,0.0,0.0
2025-07-18 05:00:00+00:00,294.0,294.0,294.0,294.0,2077,0.0,0.0
2025-07-18 05:05:00+00:00,294.0,294.0,294.0,294.0,5020,0.0,0.0
2025-07-18 05:10:00+00:00,291.5,291.5,291.5,291.5,17015,0.0,0.0
2025-07-18 05:15:00+00:00,291.5,291.5,291.5,291.5,6145,0.0,0.0
2025-07-18 05:20:00+00:00,291.0,291.0,291.0,291.0,10177,0.0,0.0
2025-07-21 01:00:00+00:00,288.5,288.5,288.5,288.5,0,0.0,0.0
2025-07-21 01:20:00+00:00,288.5,288.5,288.5,288.5,17155,0.0,0.0
2025-07-21 01:40:00+00:00,292.0,292.0,292.0,292.0,10142,0.0,0.0
2025-07-21 02:00:00+00:00,294.0,294.0,294.0,294.0,10409,0.0,0.0
2025-07-21 02:20:00+00:00,294.5,294.5,294.5,294.5,9089,0.0,0.0
2025-07-21 02:40:00+00:00,295.0,295.0,295.0,295.0,5212,0.0,0.0
2025-07-21 03:00:00+00:00,291.5,291.5,291.5,291.5,13599,0.0,0.0
2025-07-21 03:20:00+00:00,290.0,290.0,290.0,290.0,12259,0.0,0.0
2025-07-21 03:40:00+00:00,287.5,287.5,287.5,287.5,12510,0.0,0.0
2025-07-21 04:00:00+00:00,285.5,285.5,285.5,285.5,11226,0.0,0.0
2025-07-21 04:20:00+00:00,283.5,283.5,283.5,283.5,11578,0.0,0.0
2025-07-21 04:40:00+00:00,284.0,284.0,284.0,284.0,11530,0.0,0.0
2025-07-21 05:00:00+00:00,285.0,285.0,285.0,285.0,9834,0.0,0.0
2025-07-21 05:20:00+00:00,288.0,288.0,288.0,288.0,12000,0.0,0.0
2025-07-22 01:00:00+00:00,287.0,287.0,287.0,287.0,0,0.0,0.0
2025-07-22 01:20:00+00:00,283.5,283.5,283.5,283.5,24992,0.0,0.0
2025-07-22 01:40:00+00:00,280.5,280.5,280.5,280.5,11261,0.0,0.0
2025-07-22 02:00:00+00:00,281.5,281.5,281.5,281.5,12000,0.0,0.0
2025-07-22 02:20:00+00:00,284.0,284.0,284.0,284.0,10277,0.0,0.0
2025-07-22 02:40:00+00:00,282.0,282.0,282.0,282.0,5643,0.0,0.0
2025-07-22 03:00:00+00:00,275.0,275.0,275.0,275.0,27474,0.0,0.0
2025-07-22 03:20:00+00:00,270.0,270.0,270.0,270.0,35797,0.0,0.0
2025-07-22 03:40:00+00:00,265.0,265.0,265.0,265.0,55510,0.0,0.0
2025-07-22 04:00:00+00:00,268.0,268.0,268.0,268.0,41055,0.0,0.0
2025-07-22 04:20:00+00:00,269.5,269.5,269.5,269.5,6200,0.0,0.0
2025-07-22 04:40:00+00:00,269.0,269.0,269.0,269.0,12578,0.0,0.0
2025-07-22 05:00:00+00:00,268.0,268.0,268.0,268.0,13524,0.0,0.0
2025-07-22 05:20:00+00:00,263.0,263.0,263.0,263.0,42000,0.0,0.0
2025-07-23 01:00:00+00:00,267.0,267.0,267.0,267.0,0,0.0,0.0
2025-07-23 01:20:00+00:00,268.0,268.0,268.0,268.0,13205,0.0,0.0
2025-07-23 01:40:00+00:00,268.0,268.0,268.0,268.0,9657,0.0,0.0
2025-07-23 02:00:00+00:00,267.0,267.0,267.0,267.0,7622,0.0,0.0
2025-07-23 02:20:00+00:00,267.0,267.0,267.0,267.0,7650,0.0,0.0
2025-07-23 02:40:00+00:00,268.5,268.5,268.5,268.5,9367,0.0,0.0
2025-07-23 03:00:00+00:00,269.0,269.0,269.0,269.0,10601,0.0,0.0
2025-07-23 03:20:00+00:00,271.0,271.0,271.0,271.0,9055,0.0,0.0
2025-07-23 03:40:00+00:00,272.0,272.0,272.0,272.0,6000,0.0,0.0
2025-07-23 04:00:00+00:00,273.0,273.0,273.0,273.0,3323,0.0,0.0
2025-07-23 04:20:00+00:00,272.0,272.0,272.0,272.0,1050,0.0,0.0
2025-07-23 04:40:00+00:00,271.5,271.5,271.5,271.5,1053,0.0,0.0
2025-07-23 05:00:00+00:00,267.0,267.0,267.0,267.0,3320,0.0,0.0
2025-07-23 05:20:00+00:00,268.0,268.0,268.0,268.0,7000,0.0,0.0
2025-07-24 01:00:00+00:00,273.0,273.0,273.0,273.0,0,0.0,0.0
2025-07-24 01:20:00+00:00,273.0,273.0,273.0,273.0,7279,0.0,0.0
2025-07-24 01:40:00+00:00,273.0,273.0,273.0,273.0,10500,0.0,0.0
2025-07-24 02:00:00+00:00,272.5,272.5,272.5,272.5,9690,0.0,0.0
2025-07-24 02:20:00+00:00,271.0,271.0,271.0,271.0,8000,0.0,0.0
2025-07-24 02:40:00+00:00,272.5,272.5,272.5,272.5,15561,0.0,0.0
2025-07-24 03:00:00+00:00,273.0,273.0,273.0,273.0,10286,0.0,0.0
2025-07-24 03:20:00+00:00,275.0,275.0,275.0,275.0,13105,0.0,0.0
2025-07-24 03:40:00+00:00,276.0,276.0,276.0,276.0,5110,0.0,0.0
2025-07-24 04:00:00+00:00,276.5,276.5,276.5,276.5,6128,0.0,0.0
2025-07-24 04:20:00+00:00,273.5,273.5,273.5,273.5,7120,0.0,0.0
2025-07-24 04:40:00+00:00,272.5,272.5,272.5,272.5,4275,0.0,0.0
2025-07-24 05:00:00+00:00,271.0,271.0,271.0,271.0,6218,0.0,0.0
2025-07-24 05:20:00+00:00,269.0,269.0,269.0,269.0,10000,0.0,0.0
2025-07-25 01:00:00+00:00,269.0,269.0,269.0,269.0,0,0.0,0.0
2025-07-25 01:20:00+00:00,270.5,270.5,270.5,270.5,12000,0.0,0.0
2025-07-25 01:40:00+00:00,269.5,269.5,269.5,269.5,14277,0.0,0.0
2025-07-25 02:00:00+00:00,269.0,269.0,269.0,269.0,8924,0.0,0.0
2025-07-25 02:20:00+00:00,270.5,270.5,270.5,270.5,13832,0.0,0.0
2025-07-25 02:40:00+00:00,272.0,272.0,272.0,272.0,25149,0.0,0.0
2025-07-25 03:00:00+00:00,268.0,268.0,268.0,268.0,20210,0.0,0.0
2025-07-25 03:20:00+00:00,268.0,268.0,268.0,268.0,7682,0.0,0.0
2025-07-25 03:40:00+00:00,268.0,268.0,268.0,268.0,6001,0.0,0.0
2025-07-25 04:00:00+00:00,268.0,268.0,268.0,268.0,11000,0.0,0.0
2025-07-25 04:20:00+00:00,268.0,268.0,268.0,268.0,42800,0.0,0.0
2025-07-25 04:40:00+00:00,268.0,268.0,268.0,268.0,16050,0.0,0.0
2025-07-25 05:00:00+00:00,268.0,268.0,268.0,268.0,5200,0.0,0.0
2025-07-25 05:20:00+00:00,268.0,268.0,268.0,268.0,8000,0.0,0.0
2025-07-28 01:00:00+00:00,270.0,270.0,270.0,270.0,0,0.0,0.0
2025-07-28 01:20:00+00:00,269.5,269.5,269.5,269.5,11617,0.0,0.0
2025-07-28 01:40:00+00:00,269.5,269.5,269.5,269.5,7730,0.0,0.0
2025-07-28 02:00:00+00:00,270.0,270.0,270.0,270.0,10204,0.0,0.0
2025-07-28 02:20:00+00:00,271.5,271.5,271.5,271.5,16108,0.0,0.0
2025-07-28 02:40:00+00:00,272.0,272.0,272.0,272.0,14000,0.0,0.0
2025-07-28 03:00:00+00:00,271.0,271.0,271.0,271.0,12521,0.0,0.0
2025-07-28 03:20:00+00:00,272.5,272.5,272.5,272.5,7089,0.0,0.0
2025-07-28 03:40:00+00:00,273.0,273.0,273.0,273.0,6313,0.0,0.0
2025-07-28 04:00:00+00:00,274.0,274.0,274.0,274.0,7078,0.0,0.0
2025-07-28 04:20:00+00:00,275.0,275.0,275.0,275.0,9072,0.0,0.0
2025-07-28 04:40:00+00:00,275.0,275.0,275.0,275.0,3100,0.0,0.0
2025-07-28 05:00:00+00:00,277.5,277.5,277.5,277.5,21578,0.0,0.0
2025-07-28 05:20:00+00:00,279.0,279.0,279.0,279.0,9000,0.0,0.0
2025-07-29 01:00:00+00:00,279.0,279.0,279.0,279.0,0,0.0,0.0
2025-07-29 01:20:00+00:00,275.0,275.0,275.0,275.0,4145,0.0,0.0
2025-07-29 01:40:00+00:00,277.0,277.0,277.0,277.0,7072,0.0,0.0
2025-07-29 02:00:00+00:00,268.0,268.0,268.0,268.0,14418,0.0,0.0
2025-07-29 02:20:00+00:00,274.0,274.0,274.0,274.0,7164,0.0,0.0
2025-07-29 02:40:00+00:00,269.0,269.0,269.0,269.0,4430,0.0,0.0
2025-07-29 03:00:00+00:00,270.0,270.0,270.0,270.0,5123,0.0,0.0
2025-07-29 03:20:00+00:00,271.0,271.0,271.0,271.0,4046,0.0,0.0
2025-07-29 03:40:00+00:00,271.0,271.0,271.0,271.0,1000,0.0,0.0
2025-07-29 04:00:00+00:00,272.0,272.0,272.0,272.0,1000,0.0,0.0
2025-07-29 04:20:00+00:00,272.0,272.0,272.0,272.0,4019,0.0,0.0
2025-07-29 04:40:00+00:00,272.5,272.5,272.5,272.5,4620,0.0,0.0
2025-07-29 05:00:00+00:00,270.5,270.5,270.5,270.5,4100,0.0,0.0
2025-07-29 05:20:00+00:00,273.0,273.0,273.0,273.0,5000,0.0,0.0
2025-07-30 01:00:00+00:00,270.5,270.5,270.5,270.5,0,0.0,0.0
2025-07-30 01:20:00+00:00,270.5,270.5,270.5,270.5,7160,0.0,0.0
2025-07-30 01:40:00+00:00,271.0,271.0,271.0,271.0,2030,0.0,0.0
2025-07-30 02:00:00+00:00,272.5,272.5,272.5,272.5,4020,0.0,0.0
2025-07-30 02:20:00+00:00,273.0,273.0,273.0,273.0,4012,0.0,0.0
2025-07-30 02:40:00+00:00,272.5,272.5,272.5,272.5,4000,0.0,0.0
2025-07-30 03:00:00+00:00,273.5,273.5,273.5,273.5,1260,0.0,0.0
2025-07-30 03:20:00+00:00,276.5,276.5,276.5,276.5,6400,0.0,0.0
2025-07-30 03:40:00+00:00,276.0,276.0,276.0,276.0,1000,0.0,0.0
2025-07-30 04:00:00+00:00,276.0,276.0,276.0,276.0,5000,0.0,0.0
2025-07-30 04:20:00+00:00,276.0,276.0,276.0,276.0,4104,0.0,0.0
2025-07-30 04:40:00+00:00,276.0,276.0,276.0,276.0,2005,0.0,0.0
2025-07-30 05:00:00+00:00,276.0,276.0,276.0,276.0,2205,0.0,0.0
2025-07-30 05:20:00+00:00,275.5,275.5,275.5,275.5,18000,0.0,0.0
2025-07-31 01:00:00+00:00,272.5,272.5,272.5,272.5,0,0.0,0.0
2025-07-31 01:20:00+00:00,276.0,276.0,276.0,276.0,5009,0.0,0.0
2025-07-31 01:40:00+00:00,276.0,276.0,276.0,276.0,9510,0.0,0.0
2025-07-31 02:00:00+00:00,279.0,279.0,279.0,279.0,6410,0.0,0.0
2025-07-31 02:20:00+00:00,281.5,281.5,281.5,281.5,10111,0.0,0.0
2025-07-31 02:40:00+00:00,283.0,283.0,283.0,283.0,11296,0.0,0.0
2025-07-31 03:00:00+00:00,283.0,283.0,283.0,283.0,16856,0.0,0.0
2025-07-31 03:20:00+00:00,282.0,282.0,282.0,282.0,11030,0.0,0.0
2025-07-31 03:40:00+00:00,280.5,280.5,280.5,280.5,9053,0.0,0.0
2025-07-31 04:00:00+00:00,281.5,281.5,281.5,281.5,6050,0.0,0.0
2025-07-31 04:20:00+00:00,281.5,281.5,281.5,281.5,4000,0.0,0.0
2025-07-31 04:40:00+00:00,281.5,281.5,281.5,281.5,4908,0.0,0.0
2025-07-31 05:00:00+00:00,280.0,280.0,280.0,280.0,6193,0.0,0.0
2025-07-31 05:20:00+00:00,278.5,278.5,278.5,278.5,4000,0.0,0.0
2025-08-01 01:00:00+00:00,272.0,272.0,272.0,272.0,0,0.0,0.0
2025-08-01 01:20:00+00:00,277.5,277.5,277.5,277.5,4221,0.0,0.0
2025-08-01 01:40:00+00:00,282.5,282.5,282.5,282.5,4144,0.0,0.0
2025-08-01 02:00:00+00:00,283.5,283.5,283.5,283.5,11270,0.0,0.0
2025-08-01 02:20:00+00:00,283.5,283.5,283.5,283.5,9400,0.0,0.0
2025-08-01 02:40:00+00:00,283.0,283.0,283.0,283.0,7235,0.0,0.0
2025-08-01 03:00:00+00:00,287.0,287.0,287.0,287.0,19870,0.0,0.0
2025-08-01 03:20:00+00:00,293.0,293.0,293.0,293.0,24748,0.0,0.0
2025-08-01 03:40:00+00:00,293.0,293.0,293.0,293.0,23280,0.0,0.0
2025-08-01 04:00:00+00:00,290.5,290.5,290.5,290.5,22100,0.0,0.0
2025-08-01 04:20:00+00:00,292.0,292.0,292.0,292.0,2000,0.0,0.0
2025-08-01 04:40:00+00:00,293.0,293.0,293.0,293.0,7543,0.0,0.0
2025-08-01 05:00:00+00:00,295.0,295.0,295.0,295.0,16204,0.0,0.0
2025-08-01 05:20:00+00:00,296.0,296.0,296.0,296.0,16000,0.0,0.0
2025-08-04 01:00:00+00:00,280.5,280.5,267.5,267.5,0,0.0,0.0
2025-08-04 01:05:00+00:00,267.5,267.5,267.5,267.5,23208,0.0,0.0
2025-08-04 01:10:00+00:00,267.5,277.5,267.5,276.0,216432,0.0,0.0
2025-08-04 01:15:00+00:00,275.5,276.0,273.0,275.5,28148,0.0,0.0
2025-08-04 01:20:00+00:00,276.0,282.5,275.0,281.0,61159,0.0,0.0
2025-08-04 01:25:00+00:00,281.0,284.0,280.0,282.0,50885,0.0,0.0
2025-08-04 01:30:00+00:00,280.5,285.0,279.5,283.0,45867,0.0,0.0
2025-08-04 01:35:00+00:00,282.5,285.5,282.5,285.0,39467,0.0,0.0
2025-08-04 01:40:00+00:00,285.5,288.0,283.5,284.0,60015,0.0,0.0
2025-08-04 01:45:00+00:00,284.0,284.0,282.0,284.0,14405,0.0,0.0
2025-08-04 01:50:00+00:00,284.5,289.0,284.5,289.0,44720,0.0,0.0
2025-08-04 01:55:00+00:00,288.5,291.5,288.0,290.0,49233,0.0,0.0
2025-08-04 02:00:00+00:00,289.0,289.0,282.5,283.0,47499,0.0,0.0
2025-08-04 02:05:00+00:00,283.0,284.5,283.0,283.5,20810,0.0,0.0
2025-08-04 02:10:00+00:00,285.0,285.5,284.0,284.0,13084,0.0,0.0
2025-08-04 02:15:00+00:00,285.0,286.5,285.0,285.5,8705,0.0,0.0
2025-08-04 02:20:00+00:00,286.0,286.5,286.0,286.5,5469,0.0,0.0
2025-08-04 02:25:00+00:00,286.5,287.0,284.5,284.5,20613,0.0,0.0
2025-08-04 02:30:00+00:00,284.0,284.0,283.0,283.0,27155,0.0,0.0
2025-08-04 02:35:00+00:00,283.5,283.5,273.5,273.5,110544,0.0,0.0
2025-08-04 02:40:00+00:00,273.5,275.0,267.5,267.5,215470,0.0,0.0
2025-08-04 02:45:00+00:00,267.5,269.0,267.5,268.5,58589,0.0,0.0
2025-08-04 02:50:00+00:00,268.5,268.5,267.5,267.5,77372,0.0,0.0
2025-08-04 02:55:00+00:00,267.5,267.5,267.5,267.5,7079,0.0,0.0
2025-08-04 03:00:00+00:00,267.5,267.5,267.5,267.5,7231,0.0,0.0
2025-08-04 03:05:00+00:00,267.5,267.5,267.5,267.5,9630,0.0,0.0
2025-08-04 03:10:00+00:00,267.5,267.5,267.5,267.5,6626,0.0,0.0
2025-08-04 03:15:00+00:00,267.5,267.5,267.5,267.5,1005,0.0,0.0
2025-08-04 03:20:00+00:00,267.5,267.5,267.5,267.5,6034,0.0,0.0
2025-08-04 03:35:00+00:00,267.5,267.5,267.5,267.5,1400,0.0,0.0
2025-08-04 03:45:00+00:00,267.5,267.5,267.5,267.5,14221,0.0,0.0
2025-08-04 03:50:00+00:00,267.5,267.5,267.5,267.5,1112,0.0,0.0
2025-08-04 03:55:00+00:00,267.5,267.5,267.5,267.5,2005,0.0,0.0
2025-08-04 04:00:00+00:00,267.5,267.5,267.5,267.5,16013,0.0,0.0
2025-08-04 04:05:00+00:00,267.5,269.5,267.5,269.5,56584,0.0,0.0
2025-08-04 04:10:00+00:00,269.0,269.0,267.5,268.0,16361,0.0,0.0
2025-08-04 04:15:00+00:00,268.5,268.5,268.0,268.0,4030,0.0,0.0
2025-08-04 04:20:00+00:00,267.5,267.5,267.5,267.5,22664,0.0,0.0
2025-08-04 04:35:00+00:00,267.5,267.5,267.5,267.5,1900,0.0,0.0
2025-08-04 04:40:00+00:00,267.5,267.5,267.5,267.5,1073,0.0,0.0
2025-08-04 04:45:00+00:00,267.5,267.5,267.5,267.5,3297,0.0,0.0
2025-08-04 04:50:00+00:00,267.5,267.5,267.5,267.5,6202,0.0,0.0
2025-08-04 04:55:00+00:00,267.5,267.5,267.5,267.5,19242,0.0,0.0
2025-08-04 05:00:00+00:00,267.5,268.0,267.5,268.0,12582,0.0,0.0
2025-08-04 05:05:00+00:00,267.5,268.0,267.5,267.5,8263,0.0,0.0
2025-08-04 05:10:00+00:00,267.5,267.5,267.5,267.5,7152,0.0,0.0
2025-08-04 05:15:00+00:00,267.5,267.5,267.5,267.5,4061,0.0,0.0
2025-08-04 05:20:00+00:00,267.5,267.5,267.5,267.5,9500,0.0,0.0
2025-08-05 01:00:00+00:00,272.0,276.0,265.5,267.0,0,0.0,0.0
2025-08-05 01:05:00+00:00,267.5,271.0,266.5,267.5,40000,0.0,0.0
2025-08-05 01:10:00+00:00,267.5,267.5,265.5,266.0,30228,0.0,0.0
2025-08-05 01:15:00+00:00,266.0,268.5,266.0,267.0,8209,0.0,0.0
2025-08-05 01:20:00+00:00,266.5,267.0,266.5,266.5,4096,0.0,0.0
2025-08-05 01:25:00+00:00,266.5,266.5,264.5,266.0,29591,0.0,0.0
2025-08-05 01:30:00+00:00,267.0,267.0,266.0,266.0,5319,0.0,0.0
2025-08-05 01:35:00+00:00,266.0,271.0,265.5,271.0,37164,0.0,0.0
2025-08-05 01:40:00+00:00,270.0,270.0,269.0,269.5,9405,0.0,0.0
2025-08-05 01:45:00+00:00,269.5,274.0,269.5,271.5,29111,0.0,0.0
2025-08-05 01:50:00+00:00,271.0,271.5,270.5,270.5,7111,0.0,0.0
2025-08-05 01:55:00+00:00,270.5,271.0,269.5,269.5,22362,0.0,0.0
2025-08-05 02:00:00+00:00,270.5,270.5,268.5,269.0,22005,0.0,0.0
2025-08-05 02:05:00+00:00,268.5,269.0,268.0,268.0,9030,0.0,0.0
2025-08-05 02:10:00+00:00,268.0,269.5,268.0,269.0,4200,0.0,0.0
2025-08-05 02:15:00+00:00,268.5,268.5,268.0,268.0,11207,0.0,0.0
2025-08-05 02:20:00+00:00,268.0,268.5,268.0,268.5,11200,0.0,0.0
2025-08-05 02:25:00+00:00,268.0,268.0,268.0,268.0,12034,0.0,0.0
2025-08-05 02:30:00+00:00,268.5,269.0,268.0,268.0,5202,0.0,0.0
2025-08-05 02:35:00+00:00,268.0,268.0,268.0,268.0,1042,0.0,0.0
2025-08-05 02:40:00+00:00,268.0,268.0,268.0,268.0,1512,0.0,0.0
2025-08-05 02:45:00+00:00,268.0,268.0,267.5,267.5,6210,0.0,0.0
2025-08-05 02:50:00+00:00,268.0,268.0,266.0,266.0,25805,0.0,0.0
2025-08-05 02:55:00+00:00,265.5,266.0,265.5,266.0,13319,0.0,0.0
2025-08-05 03:00:00+00:00,266.0,266.0,264.5,264.5,46016,0.0,0.0
2025-08-05 03:05:00+00:00,264.5,264.5,264.0,264.0,25945,0.0,0.0
2025-08-05 03:10:00+00:00,264.0,264.0,264.0,264.0,7565,0.0,0.0
2025-08-05 03:15:00+00:00,264.5,264.5,260.5,260.5,68523,0.0,0.0
2025-08-05 03:20:00+00:00,260.5,260.5,258.0,259.0,33472,0.0,0.0
2025-08-05 03:25:00+00:00,259.5,260.5,258.5,258.5,22022,0.0,0.0
2025-08-05 03:30:00+00:00,258.0,258.0,256.0,256.0,42327,0.0,0.0
2025-08-05 03:35:00+00:00,255.5,256.5,253.0,256.5,74039,0.0,0.0
2025-08-05 03:40:00+00:00,256.5,257.0,256.0,257.0,9331,0.0,0.0
2025-08-05 03:45:00+00:00,257.0,260.0,257.0,259.0,18217,0.0,0.0
2025-08-05 03:50:00+00:00,258.5,258.5,258.0,258.0,5406,0.0,0.0
2025-08-05 03:55:00+00:00,258.0,258.0,258.0,258.0,2145,0.0,0.0
2025-08-05 04:00:00+00:00,259.5,260.0,258.5,258.5,5127,0.0,0.0
2025-08-05 04:05:00+00:00,258.0,258.0,258.0,258.0,2200,0.0,0.0
2025-08-05 04:10:00+00:00,257.5,257.5,256.0,256.5,7533,0.0,0.0
2025-08-05 04:15:00+00:00,257.5,258.0,257.5,257.5,9067,0.0,0.0
2025-08-05 04:20:00+00:00,257.5,259.0,257.0,257.0,4437,0.0,0.0
2025-08-05 04:25:00+00:00,258.0,260.0,257.5,257.5,8100,0.0,0.0
2025-08-05 04:30:00+00:00,258.0,258.0,258.0,258.0,2104,0.0,0.0
2025-08-05 04:35:00+00:00,258.0,259.0,258.0,259.0,2196,0.0,0.0
2025-08-05 04:40:00+00:00,258.0,258.0,258.0,258.0,1030,0.0,0.0
2025-08-05 04:45:00+00:00,257.5,258.0,257.0,258.0,7394,0.0,0.0
2025-08-05 04:50:00+00:00,258.0,259.0,258.0,258.5,5072,0.0,0.0
2025-08-05 04:55:00+00:00,259.5,259.5,259.0,259.0,3134,0.0,0.0
2025-08-05 05:00:00+00:00,260.0,261.0,260.0,261.0,9734,0.0,0.0
2025-08-05 05:05:00+00:00,260.5,263.0,260.0,262.5,15094,0.0,0.0
2025-08-05 05:10:00+00:00,261.5,262.5,261.0,262.5,9202,0.0,0.0
2025-08-05 05:15:00+00:00,261.0,262.0,261.0,262.0,5007,0.0,0.0
2025-08-05 05:20:00+00:00,262.0,262.5,262.0,262.5,21484,0.0,0.0
2025-08-06 01:00:00+00:00,263.5,265.0,261.5,263.0,0,0.0,0.0
2025-08-06 01:05:00+00:00,264.0,264.0,262.0,262.0,15111,0.0,0.0
2025-08-06 01:10:00+00:00,261.0,261.0,259.5,260.0,36176,0.0,0.0
2025-08-06 01:15:00+00:00,260.0,260.0,259.5,259.5,5230,0.0,0.0
2025-08-06 01:20:00+00:00,259.0,260.0,258.5,260.0,12464,0.0,0.0
2025-08-06 01:25:00+00:00,260.0,261.0,258.5,258.5,15048,0.0,0.0
2025-08-06 01:30:00+00:00,258.0,258.0,257.0,257.0,13396,0.0,0.0
2025-08-06 01:35:00+00:00,257.5,257.5,256.5,256.5,8620,0.0,0.0
2025-08-06 01:40:00+00:00,256.5,256.5,256.0,256.0,11755,0.0,0.0
2025-08-06 01:45:00+00:00,256.0,256.5,255.5,256.5,11469,0.0,0.0
2025-08-06 01:50:00+00:00,257.0,257.0,256.0,256.5,5510,0.0,0.0
2025-08-06 01:55:00+00:00,255.5,255.5,252.5,252.5,42446,0.0,0.0
2025-08-06 02:00:00+00:00,253.0,253.0,252.5,253.0,17690,0.0,0.0
2025-08-06 02:05:00+00:00,254.0,255.0,254.0,255.0,5612,0.0,0.0
2025-08-06 02:10:00+00:00,254.5,255.0,254.5,254.5,6004,0.0,0.0
2025-08-06 02:15:00+00:00,254.5,254.5,253.5,253.5,10223,0.0,0.0
2025-08-06 02:20:00+00:00,253.0,253.0,251.5,251.5,11400,0.0,0.0
2025-08-06 02:25:00+00:00,251.5,252.5,250.5,251.5,30651,0.0,0.0
2025-08-06 02:30:00+00:00,251.5,252.5,251.0,251.0,10052,0.0,0.0
2025-08-06 02:35:00+00:00,253.0,253.5,253.0,253.5,2090,0.0,0.0
2025-08-06 02:40:00+00:00,255.0,257.0,255.0,257.0,10000,0.0,0.0
2025-08-06 02:45:00+00:00,257.5,259.0,257.5,258.0,8168,0.0,0.0
2025-08-06 02:50:00+00:00,256.5,260.5,256.5,260.5,15122,0.0,0.0
2025-08-06 02:55:00+00:00,261.0,262.5,259.5,262.5,20140,0.0,0.0
2025-08-06 03:00:00+00:00,262.5,262.5,261.0,261.0,10024,0.0,0.0
2025-08-06 03:05:00+00:00,260.5,263.0,260.0,263.0,10130,0.0,0.0
2025-08-06 03:10:00+00:00,261.0,261.0,257.0,257.0,8121,0.0,0.0
2025-08-06 03:15:00+00:00,256.0,257.0,256.0,257.0,4021,0.0,0.0
2025-08-06 03:20:00+00:00,257.0,257.0,257.0,257.0,2000,0.0,0.0
2025-08-06 03:25:00+00:00,257.5,257.5,257.0,257.0,6315,0.0,0.0
2025-08-06 03:35:00+00:00,256.0,256.0,255.0,255.0,8091,0.0,0.0
2025-08-06 03:40:00+00:00,255.0,255.0,255.0,255.0,8066,0.0,0.0
2025-08-06 03:45:00+00:00,255.0,255.0,255.0,255.0,3077,0.0,0.0
2025-08-06 03:55:00+00:00,254.5,254.5,253.0,253.5,15394,0.0,0.0
2025-08-06 04:00:00+00:00,253.5,254.0,253.5,254.0,6054,0.0,0.0
2025-08-06 04:05:00+00:00,254.0,254.5,254.0,254.5,5000,0.0,0.0
2025-08-06 04:10:00+00:00,254.0,255.0,254.0,255.0,3016,0.0,0.0
2025-08-06 04:15:00+00:00,255.5,255.5,255.0,255.0,3105,0.0,0.0
2025-08-06 04:25:00+00:00,255.0,255.0,255.0,255.0,2045,0.0,0.0
2025-08-06 04:30:00+00:00,255.0,255.0,254.0,254.0,3000,0.0,0.0
2025-08-06 04:35:00+00:00,253.5,253.5,253.5,253.5,6328,0.0,0.0
2025-08-06 04:40:00+00:00,253.5,253.5,253.5,253.5,1322,0.0,0.0
2025-08-06 04:45:00+00:00,253.0,254.0,253.0,254.0,19441,0.0,0.0
2025-08-06 04:50:00+00:00,254.5,254.5,254.0,254.0,2016,0.0,0.0
2025-08-06 04:55:00+00:00,254.0,254.0,254.0,254.0,3001,0.0,0.0
2025-08-06 05:00:00+00:00,254.5,255.0,254.5,255.0,6011,0.0,0.0
2025-08-06 05:05:00+00:00,255.0,256.5,255.0,256.5,10000,0.0,0.0
2025-08-06 05:10:00+00:00,256.5,256.5,255.5,255.5,6054,0.0,0.0
2025-08-06 05:15:00+00:00,255.0,255.0,254.0,254.0,10495,0.0,0.0
2025-08-06 05:20:00+00:00,254.0,255.0,254.0,255.0,12932,0.0,0.0
2025-08-07 01:00:00+00:00,258.0,260.0,258.0,260.0,0,0.0,0.0
2025-08-07 01:05:00+00:00,260.0,260.0,258.0,258.0,10100,0.0,0.0
2025-08-07 01:10:00+00:00,257.0,263.5,257.0,263.0,29706,0.0,0.0
2025-08-07 01:15:00+00:00,263.0,265.0,260.0,260.0,24964,0.0,0.0
2025-08-07 01:20:00+00:00,261.5,261.5,260.5,260.5,5011,0.0,0.0
2025-08-07 01:25:00+00:00,261.0,262.5,261.0,262.5,2001,0.0,0.0
2025-08-07 01:30:00+00:00,262.5,265.5,262.5,265.5,12204,0.0,0.0
2025-08-07 01:35:00+00:00,266.0,266.0,265.0,265.0,6139,0.0,0.0
2025-08-07 01:40:00+00:00,264.0,264.0,258.0,259.5,20311,0.0,0.0
2025-08-07 01:45:00+00:00,259.5,260.5,259.5,260.5,2065,0.0,0.0
2025-08-07 01:50:00+00:00,260.5,260.5,260.5,260.5,1095,0.0,0.0
2025-08-07 01:55:00+00:00,259.5,259.5,259.0,259.0,4047,0.0,0.0
2025-08-07 02:00:00+00:00,259.0,259.0,259.0,259.0,2390,0.0,0.0
2025-08-07 02:05:00+00:00,259.5,261.0,259.5,261.0,7341,0.0,0.0
2025-08-07 02:10:00+00:00,261.0,261.0,261.0,261.0,1342,0.0,0.0
2025-08-07 02:15:00+00:00,260.0,260.0,260.0,260.0,1065,0.0,0.0
2025-08-07 02:25:00+00:00,260.0,260.0,260.0,260.0,2137,0.0,0.0
2025-08-07 02:30:00+00:00,260.0,260.0,260.0,260.0,1200,0.0,0.0
2025-08-07 02:35:00+00:00,259.0,259.0,259.0,259.0,2100,0.0,0.0
2025-08-07 02:40:00+00:00,258.5,258.5,258.5,258.5,1000,0.0,0.0
2025-08-07 02:45:00+00:00,258.5,258.5,257.5,257.5,11160,0.0,0.0
2025-08-07 02:50:00+00:00,257.5,257.5,257.5,257.5,3050,0.0,0.0
2025-08-07 02:55:00+00:00,257.5,257.5,257.5,257.5,1005,0.0,0.0
2025-08-07 03:05:00+00:00,257.5,257.5,257.5,257.5,2100,0.0,0.0
2025-08-07 03:10:00+00:00,257.5,257.5,257.5,257.5,1004,0.0,0.0
2025-08-07 03:20:00+00:00,257.0,257.0,256.0,256.0,4464,0.0,0.0
2025-08-07 03:25:00+00:00,256.5,256.5,255.5,255.5,7389,0.0,0.0
2025-08-07 03:30:00+00:00,255.0,256.0,254.5,255.5,8209,0.0,0.0
2025-08-07 03:35:00+00:00,256.0,259.0,256.0,259.0,13155,0.0,0.0
2025-08-07 03:45:00+00:00,257.5,258.0,257.5,258.0,3150,0.0,0.0
2025-08-07 04:00:00+00:00,257.0,257.5,257.0,257.5,3000,0.0,0.0
2025-08-07 04:05:00+00:00,257.0,257.0,257.0,257.0,1102,0.0,0.0
2025-08-07 04:10:00+00:00,257.0,257.0,257.0,257.0,3000,0.0,0.0
2025-08-07 04:15:00+00:00,257.0,257.0,257.0,257.0,1025,0.0,0.0
2025-08-07 04:20:00+00:00,256.0,256.0,256.0,256.0,11071,0.0,0.0
2025-08-07 04:30:00+00:00,257.0,257.0,257.0,257.0,1037,0.0,0.0
2025-08-07 04:35:00+00:00,257.0,257.0,257.0,257.0,1526,0.0,0.0
2025-08-07 04:45:00+00:00,257.5,257.5,257.5,257.5,2534,0.0,0.0
2025-08-07 04:50:00+00:00,257.5,257.5,257.5,257.5,1004,0.0,0.0
2025-08-07 04:55:00+00:00,257.0,257.0,257.0,257.0,1010,0.0,0.0
2025-08-07 05:00:00+00:00,256.5,256.5,256.5,256.5,2202,0.0,0.0
2025-08-07 05:05:00+00:00,256.5,256.5,255.0,255.0,20039,0.0,0.0
2025-08-07 05:10:00+00:00,255.5,255.5,255.0,255.5,12001,0.0,0.0
2025-08-07 05:15:00+00:00,256.0,257.5,256.0,257.5,5000,0.0,0.0
2025-08-07 05:20:00+00:00,257.5,259.0,257.0,257.0,20080,0.0,0.0
2025-08-08 01:00:00+00:00,257.5,259.5,257.5,259.0,0,0.0,0.0
2025-08-08 01:05:00+00:00,258.5,258.5,257.0,257.0,9155,0.0,0.0
2025-08-08 01:10:00+00:00,256.5,256.5,253.5,253.5,19267,0.0,0.0
2025-08-08 01:15:00+00:00,253.5,254.5,253.0,254.5,13186,0.0,0.0
2025-08-08 01:20:00+00:00,255.5,256.0,255.5,256.0,6505,0.0,0.0
2025-08-08 01:25:00+00:00,256.0,256.0,256.0,256.0,1024,0.0,0.0
2025-08-08 01:30:00+00:00,256.5,258.0,256.5,258.0,7300,0.0,0.0
2025-08-08 01:35:00+00:00,257.5,261.0,257.5,261.0,18220,0.0,0.0
2025-08-08 01:40:00+00:00,261.5,266.0,261.5,263.5,38744,0.0,0.0
2025-08-08 01:45:00+00:00,263.5,265.5,263.5,265.0,16260,0.0,0.0
2025-08-08 01:50:00+00:00,265.0,269.0,265.0,265.0,43167,0.0,0.0
2025-08-08 01:55:00+00:00,264.5,266.5,264.5,266.5,6025,0.0,0.0
2025-08-08 02:00:00+00:00,266.0,266.0,265.5,265.5,3130,0.0,0.0
2025-08-08 02:05:00+00:00,265.0,265.0,261.0,261.0,11161,0.0,0.0
2025-08-08 02:10:00+00:00,261.0,261.0,260.5,260.5,3209,0.0,0.0
2025-08-08 02:15:00+00:00,262.0,262.0,262.0,262.0,3030,0.0,0.0
2025-08-08 02:20:00+00:00,262.0,262.0,261.0,261.0,7000,0.0,0.0
2025-08-08 02:25:00+00:00,261.0,262.0,260.0,260.0,6308,0.0,0.0
2025-08-08 02:40:00+00:00,260.5,260.5,259.5,259.5,4000,0.0,0.0
2025-08-08 02:45:00+00:00,259.5,259.5,259.5,259.5,1240,0.0,0.0
2025-08-08 02:50:00+00:00,259.0,259.0,259.0,259.0,1000,0.0,0.0
2025-08-08 02:55:00+00:00,258.5,258.5,258.5,258.5,1053,0.0,0.0
2025-08-08 03:00:00+00:00,259.0,259.5,259.0,259.5,2000,0.0,0.0
2025-08-08 03:05:00+00:00,259.0,259.0,259.0,259.0,2000,0.0,0.0
2025-08-08 03:10:00+00:00,259.0,259.0,258.5,258.5,3152,0.0,0.0
2025-08-08 03:15:00+00:00,258.0,258.0,257.0,257.0,12463,0.0,0.0
2025-08-08 03:20:00+00:00,257.0,257.5,257.0,257.5,5000,0.0,0.0
2025-08-08 03:25:00+00:00,258.0,258.0,258.0,258.0,1050,0.0,0.0
2025-08-08 03:30:00+00:00,258.0,258.0,258.0,258.0,1361,0.0,0.0
2025-08-08 04:10:00+00:00,258.5,258.5,258.5,258.5,1045,0.0,0.0
2025-08-08 04:15:00+00:00,260.0,261.5,260.0,261.0,8402,0.0,0.0
2025-08-08 04:20:00+00:00,261.0,261.5,261.0,261.5,2000,0.0,0.0
2025-08-08 04:25:00+00:00,262.0,262.0,260.5,260.5,4351,0.0,0.0
2025-08-08 04:30:00+00:00,260.0,260.0,260.0,260.0,1000,0.0,0.0
2025-08-08 04:45:00+00:00,260.0,260.0,260.0,260.0,1064,0.0,0.0
2025-08-08 04:55:00+00:00,260.5,260.5,260.5,260.5,1050,0.0,0.0
2025-08-08 05:05:00+00:00,260.0,260.0,260.0,260.0,1010,0.0,0.0
2025-08-08 05:10:00+00:00,260.0,260.0,260.0,260.0,2000,0.0,0.0
2025-08-08 05:15:00+00:00,259.0,259.0,258.0,258.0,6348,0.0,0.0
2025-08-08 05:20:00+00:00,257.5,257.5,255.0,257.0,35931,0.0,0.0
2025-08-11 01:00:00+00:00,255.0,258.5,255.0,258.5,0,0.0,0.0
2025-08-11 01:05:00+00:00,259.0,259.5,257.5,257.5,13151,0.0,0.0
2025-08-11 01:10:00+00:00,257.5,257.5,255.0,256.0,19217,0.0,0.0
2025-08-11 01:15:00+00:00,256.5,256.5,255.0,255.0,10316,0.0,0.0
2025-08-11 01:20:00+00:00,254.5,258.5,254.0,258.5,5083,0.0,0.0
2025-08-11 01:25:00+00:00,258.5,258.5,256.0,256.0,6023,0.0,0.0
2025-08-11 01:30:00+00:00,256.5,257.0,256.5,257.0,5000,0.0,0.0
2025-08-11 01:35:00+00:00,258.5,264.5,258.5,264.5,33233,0.0,0.0
2025-08-11 01:40:00+00:00,264.5,265.0,264.0,265.0,13857,0.0,0.0
2025-08-11 01:45:00+00:00,266.0,269.0,266.0,267.0,57703,0.0,0.0
2025-08-11 01:50:00+00:00,267.0,267.0,265.0,265.5,27186,0.0,0.0
2025-08-11 01:55:00+00:00,264.5,264.5,263.0,263.0,6000,0.0,0.0
2025-08-11 02:00:00+00:00,263.0,263.0,263.0,263.0,1187,0.0,0.0
2025-08-11 02:05:00+00:00,262.5,262.5,262.5,262.5,5155,0.0,0.0
2025-08-11 02:10:00+00:00,262.0,262.0,262.0,262.0,4015,0.0,0.0
2025-08-11 02:15:00+00:00,263.0,264.0,263.0,263.0,8182,0.0,0.0
2025-08-11 02:20:00+00:00,263.0,263.0,263.0,263.0,1440,0.0,0.0
2025-08-11 02:30:00+00:00,264.0,267.0,264.0,267.0,20335,0.0,0.0
2025-08-11 02:40:00+00:00,266.5,266.5,266.5,266.5,2111,0.0,0.0
2025-08-11 02:45:00+00:00,266.5,267.5,266.5,267.5,8049,0.0,0.0
2025-08-11 02:50:00+00:00,267.5,267.5,267.0,267.0,2316,0.0,0.0
2025-08-11 03:00:00+00:00,266.5,267.0,265.5,267.0,7020,0.0,0.0
2025-08-11 03:10:00+00:00,267.5,267.5,267.5,267.5,4110,0.0,0.0
2025-08-11 03:15:00+00:00,268.0,268.0,267.5,267.5,3416,0.0,0.0
2025-08-11 03:20:00+00:00,267.5,267.5,267.5,267.5,3000,0.0,0.0
2025-08-11 03:25:00+00:00,266.0,266.0,264.0,264.0,14258,0.0,0.0
2025-08-11 03:30:00+00:00,263.0,263.0,262.5,262.5,4000,0.0,0.0
2025-08-11 03:35:00+00:00,262.5,264.0,262.5,264.0,5000,0.0,0.0
2025-08-11 03:40:00+00:00,264.5,264.5,263.5,264.0,7020,0.0,0.0
2025-08-11 03:50:00+00:00,264.0,264.0,263.0,263.0,5010,0.0,0.0
2025-08-11 03:55:00+00:00,263.0,263.5,263.0,263.5,3000,0.0,0.0
2025-08-11 04:00:00+00:00,263.0,263.5,263.0,263.0,3000,0.0,0.0
2025-08-11 04:05:00+00:00,264.0,264.0,262.5,263.0,3000,0.0,0.0
2025-08-11 04:10:00+00:00,263.5,264.5,263.5,264.0,7004,0.0,0.0
2025-08-11 04:15:00+00:00,264.0,264.5,264.0,264.5,3000,0.0,0.0
2025-08-11 04:20:00+00:00,265.0,265.5,264.5,264.5,13200,0.0,0.0
2025-08-11 04:25:00+00:00,264.5,264.5,264.5,264.5,5020,0.0,0.0
2025-08-11 04:30:00+00:00,264.5,264.5,264.0,264.5,4035,0.0,0.0
2025-08-11 04:35:00+00:00,264.5,264.5,264.0,264.0,2000,0.0,0.0
2025-08-11 04:40:00+00:00,264.0,264.0,264.0,264.0,3000,0.0,0.0
2025-08-11 04:50:00+00:00,264.0,264.5,264.0,264.0,9003,0.0,0.0
2025-08-11 04:55:00+00:00,264.5,264.5,264.5,264.5,1016,0.0,0.0
2025-08-11 05:00:00+00:00,264.5,264.5,264.0,264.0,11005,0.0,0.0
2025-08-11 05:05:00+00:00,263.5,263.5,263.5,263.5,3080,0.0,0.0
2025-08-11 05:10:00+00:00,263.0,263.0,262.5,262.5,11016,0.0,0.0
2025-08-11 05:15:00+00:00,263.0,263.5,262.0,263.5,13040,0.0,0.0
2025-08-11 05:20:00+00:00,263.0,263.0,262.5,263.0,6697,0.0,0.0
2025-08-12 01:00:00+00:00,267.5,268.0,263.0,263.0,0,0.0,0.0
2025-08-12 01:05:00+00:00,263.0,263.0,262.5,262.5,5488,0.0,0.0
2025-08-12 01:10:00+00:00,262.5,262.5,261.5,261.5,8072,0.0,0.0
2025-08-12 01:15:00+00:00,262.0,262.5,262.0,262.5,2515,0.0,0.0
2025-08-12 01:25:00+00:00,263.5,263.5,263.0,263.0,3000,0.0,0.0
2025-08-12 01:30:00+00:00,263.0,263.5,261.5,263.5,14655,0.0,0.0
2025-08-12 01:35:00+00:00,264.5,272.0,263.5,271.5,50701,0.0,0.0
2025-08-12 01:40:00+00:00,271.5,278.0,271.0,278.0,69257,0.0,0.0
2025-08-12 01:45:00+00:00,278.0,288.0,277.5,282.0,175094,0.0,0.0
2025-08-12 01:50:00+00:00,282.5,282.5,279.0,282.0,28312,0.0,0.0
2025-08-12 01:55:00+00:00,282.0,286.0,281.5,284.5,60732,0.0,0.0
2025-08-12 02:00:00+00:00,283.5,285.0,283.0,284.0,17196,0.0,0.0
2025-08-12 02:05:00+00:00,284.0,284.0,282.5,283.0,7923,0.0,0.0
2025-08-12 02:10:00+00:00,283.5,284.0,282.5,282.5,18137,0.0,0.0
2025-08-12 02:15:00+00:00,282.5,283.0,281.5,282.0,15060,0.0,0.0
2025-08-12 02:20:00+00:00,281.5,281.5,279.5,281.0,17498,0.0,0.0
2025-08-12 02:25:00+00:00,280.5,280.5,280.0,280.0,6309,0.0,0.0
2025-08-12 02:30:00+00:00,279.5,279.5,275.0,278.5,33235,0.0,0.0
2025-08-12 02:35:00+00:00,277.5,277.5,275.5,275.5,14199,0.0,0.0
2025-08-12 02:40:00+00:00,275.5,275.5,273.0,273.5,19173,0.0,0.0
2025-08-12 02:45:00+00:00,272.5,277.0,271.5,273.0,25000,0.0,0.0
2025-08-12 02:50:00+00:00,274.0,274.0,273.5,273.5,3104,0.0,0.0
2025-08-12 02:55:00+00:00,273.5,273.5,273.5,273.5,3126,0.0,0.0
2025-08-12 03:00:00+00:00,274.0,275.0,272.0,272.0,17383,0.0,0.0
2025-08-12 03:05:00+00:00,272.0,272.0,271.5,271.5,8362,0.0,0.0
2025-08-12 03:10:00+00:00,271.5,273.0,271.5,273.0,5100,0.0,0.0
2025-08-12 03:15:00+00:00,275.5,275.5,273.5,274.5,8100,0.0,0.0
2025-08-12 03:20:00+00:00,272.5,275.0,272.5,275.0,4128,0.0,0.0
2025-08-12 03:25:00+00:00,275.0,275.0,274.5,274.5,5000,0.0,0.0
2025-08-12 03:30:00+00:00,275.0,275.0,275.0,275.0,1050,0.0,0.0
2025-08-12 03:35:00+00:00,275.0,275.0,275.0,275.0,4000,0.0,0.0
2025-08-12 03:45:00+00:00,275.0,276.5,275.0,276.5,11078,0.0,0.0
2025-08-12 03:50:00+00:00,277.0,278.5,276.5,276.5,22160,0.0,0.0
2025-08-12 03:55:00+00:00,277.0,277.5,276.5,276.5,6074,0.0,0.0
2025-08-12 04:00:00+00:00,276.5,276.5,275.5,275.5,7466,0.0,0.0
2025-08-12 04:05:00+00:00,276.0,276.0,276.0,276.0,1006,0.0,0.0
2025-08-12 04:10:00+00:00,277.5,277.5,277.5,277.5,2200,0.0,0.0
2025-08-12 04:15:00+00:00,277.5,278.0,276.0,277.0,17000,0.0,0.0
2025-08-12 04:20:00+00:00,277.0,277.0,276.5,276.5,2010,0.0,0.0
2025-08-12 04:25:00+00:00,276.0,276.0,275.5,275.5,8100,0.0,0.0
2025-08-12 04:30:00+00:00,276.0,277.5,276.0,277.5,10008,0.0,0.0
2025-08-12 04:35:00+00:00,277.5,278.0,277.5,278.0,28065,0.0,0.0
2025-08-12 04:40:00+00:00,277.5,277.5,277.0,277.0,5052,0.0,0.0
2025-08-12 04:45:00+00:00,277.0,277.0,277.0,277.0,3000,0.0,0.0
2025-08-12 04:50:00+00:00,276.5,277.5,276.5,277.5,4104,0.0,0.0
2025-08-12 04:55:00+00:00,277.0,277.5,277.0,277.5,5113,0.0,0.0
2025-08-12 05:00:00+00:00,276.5,276.5,276.5,276.5,1088,0.0,0.0
2025-08-12 05:05:00+00:00,277.0,277.0,276.5,277.0,7100,0.0,0.0
2025-08-12 05:10:00+00:00,276.0,276.0,275.5,275.5,6000,0.0,0.0
2025-08-12 05:15:00+00:00,275.0,275.5,275.0,275.5,17050,0.0,0.0
2025-08-12 05:20:00+00:00,275.5,275.5,274.0,275.0,20332,0.0,0.0
2025-08-13 01:00:00+00:00,274.0,276.5,271.5,272.0,0,0.0,0.0
2025-08-13 01:05:00+00:00,272.0,277.0,271.5,275.0,50000,0.0,0.0
2025-08-13 01:10:00+00:00,275.0,276.0,274.5,276.0,17570,0.0,0.0
2025-08-13 01:15:00+00:00,275.0,276.5,273.0,273.0,19190,0.0,0.0
2025-08-13 01:20:00+00:00,273.0,273.0,270.5,270.5,26072,0.0,0.0
2025-08-13 01:25:00+00:00,271.5,272.0,270.0,272.0,17014,0.0,0.0
2025-08-13 01:30:00+00:00,272.0,274.5,272.0,274.5,13511,0.0,0.0
2025-08-13 01:35:00+00:00,273.0,273.0,270.5,270.5,10124,0.0,0.0
2025-08-13 01:40:00+00:00,270.5,270.5,268.0,268.0,66430,0.0,0.0
2025-08-13 01:45:00+00:00,268.0,269.5,267.0,267.0,14138,0.0,0.0
2025-08-13 01:50:00+00:00,267.0,267.5,267.0,267.5,6264,0.0,0.0
2025-08-13 01:55:00+00:00,267.5,267.5,263.5,265.0,50905,0.0,0.0
2025-08-13 02:00:00+00:00,267.0,267.0,263.0,264.0,30494,0.0,0.0
2025-08-13 02:05:00+00:00,264.0,265.0,263.0,263.5,32425,0.0,0.0
2025-08-13 02:10:00+00:00,263.5,264.5,263.5,264.5,9286,0.0,0.0
2025-08-13 02:15:00+00:00,264.5,264.5,264.0,264.0,5000,0.0,0.0
2025-08-13 02:20:00+00:00,264.5,265.5,264.5,265.0,7000,0.0,0.0
2025-08-13 02:25:00+00:00,266.0,266.5,265.0,265.0,9020,0.0,0.0
2025-08-13 02:30:00+00:00,265.0,265.0,265.0,265.0,1000,0.0,0.0
2025-08-13 02:35:00+00:00,266.0,266.5,266.0,266.5,3054,0.0,0.0
2025-08-13 02:40:00+00:00,265.5,265.5,265.0,265.0,6000,0.0,0.0
2025-08-13 02:45:00+00:00,264.5,265.0,264.5,265.0,6425,0.0,0.0
2025-08-13 02:50:00+00:00,264.5,264.5,264.5,264.5,5250,0.0,0.0
2025-08-13 02:55:00+00:00,264.5,264.5,262.0,262.5,35895,0.0,0.0
2025-08-13 03:00:00+00:00,262.5,264.5,262.5,264.5,13585,0.0,0.0
2025-08-13 03:10:00+00:00,264.0,264.0,263.0,263.0,6310,0.0,0.0
2025-08-13 03:15:00+00:00,262.5,262.5,258.5,260.0,56313,0.0,0.0
2025-08-13 03:20:00+00:00,259.5,259.5,259.0,259.0,7113,0.0,0.0
2025-08-13 03:25:00+00:00,259.0,259.0,255.5,256.5,39116,0.0,0.0
2025-08-13 03:30:00+00:00,255.5,257.5,254.5,257.5,23303,0.0,0.0
2025-08-13 03:35:00+00:00,256.0,256.5,255.5,256.5,8000,0.0,0.0
2025-08-13 03:40:00+00:00,256.0,257.0,255.0,257.0,14003,0.0,0.0
2025-08-13 03:45:00+00:00,257.0,257.5,256.5,257.0,13193,0.0,0.0
2025-08-13 03:50:00+00:00,257.5,257.5,257.5,257.5,1647,0.0,0.0
2025-08-13 03:55:00+00:00,257.5,257.5,257.0,257.0,2010,0.0,0.0
2025-08-13 04:00:00+00:00,257.0,257.0,256.5,256.5,6035,0.0,0.0
2025-08-13 04:05:00+00:00,256.5,256.5,256.5,256.5,5103,0.0,0.0
2025-08-13 04:10:00+00:00,256.5,256.5,256.5,256.5,1000,0.0,0.0
2025-08-13 04:15:00+00:00,257.0,257.0,256.5,256.5,5378,0.0,0.0
2025-08-13 04:20:00+00:00,256.5,256.5,256.5,256.5,2000,0.0,0.0
2025-08-13 04:25:00+00:00,256.5,256.5,255.5,255.5,11520,0.0,0.0
2025-08-13 04:30:00+00:00,256.0,257.0,256.0,257.0,6083,0.0,0.0
2025-08-13 04:40:00+00:00,257.5,258.0,257.5,258.0,2117,0.0,0.0
2025-08-13 04:45:00+00:00,258.5,258.5,258.5,258.5,1580,0.0,0.0
2025-08-13 04:50:00+00:00,258.5,258.5,258.5,258.5,3163,0.0,0.0
2025-08-13 04:55:00+00:00,259.0,259.0,259.0,259.0,2316,0.0,0.0
2025-08-13 05:00:00+00:00,259.0,259.5,259.0,259.5,4298,0.0,0.0
2025-08-13 05:05:00+00:00,259.5,259.5,259.0,259.0,7000,0.0,0.0
2025-08-13 05:10:00+00:00,259.0,259.0,258.0,258.0,6030,0.0,0.0
2025-08-13 05:15:00+00:00,258.0,258.0,257.0,257.5,9287,0.0,0.0
2025-08-13 05:20:00+00:00,257.5,258.0,257.0,258.0,10632,0.0,0.0
2025-08-14 01:00:00+00:00,258.5,263.5,257.5,263.0,0,0.0,0.0
2025-08-14 01:05:00+00:00,263.5,264.5,261.0,262.0,24477,0.0,0.0
2025-08-14 01:10:00+00:00,261.5,261.5,260.0,260.0,4558,0.0,0.0
2025-08-14 01:15:00+00:00,260.5,260.5,260.5,260.5,1074,0.0,0.0
2025-08-14 01:20:00+00:00,262.5,262.5,261.0,261.0,5043,0.0,0.0
2025-08-14 01:25:00+00:00,260.5,260.5,260.5,260.5,2000,0.0,0.0
2025-08-14 01:30:00+00:00,260.0,260.0,259.5,259.5,7136,0.0,0.0
2025-08-14 01:35:00+00:00,259.5,260.5,259.0,260.5,8648,0.0,0.0
2025-08-14 01:45:00+00:00,260.5,260.5,260.5,260.5,1190,0.0,0.0
2025-08-14 01:55:00+00:00,261.0,261.0,259.0,259.0,10311,0.0,0.0
2025-08-14 02:00:00+00:00,259.0,259.0,259.0,259.0,1233,0.0,0.0
2025-08-14 02:10:00+00:00,259.5,259.5,259.5,259.5,1000,0.0,0.0
2025-08-14 02:15:00+00:00,259.5,260.0,259.5,260.0,4010,0.0,0.0
2025-08-14 02:20:00+00:00,261.0,261.0,261.0,261.0,2241,0.0,0.0
2025-08-14 02:30:00+00:00,262.5,263.5,262.5,263.5,6358,0.0,0.0
2025-08-14 02:35:00+00:00,263.0,263.0,263.0,263.0,1107,0.0,0.0
2025-08-14 02:40:00+00:00,263.0,263.5,263.0,263.5,3097,0.0,0.0
2025-08-14 02:45:00+00:00,263.5,263.5,263.5,263.5,2010,0.0,0.0
2025-08-14 02:50:00+00:00,263.0,263.0,263.0,263.0,3010,0.0,0.0
2025-08-14 02:55:00+00:00,262.0,262.0,261.5,261.5,2069,0.0,0.0
2025-08-14 03:00:00+00:00,261.0,261.0,261.0,261.0,2000,0.0,0.0
2025-08-14 03:05:00+00:00,261.0,261.0,261.0,261.0,1000,0.0,0.0
2025-08-14 03:10:00+00:00,261.5,261.5,261.5,261.5,3000,0.0,0.0
2025-08-14 03:15:00+00:00,261.0,261.0,261.0,261.0,1000,0.0,0.0
2025-08-14 03:20:00+00:00,261.0,261.0,261.0,261.0,1020,0.0,0.0
2025-08-14 03:35:00+00:00,261.0,261.0,261.0,261.0,3000,0.0,0.0
2025-08-14 03:40:00+00:00,261.0,261.0,261.0,261.0,1000,0.0,0.0
2025-08-14 03:50:00+00:00,261.0,261.0,261.0,261.0,1010,0.0,0.0
2025-08-14 03:55:00+00:00,261.0,261.0,261.0,261.0,1108,0.0,0.0
2025-08-14 04:15:00+00:00,262.0,262.0,262.0,262.0,1252,0.0,0.0
2025-08-14 04:20:00+00:00,262.0,262.0,262.0,262.0,1006,0.0,0.0
2025-08-14 04:25:00+00:00,262.0,262.0,262.0,262.0,2100,0.0,0.0
2025-08-14 04:35:00+00:00,261.5,261.5,261.0,261.5,7070,0.0,0.0
2025-08-14 04:40:00+00:00,262.0,262.0,262.0,262.0,3100,0.0,0.0
2025-08-14 04:45:00+00:00,262.0,262.0,261.5,261.5,3000,0.0,0.0
2025-08-14 04:50:00+00:00,262.0,262.0,262.0,262.0,1100,0.0,0.0
2025-08-14 04:55:00+00:00,262.0,262.0,262.0,262.0,1250,0.0,0.0
2025-08-14 05:00:00+00:00,262.5,262.5,262.5,262.5,2100,0.0,0.0
2025-08-14 05:05:00+00:00,262.0,262.0,262.0,262.0,1150,0.0,0.0
2025-08-14 05:10:00+00:00,262.0,262.0,262.0,262.0,3300,0.0,0.0
2025-08-14 05:15:00+00:00,262.0,262.0,260.0,260.0,8010,0.0,0.0
2025-08-14 05:20:00+00:00,261.0,261.5,260.0,260.0,6431,0.0,0.0
2025-08-15 01:00:00+00:00,259.5,265.0,259.5,265.0,0,0.0,0.0
2025-08-15 01:05:00+00:00,262.0,263.0,256.5,256.5,17228,0.0,0.0
2025-08-15 01:10:00+00:00,257.0,257.0,253.5,254.0,28080,0.0,0.0
2025-08-15 01:15:00+00:00,254.5,259.0,254.5,259.0,7313,0.0,0.0
2025-08-15 01:20:00+00:00,257.0,257.0,255.0,255.0,5025,0.0,0.0
2025-08-15 01:25:00+00:00,256.0,256.0,256.0,256.0,2165,0.0,0.0
2025-08-15 01:30:00+00:00,256.0,256.5,255.5,256.5,8357,0.0,0.0
2025-08-15 01:35:00+00:00,257.0,259.0,257.0,259.0,9052,0.0,0.0
2025-08-15 01:40:00+00:00,259.5,259.5,259.5,259.5,1001,0.0,0.0
2025-08-15 01:50:00+00:00,259.5,260.5,259.5,260.5,3125,0.0,0.0
2025-08-15 01:55:00+00:00,261.5,262.0,261.0,262.0,6000,0.0,0.0
2025-08-15 02:00:00+00:00,262.0,262.0,261.0,261.5,7100,0.0,0.0
2025-08-15 02:05:00+00:00,261.5,261.5,261.5,261.5,2000,0.0,0.0
2025-08-15 02:10:00+00:00,261.0,261.5,261.0,261.5,4000,0.0,0.0
2025-08-15 02:15:00+00:00,261.5,265.5,261.5,265.5,27073,0.0,0.0
2025-08-15 02:20:00+00:00,265.0,265.0,264.5,264.5,5173,0.0,0.0
2025-08-15 02:25:00+00:00,264.0,264.0,264.0,264.0,2166,0.0,0.0
2025-08-15 02:30:00+00:00,264.0,265.5,264.0,265.5,7100,0.0,0.0
2025-08-15 02:35:00+00:00,265.0,265.0,263.5,264.5,6071,0.0,0.0
2025-08-15 02:45:00+00:00,263.5,263.5,261.5,261.5,5205,0.0,0.0
2025-08-15 02:50:00+00:00,261.5,261.5,261.0,261.0,3300,0.0,0.0
2025-08-15 02:55:00+00:00,261.0,261.0,261.0,261.0,2161,0.0,0.0
2025-08-15 03:05:00+00:00,261.0,261.0,261.0,261.0,1000,0.0,0.0
2025-08-15 03:10:00+00:00,261.0,261.0,261.0,261.0,3100,0.0,0.0
2025-08-15 03:15:00+00:00,261.5,261.5,261.5,261.5,2382,0.0,0.0
2025-08-15 03:25:00+00:00,262.0,262.0,262.0,262.0,1108,0.0,0.0
2025-08-15 03:30:00+00:00,262.0,262.0,261.5,261.5,3001,0.0,0.0
2025-08-15 03:35:00+00:00,261.0,261.0,261.0,261.0,1211,0.0,0.0
2025-08-15 03:45:00+00:00,261.0,261.0,261.0,261.0,2000,0.0,0.0
2025-08-15 03:50:00+00:00,261.5,262.5,261.5,262.5,2000,0.0,0.0
2025-08-15 03:55:00+00:00,262.5,262.5,262.5,262.5,1030,0.0,0.0
2025-08-15 04:00:00+00:00,263.5,263.5,263.5,263.5,1069,0.0,0.0
2025-08-15 04:05:00+00:00,263.0,263.0,262.5,262.5,3005,0.0,0.0
2025-08-15 04:10:00+00:00,263.0,264.5,263.0,264.5,13007,0.0,0.0
2025-08-15 04:15:00+00:00,264.5,264.5,264.0,264.0,2001,0.0,0.0
2025-08-15 04:25:00+00:00,264.0,264.5,263.5,264.5,5005,0.0,0.0
2025-08-15 04:30:00+00:00,264.0,264.0,264.0,264.0,5168,0.0,0.0
2025-08-15 04:55:00+00:00,263.5,263.5,263.5,263.5,1040,0.0,0.0
2025-08-15 05:00:00+00:00,263.0,263.0,262.0,262.0,7630,0.0,0.0
2025-08-15 05:05:00+00:00,262.0,262.0,261.5,261.5,3370,0.0,0.0
2025-08-15 05:10:00+00:00,262.0,262.0,262.0,262.0,5010,0.0,0.0
2025-08-15 05:15:00+00:00,262.0,262.0,262.0,262.0,1000,0.0,0.0
2025-08-15 05:20:00+00:00,262.0,263.0,262.0,263.0,9280,0.0,0.0
2025-08-18 01:00:00+00:00,274.0,284.5,274.0,284.0,0,0.0,0.0
2025-08-18 01:05:00+00:00,284.0,288.0,283.0,288.0,146502,0.0,0.0
2025-08-18 01:10:00+00:00,287.5,287.5,282.0,283.0,66808,0.0,0.0
2025-08-18 01:15:00+00:00,284.5,290.5,284.5,290.5,173182,0.0,0.0
2025-08-18 01:20:00+00:00,290.5,290.5,288.5,290.0,190214,0.0,0.0
2025-08-18 01:25:00+00:00,289.5,289.5,285.5,289.0,28607,0.0,0.0
2025-08-18 01:30:00+00:00,286.0,287.0,284.5,285.0,20252,0.0,0.0
2025-08-18 01:35:00+00:00,284.5,284.5,282.0,284.5,37128,0.0,0.0
2025-08-18 01:40:00+00:00,284.5,286.5,284.5,285.5,18582,0.0,0.0
2025-08-18 01:45:00+00:00,285.0,285.5,283.0,283.0,11609,0.0,0.0
2025-08-18 01:50:00+00:00,283.5,284.5,280.5,284.5,27590,0.0,0.0
2025-08-18 01:55:00+00:00,284.5,284.5,284.5,284.5,2252,0.0,0.0
2025-08-18 02:00:00+00:00,284.5,284.5,284.5,284.5,2225,0.0,0.0
2025-08-18 02:05:00+00:00,283.5,283.5,282.5,282.5,4059,0.0,0.0
2025-08-18 02:10:00+00:00,282.5,282.5,280.5,280.5,20165,0.0,0.0
2025-08-18 02:15:00+00:00,280.5,281.0,278.5,280.0,33051,0.0,0.0
2025-08-18 02:20:00+00:00,279.0,280.0,279.0,280.0,10613,0.0,0.0
2025-08-18 02:25:00+00:00,281.0,284.5,281.0,284.5,8407,0.0,0.0
2025-08-18 02:30:00+00:00,285.0,286.0,283.5,283.5,7036,0.0,0.0
2025-08-18 02:35:00+00:00,284.0,284.0,284.0,284.0,1000,0.0,0.0
2025-08-18 02:40:00+00:00,284.0,288.0,284.0,286.5,30235,0.0,0.0
2025-08-18 02:45:00+00:00,286.0,286.0,284.5,284.5,7029,0.0,0.0
2025-08-18 02:50:00+00:00,284.0,284.0,283.5,284.0,7001,0.0,0.0
2025-08-18 02:55:00+00:00,284.5,286.0,284.0,285.0,7075,0.0,0.0
2025-08-18 03:00:00+00:00,284.5,285.0,284.5,284.5,4020,0.0,0.0
2025-08-18 03:05:00+00:00,284.5,285.5,284.0,284.5,12076,0.0,0.0
2025-08-18 03:15:00+00:00,285.0,286.0,284.5,286.0,6483,0.0,0.0
2025-08-18 03:20:00+00:00,286.0,287.5,286.0,286.5,36304,0.0,0.0
2025-08-18 03:25:00+00:00,287.0,287.0,287.0,287.0,1668,0.0,0.0
2025-08-18 03:30:00+00:00,287.5,287.5,286.0,286.0,7066,0.0,0.0
2025-08-18 03:35:00+00:00,285.0,285.0,285.0,285.0,1163,0.0,0.0
2025-08-18 03:40:00+00:00,286.0,286.0,286.0,286.0,1061,0.0,0.0
2025-08-18 03:45:00+00:00,285.0,285.0,284.5,284.5,3120,0.0,0.0
2025-08-18 03:50:00+00:00,284.5,284.5,284.5,284.5,1340,0.0,0.0
2025-08-18 03:55:00+00:00,284.0,284.0,283.5,283.5,4500,0.0,0.0
2025-08-18 04:00:00+00:00,283.5,283.5,282.5,282.5,8000,0.0,0.0
2025-08-18 04:05:00+00:00,284.0,285.0,284.0,285.0,2030,0.0,0.0
2025-08-18 04:10:00+00:00,284.5,286.0,284.5,286.0,3012,0.0,0.0
2025-08-18 04:15:00+00:00,286.0,287.0,286.0,287.0,7040,0.0,0.0
2025-08-18 04:20:00+00:00,286.0,286.0,286.0,286.0,2120,0.0,0.0
2025-08-18 04:30:00+00:00,286.5,287.0,286.5,287.0,5689,0.0,0.0
2025-08-18 04:35:00+00:00,286.5,286.5,286.0,286.0,2062,0.0,0.0
2025-08-18 04:40:00+00:00,286.0,286.0,286.0,286.0,2056,0.0,0.0
2025-08-18 04:45:00+00:00,285.5,285.5,285.0,285.0,8003,0.0,0.0
2025-08-18 04:50:00+00:00,285.0,285.5,285.0,285.5,4002,0.0,0.0
2025-08-18 04:55:00+00:00,286.0,287.0,286.0,287.0,8064,0.0,0.0
2025-08-18 05:00:00+00:00,287.0,287.0,285.5,285.5,9191,0.0,0.0
2025-08-18 05:05:00+00:00,285.0,285.0,285.0,285.0,3187,0.0,0.0
2025-08-18 05:10:00+00:00,285.0,285.0,285.0,285.0,2015,0.0,0.0
2025-08-18 05:15:00+00:00,285.0,288.0,285.0,288.0,38000,0.0,0.0
2025-08-18 05:20:00+00:00,288.0,288.0,287.0,288.0,9556,0.0,0.0
2025-08-19 01:00:00+00:00,298.0,309.0,297.0,304.5,0,0.0,0.0
2025-08-19 01:05:00+00:00,303.0,304.5,295.5,300.0,104106,0.0,0.0
2025-08-19 01:10:00+00:00,299.5,299.5,291.0,291.0,83827,0.0,0.0
2025-08-19 01:15:00+00:00,291.0,294.5,290.0,293.5,79839,0.0,0.0
2025-08-19 01:20:00+00:00,293.5,299.0,293.5,295.5,62530,0.0,0.0
2025-08-19 01:25:00+00:00,295.0,302.0,292.5,302.0,67383,0.0,0.0
2025-08-19 01:30:00+00:00,302.5,316.5,301.5,312.0,250125,0.0,0.0
2025-08-19 01:35:00+00:00,312.0,314.5,311.5,314.5,39121,0.0,0.0
2025-08-19 01:40:00+00:00,314.5,316.5,308.5,309.5,109543,0.0,0.0
2025-08-19 01:45:00+00:00,309.5,309.5,304.0,305.5,39343,0.0,0.0
2025-08-19 01:50:00+00:00,306.0,306.5,299.0,300.0,73666,0.0,0.0
2025-08-19 01:55:00+00:00,299.5,301.5,297.0,299.0,37442,0.0,0.0
2025-08-19 02:00:00+00:00,298.5,299.0,295.5,295.5,26475,0.0,0.0
2025-08-19 02:05:00+00:00,297.0,298.5,297.0,297.5,12315,0.0,0.0
2025-08-19 02:10:00+00:00,297.5,297.5,296.0,296.0,21255,0.0,0.0
2025-08-19 02:15:00+00:00,297.0,297.5,297.0,297.5,5070,0.0,0.0
2025-08-19 02:20:00+00:00,299.0,300.0,298.5,298.5,12515,0.0,0.0
2025-08-19 02:25:00+00:00,299.0,300.0,299.0,300.0,4031,0.0,0.0
2025-08-19 02:30:00+00:00,300.5,302.0,300.0,300.5,12100,0.0,0.0
2025-08-19 02:35:00+00:00,300.5,301.5,300.5,301.5,9000,0.0,0.0
2025-08-19 02:40:00+00:00,302.0,302.0,298.0,298.0,18281,0.0,0.0
2025-08-19 02:45:00+00:00,299.5,299.5,297.0,297.0,15111,0.0,0.0
2025-08-19 02:50:00+00:00,297.0,298.0,297.0,298.0,3001,0.0,0.0
2025-08-19 02:55:00+00:00,298.0,298.0,298.0,298.0,3000,0.0,0.0
2025-08-19 03:00:00+00:00,298.5,299.0,298.5,298.5,3006,0.0,0.0
2025-08-19 03:05:00+00:00,298.5,298.5,298.5,298.5,1000,0.0,0.0
2025-08-19 03:10:00+00:00,299.0,300.0,299.0,299.0,10000,0.0,0.0
2025-08-19 03:15:00+00:00,299.0,299.0,299.0,299.0,3025,0.0,0.0
2025-08-19 03:25:00+00:00,299.0,299.0,298.5,298.5,6347,0.0,0.0
2025-08-19 03:30:00+00:00,298.5,298.5,298.5,298.5,1073,0.0,0.0
2025-08-19 03:40:00+00:00,298.5,302.0,298.5,301.5,22074,0.0,0.0
2025-08-19 03:45:00+00:00,301.5,305.0,301.5,305.0,24775,0.0,0.0
2025-08-19 03:50:00+00:00,305.0,308.0,305.0,305.0,39184,0.0,0.0
2025-08-19 03:55:00+00:00,306.0,308.0,305.5,305.5,22009,0.0,0.0
2025-08-19 04:00:00+00:00,306.0,307.5,305.0,307.5,8100,0.0,0.0
2025-08-19 04:05:00+00:00,307.5,309.5,307.5,309.0,23123,0.0,0.0
2025-08-19 04:10:00+00:00,308.0,309.0,307.5,307.5,31390,0.0,0.0
2025-08-19 04:15:00+00:00,307.0,307.0,306.0,306.5,6290,0.0,0.0
2025-08-19 04:20:00+00:00,306.5,306.5,306.5,306.5,8224,0.0,0.0
2025-08-19 04:25:00+00:00,307.0,309.5,307.0,309.5,16411,0.0,0.0
2025-08-19 04:30:00+00:00,309.5,310.5,308.0,308.0,26500,0.0,0.0
2025-08-19 04:35:00+00:00,307.5,308.0,307.0,307.0,12136,0.0,0.0
2025-08-19 04:40:00+00:00,307.0,307.0,305.5,306.0,11319,0.0,0.0
2025-08-19 04:45:00+00:00,306.5,307.5,306.5,307.0,10305,0.0,0.0
2025-08-19 04:50:00+00:00,306.5,306.5,304.5,305.0,13383,0.0,0.0
2025-08-19 04:55:00+00:00,305.0,305.5,304.0,304.0,12310,0.0,0.0
2025-08-19 05:00:00+00:00,304.5,304.5,304.0,304.5,7304,0.0,0.0
2025-08-19 05:05:00+00:00,305.5,306.5,305.0,305.5,19238,0.0,0.0
2025-08-19 05:10:00+00:00,305.0,306.0,305.0,305.0,15300,0.0,0.0
2025-08-19 05:15:00+00:00,305.0,305.5,304.5,305.5,16000,0.0,0.0
2025-08-19 05:20:00+00:00,305.5,305.5,304.0,304.0,33744,0.0,0.0
2025-08-20 01:00:00+00:00,306.0,309.0,295.5,296.0,0,0.0,0.0
2025-08-20 01:05:00+00:00,295.0,295.0,290.5,292.0,65977,0.0,0.0
2025-08-20 01:10:00+00:00,291.5,296.0,291.5,295.0,31842,0.0,0.0
2025-08-20 01:15:00+00:00,295.0,296.5,292.0,296.5,30443,0.0,0.0
2025-08-20 01:20:00+00:00,297.0,297.0,289.0,289.0,42817,0.0,0.0
2025-08-20 01:25:00+00:00,289.0,289.0,277.0,283.0,142497,0.0,0.0
2025-08-20 01:30:00+00:00,283.0,286.5,282.0,283.5,62140,0.0,0.0
2025-08-20 01:35:00+00:00,283.5,285.5,283.5,284.0,13145,0.0,0.0
2025-08-20 01:40:00+00:00,284.0,285.0,284.0,284.0,12273,0.0,0.0
2025-08-20 01:45:00+00:00,283.5,284.0,282.0,284.0,15104,0.0,0.0
2025-08-20 01:50:00+00:00,285.0,287.0,283.5,284.0,31081,0.0,0.0
2025-08-20 01:55:00+00:00,285.0,289.0,285.0,289.0,14212,0.0,0.0
2025-08-20 02:00:00+00:00,289.0,290.0,289.0,289.0,7227,0.0,0.0
2025-08-20 02:05:00+00:00,289.0,289.0,289.0,289.0,2049,0.0,0.0
2025-08-20 02:10:00+00:00,288.5,288.5,287.5,287.5,7149,0.0,0.0
2025-08-20 02:15:00+00:00,287.0,287.0,284.5,284.5,6090,0.0,0.0
2025-08-20 02:20:00+00:00,285.5,286.0,285.5,286.0,3213,0.0,0.0
2025-08-20 02:25:00+00:00,286.5,287.0,286.5,287.0,3367,0.0,0.0
2025-08-20 02:30:00+00:00,287.0,287.0,287.0,287.0,2000,0.0,0.0
2025-08-20 02:35:00+00:00,287.0,287.0,286.5,286.5,4033,0.0,0.0
2025-08-20 02:40:00+00:00,286.5,287.0,286.0,287.0,7504,0.0,0.0
2025-08-20 02:45:00+00:00,285.5,285.5,284.0,284.0,6000,0.0,0.0
2025-08-20 02:50:00+00:00,283.5,284.0,283.5,284.0,3627,0.0,0.0
2025-08-20 02:55:00+00:00,284.0,285.0,284.0,285.0,3000,0.0,0.0
2025-08-20 03:00:00+00:00,285.0,285.0,285.0,285.0,1000,0.0,0.0
2025-08-20 03:05:00+00:00,286.0,286.0,286.0,286.0,2000,0.0,0.0
2025-08-20 03:10:00+00:00,285.5,285.5,285.0,285.0,2194,0.0,0.0
2025-08-20 03:20:00+00:00,285.0,285.0,285.0,285.0,1002,0.0,0.0
2025-08-20 03:25:00+00:00,286.5,286.5,286.5,286.5,2054,0.0,0.0
2025-08-20 03:30:00+00:00,287.0,287.5,287.0,287.5,5083,0.0,0.0
2025-08-20 03:35:00+00:00,286.5,286.5,286.0,286.0,3435,0.0,0.0
2025-08-20 03:40:00+00:00,285.5,285.5,284.5,284.5,13014,0.0,0.0
2025-08-20 03:45:00+00:00,284.5,284.5,284.0,284.0,8320,0.0,0.0
2025-08-20 03:50:00+00:00,283.5,283.5,283.0,283.0,6073,0.0,0.0
2025-08-20 03:55:00+00:00,283.0,283.5,282.0,282.0,5000,0.0,0.0
2025-08-20 04:00:00+00:00,282.0,282.5,281.0,282.5,22295,0.0,0.0
2025-08-20 04:05:00+00:00,284.0,284.0,284.0,284.0,2115,0.0,0.0
2025-08-20 04:15:00+00:00,286.0,286.0,284.0,284.0,3019,0.0,0.0
2025-08-20 04:20:00+00:00,284.0,284.0,283.0,283.0,4176,0.0,0.0
2025-08-20 04:25:00+00:00,282.5,283.0,282.5,283.0,2104,0.0,0.0
2025-08-20 04:30:00+00:00,283.0,283.5,283.0,283.5,2010,0.0,0.0
2025-08-20 04:35:00+00:00,283.5,283.5,283.0,283.0,4050,0.0,0.0
2025-08-20 04:40:00+00:00,282.0,282.0,281.0,282.0,12873,0.0,0.0
2025-08-20 04:45:00+00:00,282.5,283.0,282.5,282.5,6040,0.0,0.0
2025-08-20 04:50:00+00:00,282.5,282.5,281.0,281.0,8000,0.0,0.0
2025-08-20 04:55:00+00:00,281.0,282.0,280.0,281.5,17270,0.0,0.0
2025-08-20 05:00:00+00:00,281.5,281.5,279.5,279.5,25506,0.0,0.0
2025-08-20 05:05:00+00:00,280.0,280.5,279.0,279.0,18109,0.0,0.0
2025-08-20 05:10:00+00:00,278.5,279.5,277.5,277.5,60249,0.0,0.0
2025-08-20 05:15:00+00:00,277.5,278.0,276.5,276.5,31000,0.0,0.0
2025-08-20 05:20:00+00:00,276.5,278.5,276.0,277.5,30602,0.0,0.0
2025-08-21 01:00:00+00:00,289.5,293.0,285.0,291.5,0,0.0,0.0
2025-08-21 01:05:00+00:00,291.0,295.0,287.0,287.0,35000,0.0,0.0
2025-08-21 01:10:00+00:00,286.5,288.5,285.0,288.5,22692,0.0,0.0
2025-08-21 01:15:00+00:00,288.0,297.0,287.0,297.0,83702,0.0,0.0
2025-08-21 01:20:00+00:00,297.0,298.0,295.5,295.5,32810,0.0,0.0
2025-08-21 01:25:00+00:00,294.0,294.0,292.5,294.0,12220,0.0,0.0
2025-08-21 01:30:00+00:00,294.0,294.0,293.0,293.0,12641,0.0,0.0
2025-08-21 01:35:00+00:00,291.5,292.5,289.5,291.5,25345,0.0,0.0
2025-08-21 01:40:00+00:00,291.0,291.0,290.0,291.0,6324,0.0,0.0
2025-08-21 01:45:00+00:00,291.5,292.5,291.5,292.5,5000,0.0,0.0
2025-08-21 01:50:00+00:00,293.0,293.0,291.5,291.5,7017,0.0,0.0
2025-08-21 01:55:00+00:00,291.0,291.0,289.0,289.0,7785,0.0,0.0
2025-08-21 02:00:00+00:00,290.0,290.0,277.5,284.5,64807,0.0,0.0
2025-08-21 02:05:00+00:00,284.5,285.0,281.5,282.0,24630,0.0,0.0
2025-08-21 02:10:00+00:00,282.5,283.5,282.0,282.0,12020,0.0,0.0
2025-08-21 02:15:00+00:00,282.0,282.0,281.0,281.0,18468,0.0,0.0
2025-08-21 02:20:00+00:00,281.0,281.0,278.0,280.0,18192,0.0,0.0
2025-08-21 02:25:00+00:00,281.5,282.0,279.0,279.0,13107,0.0,0.0
2025-08-21 02:30:00+00:00,280.0,280.5,280.0,280.5,2084,0.0,0.0
2025-08-21 02:35:00+00:00,280.0,280.0,277.5,278.0,13482,0.0,0.0
2025-08-21 02:40:00+00:00,278.0,278.0,275.0,277.0,31571,0.0,0.0
2025-08-21 02:45:00+00:00,277.0,277.0,275.0,276.5,14102,0.0,0.0
2025-08-21 02:50:00+00:00,276.5,277.0,275.5,277.0,14110,0.0,0.0
2025-08-21 02:55:00+00:00,277.0,277.0,276.0,276.0,7000,0.0,0.0
2025-08-21 03:00:00+00:00,276.0,276.0,271.0,275.5,18203,0.0,0.0
2025-08-21 03:05:00+00:00,276.5,277.0,276.5,276.5,3050,0.0,0.0
2025-08-21 03:10:00+00:00,276.5,276.5,276.0,276.0,3160,0.0,0.0
2025-08-21 03:15:00+00:00,275.5,275.5,274.5,274.5,4632,0.0,0.0
2025-08-21 03:20:00+00:00,274.5,274.5,274.5,274.5,4205,0.0,0.0
2025-08-21 03:25:00+00:00,275.0,275.0,272.5,274.0,13375,0.0,0.0
2025-08-21 03:30:00+00:00,274.0,275.0,272.0,272.0,11388,0.0,0.0
2025-08-21 03:45:00+00:00,272.5,273.5,271.0,271.0,30719,0.0,0.0
2025-08-21 03:50:00+00:00,271.0,272.5,271.0,272.5,3118,0.0,0.0
2025-08-21 03:55:00+00:00,273.0,273.0,273.0,273.0,1335,0.0,0.0
2025-08-21 04:00:00+00:00,272.5,272.5,271.5,271.5,5000,0.0,0.0
2025-08-21 04:05:00+00:00,271.5,271.5,271.0,271.5,8029,0.0,0.0
2025-08-21 04:10:00+00:00,272.0,272.0,271.5,271.5,5060,0.0,0.0
2025-08-21 04:15:00+00:00,271.5,271.5,271.5,271.5,2000,0.0,0.0
2025-08-21 04:20:00+00:00,271.5,272.5,271.0,272.0,10200,0.0,0.0
2025-08-21 04:25:00+00:00,271.5,271.5,268.0,268.0,28094,0.0,0.0
2025-08-21 04:30:00+00:00,268.0,270.0,268.0,268.0,7839,0.0,0.0
2025-08-21 04:35:00+00:00,270.0,270.0,270.0,270.0,2044,0.0,0.0
2025-08-21 04:40:00+00:00,269.5,269.5,269.5,269.5,1100,0.0,0.0
2025-08-21 04:45:00+00:00,269.5,270.0,269.5,270.0,10004,0.0,0.0
2025-08-21 04:50:00+00:00,270.0,270.0,270.0,270.0,1100,0.0,0.0
2025-08-21 04:55:00+00:00,271.5,272.0,270.5,270.5,10445,0.0,0.0
2025-08-21 05:00:00+00:00,270.5,272.0,270.5,272.0,4016,0.0,0.0
2025-08-21 05:05:00+00:00,270.5,270.5,270.5,270.5,8291,0.0,0.0
2025-08-21 05:10:00+00:00,271.5,271.5,270.0,270.0,10389,0.0,0.0
2025-08-21 05:15:00+00:00,270.0,270.0,268.0,268.5,28176,0.0,0.0
2025-08-21 05:20:00+00:00,268.5,269.5,268.5,269.0,16373,0.0,0.0
2025-08-22 01:00:00+00:00,275.5,280.0,274.5,275.5,0,0.0,0.0
2025-08-22 01:05:00+00:00,274.5,274.5,270.0,270.5,29475,0.0,0.0
2025-08-22 01:10:00+00:00,270.0,271.0,267.5,270.0,23500,0.0,0.0
2025-08-22 01:15:00+00:00,270.0,271.0,268.0,268.0,34729,0.0,0.0
2025-08-22 01:20:00+00:00,267.5,267.5,267.0,267.0,15644,0.0,0.0
2025-08-22 01:30:00+00:00,268.0,268.0,268.0,268.0,3414,0.0,0.0
2025-08-22 01:35:00+00:00,268.0,268.0,267.5,267.5,5175,0.0,0.0
2025-08-22 01:40:00+00:00,267.5,267.5,265.5,265.5,13183,0.0,0.0
2025-08-22 01:45:00+00:00,265.5,266.5,264.5,265.5,21243,0.0,0.0
2025-08-22 01:50:00+00:00,266.0,268.0,266.0,267.5,9020,0.0,0.0
2025-08-22 01:55:00+00:00,267.5,267.5,267.5,267.5,2050,0.0,0.0
2025-08-22 02:05:00+00:00,266.5,266.5,266.0,266.0,3079,0.0,0.0
2025-08-22 02:15:00+00:00,266.0,266.0,266.0,266.0,1050,0.0,0.0
2025-08-22 02:20:00+00:00,267.5,268.0,267.5,268.0,7150,0.0,0.0
2025-08-22 02:25:00+00:00,268.5,272.0,268.5,270.0,20036,0.0,0.0
2025-08-22 02:30:00+00:00,272.0,275.0,271.0,271.0,37330,0.0,0.0
2025-08-22 02:35:00+00:00,270.5,271.0,270.5,271.0,4020,0.0,0.0
2025-08-22 02:40:00+00:00,271.5,271.5,271.5,271.5,2001,0.0,0.0
2025-08-22 02:45:00+00:00,272.0,273.0,272.0,273.0,7057,0.0,0.0
2025-08-22 02:50:00+00:00,273.0,273.0,271.5,271.5,6100,0.0,0.0
2025-08-22 02:55:00+00:00,271.0,271.0,270.0,270.0,6000,0.0,0.0
2025-08-22 03:00:00+00:00,270.5,270.5,270.0,270.0,5010,0.0,0.0
2025-08-22 03:05:00+00:00,269.0,269.0,269.0,269.0,3103,0.0,0.0
2025-08-22 03:15:00+00:00,269.5,270.5,269.5,270.5,3000,0.0,0.0
2025-08-22 03:20:00+00:00,271.0,271.0,270.5,270.5,2033,0.0,0.0
2025-08-22 03:30:00+00:00,271.5,271.5,271.5,271.5,2000,0.0,0.0
2025-08-22 03:35:00+00:00,270.5,270.5,270.0,270.0,3000,0.0,0.0
2025-08-22 03:40:00+00:00,270.0,270.0,269.5,269.5,3264,0.0,0.0
2025-08-22 03:45:00+00:00,269.5,269.5,267.5,267.5,24081,0.0,0.0
2025-08-22 03:50:00+00:00,267.0,267.0,267.0,267.0,5011,0.0,0.0
2025-08-22 03:55:00+00:00,267.5,267.5,267.5,267.5,4000,0.0,0.0
2025-08-22 04:00:00+00:00,267.0,267.5,267.0,267.5,8209,0.0,0.0
2025-08-22 04:10:00+00:00,267.5,267.5,267.5,267.5,1189,0.0,0.0
2025-08-22 04:15:00+00:00,267.5,267.5,267.0,267.0,5012,0.0,0.0
2025-08-22 04:20:00+00:00,267.0,267.0,267.0,267.0,5838,0.0,0.0
2025-08-22 04:25:00+00:00,266.5,266.5,265.5,266.0,18127,0.0,0.0
2025-08-22 04:35:00+00:00,266.5,266.5,266.0,266.0,3072,0.0,0.0
2025-08-22 04:40:00+00:00,267.0,267.5,267.0,267.0,9303,0.0,0.0
2025-08-22 04:45:00+00:00,268.0,268.0,268.0,268.0,3020,0.0,0.0
2025-08-22 04:55:00+00:00,268.0,268.0,267.5,267.5,5000,0.0,0.0
2025-08-22 05:00:00+00:00,268.5,269.0,268.5,269.0,5091,0.0,0.0
2025-08-22 05:05:00+00:00,270.0,270.0,270.0,270.0,3101,0.0,0.0
2025-08-22 05:10:00+00:00,270.0,270.0,268.0,268.0,5280,0.0,0.0
2025-08-22 05:15:00+00:00,268.0,268.5,268.0,268.5,17000,0.0,0.0
2025-08-22 05:20:00+00:00,269.0,270.0,269.0,270.0,7580,0.0,0.0
2025-08-25 01:00:00+00:00,273.5,284.5,273.5,280.5,0,0.0,0.0
2025-08-25 01:05:00+00:00,280.0,280.0,278.0,278.5,22615,0.0,0.0
2025-08-25 01:10:00+00:00,278.0,278.5,276.0,276.0,14275,0.0,0.0
2025-08-25 01:15:00+00:00,276.5,277.0,273.5,273.5,15777,0.0,0.0
2025-08-25 01:20:00+00:00,274.0,276.5,273.5,276.0,12126,0.0,0.0
2025-08-25 01:25:00+00:00,276.5,279.0,276.5,279.0,7000,0.0,0.0
2025-08-25 01:30:00+00:00,278.0,279.0,276.5,276.5,14161,0.0,0.0
2025-08-25 01:35:00+00:00,276.0,276.0,273.5,274.5,18817,0.0,0.0
2025-08-25 01:40:00+00:00,273.5,275.0,273.5,275.0,6036,0.0,0.0
2025-08-25 01:45:00+00:00,275.5,276.0,275.5,276.0,5280,0.0,0.0
2025-08-25 01:50:00+00:00,275.0,275.0,275.0,275.0,2009,0.0,0.0
2025-08-25 01:55:00+00:00,275.0,275.0,275.0,275.0,12076,0.0,0.0
2025-08-25 02:00:00+00:00,274.5,278.5,274.5,278.5,20000,0.0,0.0
2025-08-25 02:05:00+00:00,279.0,279.0,278.0,278.0,12034,0.0,0.0
2025-08-25 02:10:00+00:00,278.5,279.0,277.0,277.0,6418,0.0,0.0
2025-08-25 02:15:00+00:00,277.0,277.0,276.0,276.0,4000,0.0,0.0
2025-08-25 02:20:00+00:00,275.5,275.5,274.0,274.0,13295,0.0,0.0
2025-08-25 02:25:00+00:00,274.5,274.5,274.5,274.5,2001,0.0,0.0
2025-08-25 02:30:00+00:00,274.5,275.0,274.0,275.0,11003,0.0,0.0
2025-08-25 02:35:00+00:00,275.0,275.0,275.0,275.0,1100,0.0,0.0
2025-08-25 02:40:00+00:00,274.0,274.0,272.0,272.0,14024,0.0,0.0
2025-08-25 02:45:00+00:00,272.0,272.0,272.0,272.0,1220,0.0,0.0
2025-08-25 03:05:00+00:00,273.5,273.5,273.5,273.5,1000,0.0,0.0
2025-08-25 03:10:00+00:00,273.5,273.5,273.5,273.5,2170,0.0,0.0
2025-08-25 03:25:00+00:00,273.0,273.0,272.5,272.5,6000,0.0,0.0
2025-08-25 03:30:00+00:00,272.0,272.0,270.5,270.5,15218,0.0,0.0
2025-08-25 03:35:00+00:00,270.5,270.5,270.5,270.5,1176,0.0,0.0
2025-08-25 03:55:00+00:00,271.5,271.5,270.5,270.5,7116,0.0,0.0
2025-08-25 04:00:00+00:00,271.0,271.0,270.5,271.0,3000,0.0,0.0
2025-08-25 04:05:00+00:00,271.0,271.0,270.5,270.5,7041,0.0,0.0
2025-08-25 04:10:00+00:00,270.5,270.5,270.5,270.5,2330,0.0,0.0
2025-08-25 04:20:00+00:00,270.5,271.0,270.5,271.0,2000,0.0,0.0
2025-08-25 04:25:00+00:00,270.5,270.5,270.5,270.5,2000,0.0,0.0
2025-08-25 04:30:00+00:00,271.5,272.0,271.5,272.0,4001,0.0,0.0
2025-08-25 04:35:00+00:00,272.0,272.5,272.0,272.0,3024,0.0,0.0
2025-08-25 04:40:00+00:00,273.5,273.5,272.0,272.0,2026,0.0,0.0
2025-08-25 04:45:00+00:00,274.0,274.0,274.0,274.0,3258,0.0,0.0
2025-08-25 04:50:00+00:00,274.0,275.0,274.0,275.0,5700,0.0,0.0
2025-08-25 04:55:00+00:00,274.0,274.0,274.0,274.0,4060,0.0,0.0
2025-08-25 05:00:00+00:00,273.0,273.0,271.5,273.0,7000,0.0,0.0
2025-08-25 05:05:00+00:00,273.5,273.5,272.5,272.5,6002,0.0,0.0
2025-08-25 05:10:00+00:00,273.0,273.5,273.0,273.5,6000,0.0,0.0
2025-08-25 05:15:00+00:00,273.5,274.0,273.5,274.0,7462,0.0,0.0
2025-08-25 05:20:00+00:00,274.0,274.5,274.0,274.5,9369,0.0,0.0
2025-08-26 01:00:00+00:00,276.5,276.5,274.0,274.5,0,0.0,0.0
2025-08-26 01:05:00+00:00,274.5,274.5,273.0,273.0,10136,0.0,0.0
2025-08-26 01:10:00+00:00,273.0,273.0,271.5,271.5,10270,0.0,0.0
2025-08-26 01:15:00+00:00,271.5,271.5,271.5,271.5,4000,0.0,0.0
2025-08-26 01:20:00+00:00,271.0,271.0,270.5,271.0,4996,0.0,0.0
2025-08-26 01:30:00+00:00,271.5,271.5,271.0,271.0,2000,0.0,0.0
2025-08-26 01:35:00+00:00,271.0,271.0,271.0,271.0,1000,0.0,0.0
2025-08-26 01:40:00+00:00,271.0,271.0,271.0,271.0,1000,0.0,0.0
2025-08-26 01:45:00+00:00,271.0,271.0,271.0,271.0,1135,0.0,0.0
2025-08-26 01:50:00+00:00,271.5,271.5,269.0,269.0,21625,0.0,0.0
2025-08-26 01:55:00+00:00,269.0,269.0,268.5,268.5,10284,0.0,0.0
2025-08-26 02:00:00+00:00,270.0,270.0,269.5,269.5,6660,0.0,0.0
2025-08-26 02:05:00+00:00,271.0,271.0,271.0,271.0,1000,0.0,0.0
2025-08-26 02:15:00+00:00,272.0,272.0,272.0,272.0,1150,0.0,0.0
2025-08-26 02:20:00+00:00,272.0,272.0,272.0,272.0,1035,0.0,0.0
2025-08-26 02:35:00+00:00,271.5,271.5,271.5,271.5,2000,0.0,0.0
2025-08-26 02:40:00+00:00,271.0,271.0,270.5,270.5,3173,0.0,0.0
2025-08-26 02:45:00+00:00,270.0,270.0,270.0,270.0,1000,0.0,0.0
2025-08-26 02:50:00+00:00,270.0,270.0,270.0,270.0,4237,0.0,0.0
2025-08-26 02:55:00+00:00,270.0,271.0,270.0,270.0,3111,0.0,0.0
2025-08-26 03:05:00+00:00,270.0,270.5,270.0,270.5,3000,0.0,0.0
2025-08-26 03:10:00+00:00,270.0,271.0,270.0,271.0,2010,0.0,0.0
2025-08-26 03:20:00+00:00,271.0,271.0,271.0,271.0,1000,0.0,0.0
2025-08-26 03:55:00+00:00,271.0,271.0,271.0,271.0,3120,0.0,0.0
2025-08-26 04:00:00+00:00,271.0,271.5,271.0,271.5,4150,0.0,0.0
2025-08-26 04:05:00+00:00,270.5,270.5,270.5,270.5,1000,0.0,0.0
2025-08-26 04:10:00+00:00,271.5,273.5,271.5,273.0,17042,0.0,0.0
2025-08-26 04:15:00+00:00,273.0,273.0,273.0,273.0,1071,0.0,0.0
2025-08-26 04:20:00+00:00,273.0,273.5,273.0,273.5,3129,0.0,0.0
2025-08-26 04:25:00+00:00,273.0,273.0,273.0,273.0,1096,0.0,0.0
2025-08-26 04:30:00+00:00,273.0,273.0,272.0,272.0,2000,0.0,0.0
2025-08-26 04:35:00+00:00,272.0,272.0,272.0,272.0,5053,0.0,0.0
2025-08-26 04:40:00+00:00,272.0,272.0,272.0,272.0,1253,0.0,0.0
2025-08-26 04:55:00+00:00,272.5,274.0,272.5,274.0,7103,0.0,0.0
2025-08-26 05:00:00+00:00,273.5,273.5,273.0,273.0,2000,0.0,0.0
2025-08-26 05:10:00+00:00,272.5,273.0,272.5,273.0,6228,0.0,0.0
2025-08-26 05:15:00+00:00,272.5,272.5,272.5,272.5,4000,0.0,0.0
2025-08-26 05:20:00+00:00,272.5,274.0,272.5,273.0,15625,0.0,0.0
2025-08-27 01:00:00+00:00,282.0,283.5,277.5,277.5,0,0.0,0.0
2025-08-27 01:05:00+00:00,278.5,278.5,277.5,277.5,9102,0.0,0.0
2025-08-27 01:10:00+00:00,279.5,279.5,277.0,277.0,6335,0.0,0.0
2025-08-27 01:15:00+00:00,277.0,277.0,275.5,275.5,6485,0.0,0.0
2025-08-27 01:20:00+00:00,275.5,275.5,275.5,275.5,1195,0.0,0.0
2025-08-27 01:25:00+00:00,275.5,276.5,275.5,276.0,8015,0.0,0.0
2025-08-27 01:30:00+00:00,277.5,285.0,277.5,285.0,73595,0.0,0.0
2025-08-27 01:35:00+00:00,286.0,286.0,282.0,283.5,33590,0.0,0.0
2025-08-27 01:40:00+00:00,284.5,286.0,282.0,282.0,32749,0.0,0.0
2025-08-27 01:45:00+00:00,281.5,292.0,281.0,290.0,88381,0.0,0.0
2025-08-27 01:50:00+00:00,290.0,292.0,288.0,290.0,31203,0.0,0.0
2025-08-27 01:55:00+00:00,290.0,290.0,287.5,288.0,9137,0.0,0.0
2025-08-27 02:00:00+00:00,288.5,290.0,286.5,288.0,28165,0.0,0.0
2025-08-27 02:05:00+00:00,288.0,288.0,287.0,288.0,16185,0.0,0.0
2025-08-27 02:10:00+00:00,287.5,289.5,286.0,287.0,20255,0.0,0.0
2025-08-27 02:15:00+00:00,287.0,287.0,287.0,287.0,8065,0.0,0.0
2025-08-27 02:20:00+00:00,286.5,289.0,286.5,286.5,15148,0.0,0.0
2025-08-27 02:25:00+00:00,287.0,287.5,286.5,287.0,9027,0.0,0.0
2025-08-27 02:30:00+00:00,287.0,289.5,287.0,289.0,13257,0.0,0.0
2025-08-27 02:35:00+00:00,289.5,292.5,289.5,292.0,57003,0.0,0.0
2025-08-27 02:40:00+00:00,292.5,294.5,292.5,293.0,26237,0.0,0.0
2025-08-27 02:45:00+00:00,293.0,295.0,292.5,294.5,42332,0.0,0.0
2025-08-27 02:50:00+00:00,295.0,295.0,292.0,294.0,21617,0.0,0.0
2025-08-27 02:55:00+00:00,294.0,294.0,292.5,292.5,7208,0.0,0.0
2025-08-27 03:00:00+00:00,292.0,294.0,291.0,294.0,27230,0.0,0.0
2025-08-27 03:05:00+00:00,294.0,295.5,294.0,294.0,30688,0.0,0.0
2025-08-27 03:10:00+00:00,294.0,298.0,293.5,298.0,59725,0.0,0.0
2025-08-27 03:15:00+00:00,298.0,298.5,295.0,295.0,15223,0.0,0.0
2025-08-27 03:20:00+00:00,296.0,296.0,295.0,295.5,5084,0.0,0.0
2025-08-27 03:25:00+00:00,295.0,295.0,295.0,295.0,8352,0.0,0.0
2025-08-27 03:30:00+00:00,296.0,296.0,295.5,295.5,4067,0.0,0.0
2025-08-27 03:35:00+00:00,295.0,296.0,295.0,295.5,5125,0.0,0.0
2025-08-27 03:40:00+00:00,296.5,296.5,295.0,295.0,5130,0.0,0.0
2025-08-27 03:45:00+00:00,295.0,295.0,293.5,293.5,10010,0.0,0.0
2025-08-27 03:50:00+00:00,294.0,294.0,292.5,293.0,8440,0.0,0.0
2025-08-27 03:55:00+00:00,293.0,293.0,293.0,293.0,5002,0.0,0.0
2025-08-27 04:00:00+00:00,293.0,293.5,293.0,293.5,8049,0.0,0.0
2025-08-27 04:05:00+00:00,293.0,293.0,293.0,293.0,6005,0.0,0.0
2025-08-27 04:10:00+00:00,293.0,293.0,293.0,293.0,3135,0.0,0.0
2025-08-27 04:15:00+00:00,293.0,293.0,293.0,293.0,3196,0.0,0.0
2025-08-27 04:20:00+00:00,293.0,293.0,291.5,291.5,6378,0.0,0.0
2025-08-27 04:25:00+00:00,291.0,291.0,290.0,290.5,17172,0.0,0.0
2025-08-27 04:30:00+00:00,291.0,291.5,291.0,291.5,3155,0.0,0.0
2025-08-27 04:35:00+00:00,291.5,294.0,291.5,293.5,11222,0.0,0.0
2025-08-27 04:40:00+00:00,293.5,293.5,293.5,293.5,3363,0.0,0.0
2025-08-27 04:45:00+00:00,293.5,293.5,293.0,293.0,4149,0.0,0.0
2025-08-27 04:50:00+00:00,293.0,293.0,291.5,291.5,5012,0.0,0.0
2025-08-27 04:55:00+00:00,291.5,291.5,291.5,291.5,1324,0.0,0.0
2025-08-27 05:00:00+00:00,292.0,292.0,292.0,292.0,1060,0.0,0.0
2025-08-27 05:05:00+00:00,292.5,292.5,292.0,292.0,6055,0.0,0.0
2025-08-27 05:10:00+00:00,294.0,294.5,294.0,294.5,4020,0.0,0.0
2025-08-27 05:15:00+00:00,294.5,298.5,294.5,298.5,34694,0.0,0.0
2025-08-27 05:20:00+00:00,298.5,301.0,297.5,301.0,140753,0.0,0.0
2025-08-28 01:00:00+00:00,294.5,297.0,292.0,293.5,0,0.0,0.0
2025-08-28 01:05:00+00:00,293.5,296.0,291.0,291.0,54469,0.0,0.0
2025-08-28 01:10:00+00:00,290.0,292.5,290.0,292.5,33054,0.0,0.0
2025-08-28 01:15:00+00:00,292.0,293.5,291.5,291.5,43446,0.0,0.0
2025-08-28 01:20:00+00:00,291.0,291.0,286.0,286.0,77068,0.0,0.0
2025-08-28 01:25:00+00:00,286.0,288.0,284.5,288.0,47784,0.0,0.0
2025-08-28 01:30:00+00:00,290.0,290.0,288.5,288.5,10892,0.0,0.0
2025-08-28 01:35:00+00:00,289.5,290.0,288.0,288.5,9066,0.0,0.0
2025-08-28 01:40:00+00:00,288.0,288.0,287.5,287.5,3918,0.0,0.0
2025-08-28 01:45:00+00:00,287.5,290.0,286.5,290.0,6181,0.0,0.0
2025-08-28 01:50:00+00:00,290.5,290.5,289.0,289.0,7001,0.0,0.0
2025-08-28 01:55:00+00:00,289.0,289.0,287.0,287.0,13401,0.0,0.0
2025-08-28 02:00:00+00:00,288.5,289.5,288.5,289.0,4110,0.0,0.0
2025-08-28 02:05:00+00:00,290.5,292.0,290.5,292.0,7078,0.0,0.0
2025-08-28 02:10:00+00:00,292.0,292.5,291.5,292.0,23020,0.0,0.0
2025-08-28 02:15:00+00:00,293.0,295.0,293.0,293.5,22239,0.0,0.0
2025-08-28 02:20:00+00:00,293.5,293.5,293.5,293.5,2290,0.0,0.0
2025-08-28 02:25:00+00:00,292.5,292.5,292.5,292.5,2000,0.0,0.0
2025-08-28 02:30:00+00:00,292.5,295.5,292.5,294.0,15400,0.0,0.0
2025-08-28 02:35:00+00:00,294.0,295.5,293.5,295.5,9030,0.0,0.0
2025-08-28 02:40:00+00:00,295.5,298.0,295.0,297.5,23005,0.0,0.0
2025-08-28 02:45:00+00:00,298.0,298.0,297.0,298.0,13161,0.0,0.0
2025-08-28 02:50:00+00:00,298.0,301.5,298.0,298.5,29618,0.0,0.0
2025-08-28 02:55:00+00:00,298.0,298.0,296.5,296.5,11536,0.0,0.0
2025-08-28 03:00:00+00:00,297.0,297.0,295.0,295.0,7472,0.0,0.0
2025-08-28 03:05:00+00:00,296.5,298.0,296.5,298.0,13000,0.0,0.0
2025-08-28 03:10:00+00:00,299.5,300.0,299.5,300.0,9150,0.0,0.0
2025-08-28 03:15:00+00:00,300.0,301.5,300.0,301.5,9016,0.0,0.0
2025-08-28 03:20:00+00:00,301.5,301.5,300.0,301.0,17092,0.0,0.0
2025-08-28 03:25:00+00:00,301.0,308.0,301.0,305.0,48720,0.0,0.0
2025-08-28 03:30:00+00:00,306.0,308.5,305.0,307.0,30701,0.0,0.0
2025-08-28 03:35:00+00:00,307.5,308.0,306.5,307.0,11223,0.0,0.0
2025-08-28 03:40:00+00:00,307.0,311.5,306.0,310.0,47660,0.0,0.0
2025-08-28 03:45:00+00:00,310.0,312.0,306.0,306.0,19286,0.0,0.0
2025-08-28 03:50:00+00:00,306.0,307.0,306.0,307.0,3100,0.0,0.0
2025-08-28 03:55:00+00:00,308.5,309.0,307.0,309.0,14639,0.0,0.0
2025-08-28 04:00:00+00:00,309.0,309.0,305.5,305.5,24604,0.0,0.0
2025-08-28 04:05:00+00:00,305.5,306.5,303.0,304.0,28628,0.0,0.0
2025-08-28 04:10:00+00:00,304.0,306.5,303.0,306.5,14423,0.0,0.0
2025-08-28 04:15:00+00:00,306.5,306.5,305.0,306.0,4444,0.0,0.0
2025-08-28 04:20:00+00:00,305.0,306.5,305.0,306.5,6210,0.0,0.0
2025-08-28 04:25:00+00:00,307.0,307.0,307.0,307.0,6016,0.0,0.0
2025-08-28 04:30:00+00:00,307.0,307.0,306.5,306.5,7156,0.0,0.0
2025-08-28 04:35:00+00:00,308.0,308.5,308.0,308.5,6239,0.0,0.0
2025-08-28 04:40:00+00:00,308.5,319.0,308.5,319.0,88006,0.0,0.0
2025-08-28 04:45:00+00:00,317.0,318.0,315.5,315.5,39740,0.0,0.0
2025-08-28 04:50:00+00:00,316.5,324.0,316.5,322.0,105844,0.0,0.0
2025-08-28 04:55:00+00:00,323.0,325.5,321.5,322.0,67418,0.0,0.0
2025-08-28 05:00:00+00:00,323.0,326.0,321.5,326.0,63980,0.0,0.0
2025-08-28 05:05:00+00:00,326.0,326.0,323.0,323.0,31918,0.0,0.0
2025-08-28 05:10:00+00:00,323.0,325.5,323.0,324.5,24315,0.0,0.0
2025-08-28 05:15:00+00:00,325.0,326.5,324.5,324.5,30008,0.0,0.0
2025-08-28 05:20:00+00:00,324.5,326.0,324.5,326.0,40574,0.0,0.0
2025-08-28 05:25:00+00:00,326.0,326.0,326.0,326.0,0,0.0,0.0
2025-08-29 01:00:00+00:00,342.0,344.5,331.0,336.0,0,0.0,0.0
2025-08-29 01:05:00+00:00,335.5,335.5,325.0,326.5,102000,0.0,0.0
2025-08-29 01:10:00+00:00,326.5,327.0,320.0,325.5,111509,0.0,0.0
2025-08-29 01:15:00+00:00,325.0,331.0,325.0,329.0,72885,0.0,0.0
2025-08-29 01:20:00+00:00,329.0,332.5,329.0,332.5,43619,0.0,0.0
2025-08-29 01:25:00+00:00,334.0,337.0,332.0,335.0,91214,0.0,0.0
2025-08-29 01:30:00+00:00,334.0,337.0,329.5,336.5,31289,0.0,0.0
2025-08-29 01:35:00+00:00,336.5,337.0,332.0,332.0,24160,0.0,0.0
2025-08-29 01:40:00+00:00,331.0,333.0,330.5,333.0,10059,0.0,0.0
2025-08-29 01:45:00+00:00,332.5,332.5,331.0,331.0,12360,0.0,0.0
2025-08-29 01:50:00+00:00,330.5,331.0,329.5,330.0,28875,0.0,0.0
2025-08-29 01:55:00+00:00,332.0,332.0,331.0,331.5,4328,0.0,0.0
2025-08-29 02:00:00+00:00,331.5,331.5,328.0,328.0,28349,0.0,0.0
2025-08-29 02:05:00+00:00,328.0,332.0,327.5,332.0,18817,0.0,0.0
2025-08-29 02:10:00+00:00,333.0,333.0,329.0,329.0,10827,0.0,0.0
2025-08-29 02:15:00+00:00,330.0,335.0,330.0,335.0,12117,0.0,0.0
2025-08-29 02:20:00+00:00,335.0,335.5,333.5,333.5,8073,0.0,0.0
2025-08-29 02:25:00+00:00,332.0,332.0,330.0,330.0,8254,0.0,0.0
2025-08-29 02:30:00+00:00,330.0,330.0,330.0,330.0,3292,0.0,0.0
2025-08-29 02:40:00+00:00,331.0,331.5,330.0,330.0,8220,0.0,0.0
2025-08-29 02:45:00+00:00,330.5,330.5,325.5,325.5,30212,0.0,0.0
2025-08-29 02:50:00+00:00,325.0,327.5,323.0,327.5,22219,0.0,0.0
2025-08-29 02:55:00+00:00,327.5,327.5,326.5,326.5,4238,0.0,0.0
2025-08-29 03:00:00+00:00,327.0,327.0,327.0,327.0,1380,0.0,0.0
2025-08-29 03:05:00+00:00,328.5,328.5,328.0,328.0,3030,0.0,0.0
2025-08-29 03:10:00+00:00,328.0,328.0,328.0,328.0,2050,0.0,0.0
2025-08-29 03:15:00+00:00,328.0,328.0,325.0,325.0,20346,0.0,0.0
2025-08-29 03:20:00+00:00,325.0,329.5,325.0,327.5,19363,0.0,0.0
2025-08-29 03:25:00+00:00,327.5,327.5,325.5,325.5,5180,0.0,0.0
2025-08-29 03:30:00+00:00,326.5,327.0,326.5,327.0,2050,0.0,0.0
2025-08-29 03:35:00+00:00,328.0,328.5,328.0,328.0,4165,0.0,0.0
2025-08-29 03:40:00+00:00,327.5,327.5,327.0,327.5,4161,0.0,0.0
2025-08-29 03:45:00+00:00,328.0,328.0,328.0,328.0,1000,0.0,0.0
2025-08-29 03:50:00+00:00,328.0,328.0,328.0,328.0,1000,0.0,0.0
2025-08-29 03:55:00+00:00,328.5,329.0,328.5,329.0,7606,0.0,0.0
2025-08-29 04:00:00+00:00,329.0,329.0,328.0,328.0,7000,0.0,0.0
2025-08-29 04:05:00+00:00,328.0,329.0,328.0,329.0,3111,0.0,0.0
2025-08-29 04:10:00+00:00,328.0,328.0,326.0,326.0,12100,0.0,0.0
2025-08-29 04:15:00+00:00,326.0,326.0,324.5,325.0,15855,0.0,0.0
2025-08-29 04:20:00+00:00,326.0,326.5,326.0,326.5,4172,0.0,0.0
2025-08-29 04:25:00+00:00,326.5,326.5,325.5,325.5,6020,0.0,0.0
2025-08-29 04:30:00+00:00,325.0,325.0,322.0,322.0,20558,0.0,0.0
2025-08-29 04:35:00+00:00,321.5,326.0,321.0,326.0,10025,0.0,0.0
2025-08-29 04:40:00+00:00,326.5,326.5,326.0,326.0,2345,0.0,0.0
2025-08-29 04:45:00+00:00,325.0,326.0,325.0,326.0,7061,0.0,0.0
2025-08-29 04:50:00+00:00,326.5,327.5,326.5,327.5,6062,0.0,0.0
2025-08-29 04:55:00+00:00,327.5,330.0,327.5,330.0,12285,0.0,0.0
2025-08-29 05:00:00+00:00,329.0,329.0,327.5,327.5,11159,0.0,0.0
2025-08-29 05:05:00+00:00,327.5,328.0,327.0,328.0,9420,0.0,0.0
2025-08-29 05:10:00+00:00,328.0,328.5,327.0,327.0,11138,0.0,0.0
2025-08-29 05:15:00+00:00,327.5,327.5,326.0,326.0,11161,0.0,0.0
2025-08-29 05:20:00+00:00,325.5,327.5,325.5,327.0,33392,0.0,0.0
2025-09-01 01:00:00+00:00,315.0,315.0,310.0,313.0,0,0.0,0.0
2025-09-01 01:05:00+00:00,312.0,313.5,301.0,304.5,114379,0.0,0.0
2025-09-01 01:10:00+00:00,304.5,306.0,301.0,302.0,60460,0.0,0.0
2025-09-01 01:15:00+00:00,301.5,304.5,301.0,303.0,33401,0.0,0.0
2025-09-01 01:20:00+00:00,303.0,309.0,303.0,309.0,14319,0.0,0.0
2025-09-01 01:25:00+00:00,307.5,310.0,306.5,307.5,26052,0.0,0.0
2025-09-01 01:30:00+00:00,308.0,308.5,306.5,306.5,7278,0.0,0.0
2025-09-01 01:35:00+00:00,306.5,308.0,306.5,306.5,8225,0.0,0.0
2025-09-01 01:40:00+00:00,306.5,310.0,306.5,310.0,11113,0.0,0.0
2025-09-01 01:45:00+00:00,310.0,310.0,305.0,305.0,32707,0.0,0.0
2025-09-01 01:50:00+00:00,305.0,305.0,300.5,301.0,46524,0.0,0.0
2025-09-01 01:55:00+00:00,301.5,302.0,300.0,301.5,25430,0.0,0.0
2025-09-01 02:00:00+00:00,302.0,302.5,302.0,302.0,10151,0.0,0.0
2025-09-01 02:05:00+00:00,302.0,302.0,300.0,300.0,15345,0.0,0.0
2025-09-01 02:10:00+00:00,299.5,299.5,296.0,296.5,42904,0.0,0.0
2025-09-01 02:15:00+00:00,296.5,296.5,294.0,294.5,73667,0.0,0.0
2025-09-01 02:20:00+00:00,294.0,296.0,293.5,294.0,29515,0.0,0.0
2025-09-01 02:25:00+00:00,294.0,295.0,293.5,294.0,13255,0.0,0.0
2025-09-01 02:30:00+00:00,294.0,294.5,294.0,294.5,5200,0.0,0.0
2025-09-01 02:35:00+00:00,294.5,294.5,294.5,294.5,2817,0.0,0.0
2025-09-01 02:40:00+00:00,294.5,296.5,294.5,295.0,6052,0.0,0.0
2025-09-01 02:45:00+00:00,295.0,295.0,295.0,295.0,1228,0.0,0.0
2025-09-01 02:50:00+00:00,294.5,294.5,293.5,293.5,63597,0.0,0.0
2025-09-01 02:55:00+00:00,293.5,293.5,293.5,293.5,4117,0.0,0.0
2025-09-01 03:00:00+00:00,293.5,293.5,293.5,293.5,1078,0.0,0.0
2025-09-01 03:05:00+00:00,293.5,293.5,293.5,293.5,5001,0.0,0.0
2025-09-01 03:10:00+00:00,293.5,293.5,293.5,293.5,5000,0.0,0.0
2025-09-01 03:15:00+00:00,293.5,293.5,293.5,293.5,15005,0.0,0.0
2025-09-01 03:20:00+00:00,293.5,293.5,293.5,293.5,12000,0.0,0.0
2025-09-01 03:25:00+00:00,293.5,294.0,293.5,294.0,27000,0.0,0.0
2025-09-01 03:30:00+00:00,295.0,295.0,295.0,295.0,2105,0.0,0.0
2025-09-01 03:40:00+00:00,295.0,295.0,294.0,294.0,10000,0.0,0.0
2025-09-01 03:45:00+00:00,294.0,295.0,294.0,295.0,2003,0.0,0.0
2025-09-01 03:50:00+00:00,293.5,293.5,293.5,293.5,13160,0.0,0.0
2025-09-01 03:55:00+00:00,295.0,295.0,294.0,294.0,2400,0.0,0.0
2025-09-01 04:00:00+00:00,293.5,293.5,293.5,293.5,4535,0.0,0.0
2025-09-01 04:05:00+00:00,293.5,293.5,293.5,293.5,1087,0.0,0.0
2025-09-01 04:10:00+00:00,294.5,294.5,294.0,294.5,3013,0.0,0.0
2025-09-01 04:15:00+00:00,294.0,294.0,294.0,294.0,2105,0.0,0.0
2025-09-01 04:20:00+00:00,294.0,294.0,293.5,293.5,6400,0.0,0.0
2025-09-01 04:25:00+00:00,294.0,294.0,293.5,293.5,4000,0.0,0.0
2025-09-01 04:30:00+00:00,293.5,293.5,293.5,293.5,5192,0.0,0.0
2025-09-01 04:35:00+00:00,293.5,293.5,293.5,293.5,2305,0.0,0.0
2025-09-01 04:40:00+00:00,293.5,293.5,293.5,293.5,5043,0.0,0.0
2025-09-01 04:45:00+00:00,293.5,293.5,293.5,293.5,8130,0.0,0.0
2025-09-01 04:50:00+00:00,294.0,294.0,294.0,294.0,2092,0.0,0.0
2025-09-01 04:55:00+00:00,293.5,293.5,293.5,293.5,4000,0.0,0.0
2025-09-01 05:00:00+00:00,294.0,294.0,294.0,294.0,3307,0.0,0.0
2025-09-01 05:05:00+00:00,293.5,294.0,293.5,293.5,8263,0.0,0.0
2025-09-01 05:10:00+00:00,293.5,293.5,293.5,293.5,1337,0.0,0.0
2025-09-01 05:15:00+00:00,293.5,294.0,293.5,294.0,5223,0.0,0.0
2025-09-01 05:20:00+00:00,294.0,294.0,294.0,294.0,2452,0.0,0.0
2025-09-02 01:00:00+00:00,297.0,297.0,293.0,295.0,0,0.0,0.0
2025-09-02 01:05:00+00:00,296.0,297.0,294.5,294.5,14000,0.0,0.0
2025-09-02 01:10:00+00:00,294.0,294.0,290.0,290.0,26411,0.0,0.0
2025-09-02 01:15:00+00:00,292.0,293.0,291.0,291.0,9191,0.0,0.0
2025-09-02 01:20:00+00:00,291.0,291.5,290.0,290.0,15051,0.0,0.0
2025-09-02 01:25:00+00:00,290.0,290.0,283.0,288.0,65333,0.0,0.0
2025-09-02 01:30:00+00:00,287.0,291.5,287.0,289.0,23487,0.0,0.0
2025-09-02 01:40:00+00:00,289.5,289.5,286.0,287.0,19685,0.0,0.0
2025-09-02 01:45:00+00:00,285.5,287.0,285.5,286.0,6185,0.0,0.0
2025-09-02 01:50:00+00:00,286.0,286.0,283.0,283.5,29872,0.0,0.0
2025-09-02 01:55:00+00:00,283.5,285.5,283.0,285.5,13580,0.0,0.0
2025-09-02 02:00:00+00:00,287.0,288.0,287.0,287.5,5312,0.0,0.0
2025-09-02 02:05:00+00:00,289.0,289.0,289.0,289.0,1000,0.0,0.0
2025-09-02 02:10:00+00:00,288.0,289.5,287.5,289.5,7030,0.0,0.0
2025-09-02 02:15:00+00:00,289.5,289.5,289.5,289.5,1303,0.0,0.0
2025-09-02 02:20:00+00:00,286.5,286.5,286.5,286.5,2000,0.0,0.0
2025-09-02 02:25:00+00:00,286.5,286.5,286.0,286.0,4000,0.0,0.0
2025-09-02 02:30:00+00:00,286.5,286.5,284.0,286.0,9227,0.0,0.0
2025-09-02 02:35:00+00:00,286.0,286.0,286.0,286.0,5191,0.0,0.0
2025-09-02 02:40:00+00:00,285.0,285.0,282.0,283.0,25525,0.0,0.0
2025-09-02 02:45:00+00:00,283.5,284.0,281.5,281.5,22199,0.0,0.0
2025-09-02 02:50:00+00:00,281.5,281.5,280.0,281.0,42281,0.0,0.0
2025-09-02 02:55:00+00:00,281.0,281.0,280.0,280.0,21240,0.0,0.0
2025-09-02 03:00:00+00:00,280.0,280.0,280.0,280.0,3069,0.0,0.0
2025-09-02 03:05:00+00:00,279.5,279.5,277.5,279.0,17407,0.0,0.0
2025-09-02 03:10:00+00:00,279.0,279.0,279.0,279.0,1181,0.0,0.0
2025-09-02 03:15:00+00:00,278.5,280.0,277.5,280.0,7066,0.0,0.0
2025-09-02 03:20:00+00:00,279.5,279.5,279.5,279.5,1489,0.0,0.0
2025-09-02 03:25:00+00:00,279.5,279.5,279.5,279.5,1128,0.0,0.0
2025-09-02 03:30:00+00:00,280.5,281.0,280.5,281.0,2030,0.0,0.0
2025-09-02 03:35:00+00:00,281.0,281.5,281.0,281.5,5312,0.0,0.0
2025-09-02 03:40:00+00:00,282.0,286.0,282.0,285.5,19143,0.0,0.0
2025-09-02 03:45:00+00:00,286.0,286.0,284.5,284.5,4272,0.0,0.0
2025-09-02 03:50:00+00:00,284.5,284.5,284.5,284.5,3051,0.0,0.0
2025-09-02 03:55:00+00:00,284.5,284.5,284.5,284.5,2000,0.0,0.0
2025-09-02 04:00:00+00:00,285.5,285.5,284.5,285.0,4041,0.0,0.0
2025-09-02 04:05:00+00:00,284.5,284.5,284.5,284.5,6045,0.0,0.0
2025-09-02 04:10:00+00:00,283.5,283.5,283.5,283.5,1105,0.0,0.0
2025-09-02 04:15:00+00:00,282.0,282.0,282.0,282.0,2000,0.0,0.0
2025-09-02 04:20:00+00:00,283.0,283.5,283.0,283.5,7049,0.0,0.0
2025-09-02 04:30:00+00:00,283.5,283.5,283.5,283.5,3050,0.0,0.0
2025-09-02 04:35:00+00:00,283.5,283.5,283.5,283.5,1015,0.0,0.0
2025-09-02 04:40:00+00:00,282.5,284.0,282.5,284.0,4027,0.0,0.0
2025-09-02 04:45:00+00:00,284.5,284.5,284.5,284.5,3049,0.0,0.0
2025-09-02 04:50:00+00:00,284.0,284.0,284.0,284.0,3137,0.0,0.0
2025-09-02 04:55:00+00:00,282.5,282.5,282.0,282.0,10168,0.0,0.0
2025-09-02 05:00:00+00:00,282.0,282.0,282.0,282.0,4014,0.0,0.0
2025-09-02 05:05:00+00:00,282.5,283.0,282.5,283.0,6740,0.0,0.0
2025-09-02 05:10:00+00:00,282.5,282.5,281.5,281.5,8158,0.0,0.0
2025-09-02 05:15:00+00:00,281.5,281.5,280.5,280.5,6693,0.0,0.0
2025-09-02 05:20:00+00:00,280.5,280.5,280.0,280.5,11240,0.0,0.0
